id,origin,title,authors,kind,category_ids,availability,local_path,source_url,pages,sha256,note,review_status
personal-270,personal_library,Quantum Computation and Quantum Information,Michael A. Nielsen; Isaac L. Chuang,book,L01,local_file,"/home/vasek/zalohovano/knizky/informatika/quantum computing/Michael A. Nielsen, Isaac L. Chuang  - Quantum Computation and Quantum Information_ 10th Anniversary Edition-Cambridge University Press  (2011).pdf",,710,1970b0e0b311b48b4fe8d74f53a887dbdf49bc61aa27d4a2839c39b6f30fb334,10th Anniversary Edition; široký základ kvantových výpočtů a informace.,bibliographic_discovery_only
personal-274,personal_library,Quantum Computing since Democritus,Scott Aaronson,book,"L01,L03",local_file,/home/vasek/zalohovano/knizky/informatika/quantum computing/Aaronson S.-Quantum Computing since Democritus-Cambridge University Press (2013).pdf,,400,5b3a54c4e1c6beec51a31aa245d65302fa8d88b39558ade524d285277e250d22,Kvantové výpočty propojené se složitostí a vyčíslitelností.,bibliographic_discovery_only
personal-275,personal_library,Quantum Computing: Lecture Notes,Ronald de Wolf,lecture_notes,L01,local_file,/home/vasek/zalohovano/knizky/informatika/quantum computing/wolf - quantum computing.pdf,,163,950456232a16c1233382d2480dfe64b6776982cca3c3d47a45600be7b482370f,Algoritmy a složitost kvantových výpočtů.,bibliographic_discovery_only
personal-48,personal_library,Computational Geometry,David M. Mount,lecture_notes,L02,local_file,/home/vasek/zalohovano/knizky/informatika/geometry/computational geometry.pdf,,122,4b03722e66b46eb6264ded9395d89c4bcc462972a91a22402bb35337735d31be,"Soubor je kurz CMSC 754 z roku 2002, nikoli kniha de Berga a spoluautorů.",bibliographic_discovery_only
personal-10,personal_library,The Discrepancy Method: Randomness and Complexity,Bernard Chazelle,book,"L02,S04",local_file,/home/vasek/zalohovano/knizky/informatika/algorithms/Bernard Chazelle - The Discrepancy Method (2002).pdf,,491,fb61125458d070cd169a18d79e2ec830c7912470b670625d2c57c0f5a1c87a0f,"Discrepancy a geometrické algoritmy; identita ověřena z titulní stránky, textová vrstva má chybné kódování.",bibliographic_discovery_only
personal-107,personal_library,Using the Borsuk–Ulam Theorem,Jiří Matoušek,book,"L02,S23",local_file,/home/vasek/zalohovano/knizky/math/algebra/topology/Using the Borsuk-Ulam theorem.pdf,,221,1962304f40076d4a9e73dc9a34423bf5f6321fae5c897674780eb3bd006e0ef9,Topologické metody v kombinatorice a geometrii.,bibliographic_discovery_only
personal-21,personal_library,Computational Complexity,Christos H. Papadimitriou,book,L03,local_file,/home/vasek/zalohovano/knizky/informatika/complexity/Christos H. Papadimitriou-Computational Complexity-Addison-Wesley (1994).djvu,,540,e89431c4ab8fed0e1dfa9f89268175d1f7bf024ca7985f615f0f9d0051646e1e,"Samostatná učebnice složitosti, odlišná od Arora–Barak.",bibliographic_discovery_only
personal-25,personal_library,Computational Complexity: A Conceptual Perspective,Oded Goldreich,book,L03,local_file,/home/vasek/zalohovano/knizky/informatika/complexity/Oded Goldreich - Computational complexity_ A conceptual perspective-Cambridge University Press (2008).pdf,,632,11e73e2d83216b2c2a19af169cc0270c58d2a0cc284fa3976cbd0fc6bbb17ec7,Další systematická učebnice složitosti.,bibliographic_discovery_only
personal-26,personal_library,The Nature of Computation,Cristopher Moore; Stephan Mertens,book,"L03,S24",local_file,/home/vasek/zalohovano/knizky/informatika/complexity/moore.pdf,,1001,005da37659b5a7c2cd80eb1df249c9083edfe617bc5cb08ae5c9220ff5cc4ed3,Soubor moore.pdf obsahuje rozsáhlou knihu; identita ověřena na titulní stránce skenu.,bibliographic_discovery_only
personal-20,personal_library,Computers and Intractability: A Guide to the Theory of NP-Completeness,Michael R. Garey; David S. Johnson,book,"L03,S02",local_file,"/home/vasek/zalohovano/knizky/informatika/complexity/M. R. Garey, D. S. Johnson-Computers and Intractability_ A Guide to the Theory of NP-Completeness.djvu",,347,1e868acd2a04c1a94eec57dd2cff496d06752e918505c769eea3450e55cda950,Redukce a klasické NP-úplné problémy.,bibliographic_discovery_only
personal-23,personal_library,Gems of Theoretical Computer Science,Uwe Schöning; Randall Pruim,book,"L03,S25",local_file,"/home/vasek/zalohovano/knizky/informatika/complexity/Uwe Schoning, Randall J. Pruim - Gems of Theoretical Computer Science-Springer (1998).pdf",,327,a4166d8948dd8f85863d45c70d92e7b26f8adf44f9730a7fab8be73a739f8247,Přehled základních výsledků; uložená autorská verze z roku 1998.,bibliographic_discovery_only
personal-17,personal_library,"Games, Puzzles, and Computation",Robert A. Hearn; Erik D. Demaine,book,"S25,L03",local_file,"/home/vasek/zalohovano/knizky/informatika/complexity/Robert A. Hearn, Erik D. Demaine - Games, Puzzles, and Computation-A K Peters (2009).pdf",,226,a78cdca2563220df540c9ee87fa047fc8dd429a30fd859ff226df832bbf380c7,"Výpočetní složitost her, hlavolamů a rekonfigurace.",bibliographic_discovery_only
personal-7,personal_library,Introduction to Algorithms,Thomas H. Cormen; Charles E. Leiserson; Ronald L. Rivest; Clifford Stein,book,L04,local_file,/home/vasek/zalohovano/knizky/informatika/algorithms/Introduction.to.Algorithms.pdf,,1203,68fb80419da589c52f32fb5e75e88baaa89383452d5767542f149085c96c0033,Lokální soubor obsahuje druhé vydání.,bibliographic_discovery_only
personal-11,personal_library,Algorithm Design,Jon Kleinberg; Éva Tardos,book,L04,local_file,"/home/vasek/zalohovano/knizky/informatika/algorithms/Jon Kleinberg, Éva Tardos-Algorithm Design-Addison Wesley (2005).pdf",,863,b9d6f1fd08560f06ec8653375a5866dbe1ba971d780dfecd1a0211fb2f66deab,Široká učebnice návrhu algoritmů; sken bez textové vrstvy.,bibliographic_discovery_only
personal-8,personal_library,Algorithms,Sanjoy Dasgupta; Christos H. Papadimitriou; Umesh V. Vazirani,book,L04,local_file,"/home/vasek/zalohovano/knizky/informatika/algorithms/dasgupta, papadimitriou, vazirani - algorithms.pdf",,318,70694244ef7ace531e8e5d31ba83c7aa57e5c298eb9f14de5ba5fcafc4cc060c,Autorská verze z července 2006.,bibliographic_discovery_only
personal-5,personal_library,Algorithms,Jeff Erickson,lecture_notes,L04,local_file,/home/vasek/zalohovano/knizky/informatika/algorithms/2cultures.pdf,,514,c300f151dae5d923acf2b4d5556b9b6ef425f85d3c529cc905d4513a1c3b233f,Pod názvem 2cultures.pdf jsou rozsáhlá skripta z ledna 2015.,bibliographic_discovery_only
personal-6,personal_library,The Design and Analysis of Algorithms,Dexter C. Kozen,book,L04,local_file,"/home/vasek/zalohovano/knizky/informatika/algorithms/[Texts and Monographs in Computer Science] Dexter C. Kozen - The Design and Analysis of Algorithms (1992, Springer).djvu",,332,4cda2bf82815dec5e9662445511a96536538711db48f1fb3f0ee9b1f907879c7,Další systematická učebnice algoritmů.,bibliographic_discovery_only
personal-3,personal_library,Průvodce labyrintem algoritmů,Martin Mareš; Tomáš Valla,book,L04,local_file,/home/vasek/zalohovano/knizky/informatika/algorithms/průvodce labyrintem algoritmů.pdf,,490,22020f22aff78b247d0d46753735c9c6c13c4f0c24b9162195b8513cf6deb2b8,"Česká učebnice, první vydání 2017.",bibliographic_discovery_only
personal-16,personal_library,Krajinou grafových algoritmů,Martin Mareš,lecture_notes,"L04,S12",local_file,/home/vasek/zalohovano/knizky/informatika/graphs/krajinou grafových algoritmů.pdf,,107,a9f28ee9984688ea7476442dafb09c8689d50a339acb24b1ce8ba3071730e794,"Česká skripta ke grafovým algoritmům, pracovní verze 2015.",bibliographic_discovery_only
personal-41,personal_library,"The Art of Computer Programming, Volume 1: Fundamental Algorithms",Donald E. Knuth,book,L04,local_file,/home/vasek/zalohovano/knizky/informatika/Donald.E.Knuth/Donald E. Knuth - The art of computer programming I-Addison-Wesley Professional (1997).djvu,,665,e2c5ee120bad91e33f617614b846849c4801115b2e7aa820f56fc5ffb9bbebb9,Třetí vydání; jednotlivé svazky TAOCP evidujeme samostatně.,bibliographic_discovery_only
personal-37,personal_library,"The Art of Computer Programming, Volume 2: Seminumerical Algorithms",Donald E. Knuth,book,"L04,S08",local_file,/home/vasek/zalohovano/knizky/informatika/Donald.E.Knuth/Donald E. Knuth - The art of computer programming II-Addison-Wesley Professional (1997).djvu,,774,97f20229e4e06ef20e67ad30c7564dde1943611259a7fe72f2551c900b910cd1,Třetí vydání; aritmetika a generování náhodných čísel.,bibliographic_discovery_only
personal-46,personal_library,"The Art of Computer Programming, Volume 3: Sorting and Searching",Donald E. Knuth,book,L04,local_file,/home/vasek/zalohovano/knizky/informatika/Donald.E.Knuth/Donald E. Knuth - The art of computer programming III-Addison-Wesley Professional (1998).djvu,,791,8884b2d37faae253a03a2412d4e7bc71a1f557ba4439fe15b8a2c3d27a8e0ee2,Druhé vydání; řazení a vyhledávání.,bibliographic_discovery_only
personal-38,personal_library,"The Art of Computer Programming, Volume 4A: Combinatorial Algorithms, Part 1",Donald E. Knuth,book,"S13,L04",local_file,"/home/vasek/zalohovano/knizky/informatika/Donald.E.Knuth/Donald Ervin Knuth  - The art of computer programming. Volume 4A, Combinatorial algorithms, Part 1-Addison-Wesley (2011).djvu",,901,a523f1063cc6b7fa06af8ad398088066bd786458871910b2484661daa557a183,Kombinatorické generování a algoritmy; svazek 4A.,bibliographic_discovery_only
personal-42,personal_library,Mathematics for the Analysis of Algorithms,Daniel H. Greene; Donald E. Knuth,book,"L04,S13",local_file,"/home/vasek/zalohovano/knizky/informatika/Donald.E.Knuth/(Progress in computer science and applied logic 1) Daniel H. Greene, Donald E. Knuth - Mathematics for the analysis of algorithms-Birkhäuser (1990).djvu",,139,f94d0a56126e9bb34ffb1f2812d0699e70da840c24d70b86b1b017bbcb4f4bbd,Třetí vydání 1990; matematické metody analýzy algoritmů.,bibliographic_discovery_only
personal-45,personal_library,Concrete Mathematics,Ronald L. Graham; Donald E. Knuth; Oren Patashnik,book,"S13,L04",local_file,/home/vasek/zalohovano/knizky/informatika/Donald.E.Knuth/Addison Wesley - Knuth - Concrete Mathematics.pdf,,640,a215de46a33bbdcd699c7ef9100f476624ab2c5b85028c68daf98ccfe6a25acd,Diskrétní matematické nástroje pro analýzu algoritmů a počítání.,bibliographic_discovery_only
personal-0,personal_library,The Nature of Statistical Learning Theory,Vladimir N. Vapnik,book,L05,local_file,/home/vasek/zalohovano/knizky/podivat_se/(Statistics for Engineering and Information Science) Vladimir N. Vapnik - The Nature of Statistical Learning Theory-Springer (2000).djvu,,332,b9f1f122e3a147e5d0f269e860a0a750c10bcbf644bcdd9faa79891e6712c234,Druhé vydání; základ statistické teorie učení.,bibliographic_discovery_only
personal-239,personal_library,Pattern Recognition and Machine Learning,Christopher M. Bishop,book,L05,local_file,/home/vasek/zalohovano/knizky/informatika/machine learning/machine learning/Bishop - Pattern Recognition and Machine Learning-Springer (2006).pdf,,749,7fcec232b8c9a37786c009eb1ab58f7d787e204a5371c6fd65764b18d8904e84,Pravděpodobnostní modely a učení.,bibliographic_discovery_only
personal-241,personal_library,Machine Learning: A Probabilistic Perspective,Kevin P. Murphy,book,L05,local_file,/home/vasek/zalohovano/knizky/informatika/machine learning/machine learning/Machine learning_ a probabilistic perspective.pdf,,1098,2e0677f3c64b577de8e3bd8b1a2dba7b3502f7670bce6b08b7a42f68a8eb7530,Rozsáhlá pravděpodobnostní učebnice strojového učení.,bibliographic_discovery_only
personal-243,personal_library,Learning with Kernels,Bernhard Schölkopf; Alexander J. Smola,book,L05,local_file,"/home/vasek/zalohovano/knizky/informatika/machine learning/machine learning/Learning with Kernels_ Support Vector Machines, Regularization, Optimization, and Beyond.pdf",,638,591f8eb77b674503a62ae702421fad378f27ed6b4d464f33b54634994f6ec732,"Kernelové metody, regularizace a optimalizace.",bibliographic_discovery_only
personal-244,personal_library,The Elements of Statistical Learning,Trevor Hastie; Robert Tibshirani; Jerome Friedman,book,L05,local_file,"/home/vasek/zalohovano/knizky/informatika/machine learning/machine learning/(Springer Series in Statistics) Trevor Hastie, Robert Tibshirani, Jerome Friedman - The elements of statistical learning_ Data mining, inference, and prediction-Springer (2009).pdf",,809,98e669968eafdc31436a42c48aa85ab7831240db241693a9aa21b62e4ff97924,Lokální verze druhého vydání.,bibliographic_discovery_only
personal-208,personal_library,Deep Learning,Ian Goodfellow; Yoshua Bengio; Aaron Courville,book,L05,local_file,/home/vasek/zalohovano/knizky/informatika/machine learning/deep learning/Deep Learning.pdf,,777,74b2754275a87c4ab3c84ea9e369dd91a2e564e3ff6c29031d851d57178946b4,Učebnice 2016; širší podklad pro teorii hlubokého učení.,bibliographic_discovery_only
personal-122,personal_library,High-Dimensional Statistics: A Non-Asymptotic Viewpoint,Martin J. Wainwright,book,"L05,S14",local_file,/home/vasek/zalohovano/knizky/math/probability/statistics/Martin J. Wainwright - High-Dimensional Statistics A Non-Asymptotic Viewpoint-Cambridge University Press ( 2019).pdf,,571,09f9b7984363cdc5f3b66c6a58f83246dde637d90e10289b24767ee1e93ded7b,Neasymptotické meze odhadu a učení.,bibliographic_discovery_only
personal-84,personal_library,High-Dimensional Probability,Roman Vershynin,book,"L05,S10",local_file,/home/vasek/zalohovano/knizky/math/probability/textbooks/Roman Vershynin - High-Dimensional Probability-Cambridge University Press (2018).pdf,,299,76cd30d85f11abae269ec4865ea1802f68366085763f1bc37786f11f4efc6ae1,Koncentrace a náhodné matice jako nástroje teorie učení a randomizovaných algoritmů.,bibliographic_discovery_only
personal-276,personal_library,Foundations of Data Science,John Hopcroft; Ravindran Kannan,book_draft,"L05,L07",local_file,"/home/vasek/zalohovano/knizky/informatika/machine learning/data science/John Hopcroft, Ravindran Kannan - Foundations of Data Science (2014).pdf",,419,a0f4b811f8135175bcc9c1dae16649c5b9b3f10dec5e184725b0d4b0aa176efb,Raný draft z 21. 8. 2014; nepovažovat za finální knižní vydání.,bibliographic_discovery_only
personal-114,personal_library,Statistical Learning Theory,Percy Liang,lecture_notes,L05,local_file,/home/vasek/zalohovano/knizky/informatika/optimisation/online optimalizace/statistical learning theory.pdf,,217,0daf740ec7122bb29ff5741c05b12963c9f718dfc807f80775fd8816312d3553,Kurz CS229T/STAT231 z roku 2016.,bibliographic_discovery_only
personal-141,personal_library,"Foundations of Cryptography, Volume 1: Basic Tools",Oded Goldreich,book,L06,local_file,/home/vasek/zalohovano/knizky/informatika/cryptography/Oded Goldreich-Foundations of cryptography. Basic tools. Volume 1-Cambridge University Press (2001).pdf,,393,46dd3d728418240e01bc29557f9ce73d7d16293daaff1c1217392621df72b1f6,Základní kryptografické definice a konstrukce.,bibliographic_discovery_only
personal-146,personal_library,Introduction to Modern Cryptography,Jonathan Katz; Yehuda Lindell,book,L06,local_file,"/home/vasek/zalohovano/knizky/informatika/cryptography/(Chapman & Hall_CRC Cryptography and Network Security Series) Jonathan Katz, Yehuda Lindell-Introduction to Modern Cryptography, Second Edition-Chapman and Hall_CRC (2014).pdf",,598,d5775281c3f324fc72efce6a53b4b149f9cb346e420187c3c099febb9a00ca1d,Druhé vydání; mnohem širší pokrytí než náš survey o neabelovských grupách.,bibliographic_discovery_only
personal-142,personal_library,Cryptography: Theory and Practice,Douglas R. Stinson,book,L06,local_file,/home/vasek/zalohovano/knizky/informatika/cryptography/cryptography - theory and practice.djvu,,611,a6dab0c9d9968f7cd7554edc3148c8fd57b76f4b7b0d4954bc491e2ba4536aeb,Lokální DjVu obsahuje třetí vydání.,bibliographic_discovery_only
personal-282,personal_library,Distributed Algorithms,Nancy A. Lynch,book,L07,local_file,/home/vasek/zalohovano/knizky/informatika/distributed algorithms/Nancy A. Lynch - Distributed Algorithms.pdf,,899,60bf9512ca15b4cc6360afafb4d6fa3f9d73009cdd3ec886980eb7fb6ccfe3d0,"Široký základ distribuovaných modelů, algoritmů a nemožností.",bibliographic_discovery_only
personal-280,personal_library,Distributed Computing: A Locality-Sensitive Approach,David Peleg,book,L07,local_file,/home/vasek/zalohovano/knizky/informatika/distributed algorithms/David Peleg - Distributed computing a locality-sensitive approach.djvu,,360,fc86ce02e58c1f25cac133513863d1194eea97abcc735607abc7fadc29934c61,Lokálnost a složitost distribuovaného výpočtu.,bibliographic_discovery_only
personal-281,personal_library,Distributed Computing Pearls,Gadi Taubenfeld,monograph,L07,local_file,/home/vasek/zalohovano/knizky/informatika/distributed algorithms/(Synthesis Lectures on Distributed Computing Theory 14) Gadi Taubenfeld - Distributed Computing Pearls-Morgan & Claypool Publishers (2018).pdf,,108,21d368f7d0750cb8c7f0d8807f2e6893bfa1bcbaeb0690c8f262cb14bce37bba,Samostatná monografie z roku 2018.,bibliographic_discovery_only
personal-283,personal_library,Distributed Graph Coloring: Fundamentals and Recent Developments,Leonid Barenboim; Michael Elkin,monograph,"L07,S23",local_file,/home/vasek/zalohovano/knizky/informatika/distributed algorithms/distributed graph coloring.pdf,,160,4ed3497fec99d89fa16f3f5019b03a08a0dd1814b505c111a2bd0959dc1cc3a5,Symmetry breaking a barvení v message-passing modelu.,bibliographic_discovery_only
personal-284,personal_library,"Introduction to Parallel Algorithms and Architectures: Arrays, Trees, Hypercubes",F. Thomson Leighton,book,L07,local_file,/home/vasek/zalohovano/knizky/informatika/distributed algorithms/Introduction-to-Parallel-Algorithms-and-Architectures-Arrays-Trees-Hypercubes.pdf,,839,a8c2a59788abca19da0c9b57d052b014f08c6d6db579002bfac0af0f0017f912,Paralelní algoritmy a síťové architektury.,bibliographic_discovery_only
personal-277,personal_library,Notes on Theory of Distributed Systems,James Aspnes,lecture_notes,L07,local_file,/home/vasek/zalohovano/knizky/informatika/distributed algorithms/aspnes_distributed_computing.pdf,,516,9f2227d9947aac1be5f9f97fce43f72dab29157a79397a82ab3634656dd145b0,Lokálně verze 2021; na Yale je ověřena i aktualizace 2026.,bibliographic_discovery_only
personal-279,personal_library,Sampling and Local Algorithms in Large Graphs,Endre Csóka,thesis,"L07,S23",local_file,/home/vasek/zalohovano/knizky/informatika/distributed algorithms/Csoka_Endre - thesis.pdf,,113,42a3a8deecb938da3ce494da9c321c3b34e8372f3495717602f4a7412ecdee21,Disertace; doplněk pro lokální algoritmy a vzorkování grafů.,bibliographic_discovery_only
personal-19,personal_library,"Introduction to Automata Theory, Languages, and Computation",John E. Hopcroft; Rajeev Motwani; Jeffrey D. Ullman,book,L08,local_file,"/home/vasek/zalohovano/knizky/informatika/complexity/automata/John E. Hopcroft, Rajeev Motwani, Jeffrey D. Ullman-Introduction to Automata Theory, Languages, and Computations-Prentice Hall (2006).pdf",,550,1c2106dc6d41c3901d8acef34bdda9db922e03bcd74f76167caec8aa0f1ba33c,"Třetí vydání; automaty, jazyky a vyčíslitelnost.",bibliographic_discovery_only
personal-94,personal_library,Logical Foundations of Mathematics and Computational Complexity: A Gentle Introduction,Pavel Pudlák,book,"S05,L09,L03",local_file,/home/vasek/zalohovano/knizky/math/set theory and logic/logika/Pavel Pudlák -Logical Foundations of Mathematics and Computational Complexity_ A Gentle Introduction.pdf,,699,e12450dd4dfbf52cc53df24983a5772a42a153ac803332df81438c57c8b2af43,Silný nový zdroj k důkazové složitosti a základům matematiky.,bibliographic_discovery_only
personal-90,personal_library,Diagonalization and Self-Reference,Raymond M. Smullyan,book,"S21,L09",local_file,/home/vasek/zalohovano/knizky/math/set theory and logic/logika/Smullyan_Diagonalization_and_Self-Reference_1994.pdf,,415,07b75f2cb4ce59e5d1b7f279c7bcadb61c98324cc2d5d529748894f05982f07a,"Vyčíslitelnost, diagonalizace a sebereference.",bibliographic_discovery_only
personal-92,personal_library,A Concise Introduction to Mathematical Logic,Wolfgang Rautenberg,book,"L09,S21",local_file,/home/vasek/zalohovano/knizky/math/set theory and logic/logika/(Universitext) Wolfgang Rautenberg-A Concise Introduction To Mathematical Logic-Springer (2006).pdf,,273,61fb24ecafd421b1eba6f7b02b467ee9289c64c269e3bb68536ce5be07fee1d7,Základy matematické logiky jako doplněk specializovaných zdrojů.,bibliographic_discovery_only
personal-101,personal_library,Category Theory,Steve Awodey,book,L09,local_file,"/home/vasek/zalohovano/knizky/math/algebra/categories, abstract algebra/(Oxford Logic Guides 52) Steve Awodey-Category Theory-Oxford University Press (2010).pdf",,328,28faf05edf3f9ab949334fa8484c89482d39c3821f0ff79decec3f14dfba43c6,Matematický podklad pro sémantiku; není úzce zaměřenou knihou o verifikaci.,bibliographic_discovery_only
personal-29,personal_library,Artificial Intelligence: A Modern Approach,Stuart Russell; Peter Norvig,book,"S22,S19",local_file,/home/vasek/zalohovano/knizky/informatika/ai/Artificial Intelligence_ A Modern Approach.pdf,,1152,1b1ce8b5bb403729658d387691055cb413e42598a4bd1d49e2193e35d8689742,"Třetí vydání; pro atlas především kapitoly o logice, znalostech, usuzování a CSP.",bibliographic_discovery_only
personal-74,personal_library,Convex Optimization,Stephen Boyd; Lieven Vandenberghe,book,L10,local_file,/home/vasek/zalohovano/knizky/informatika/optimisation/convex optimization.pdf,,730,25cb39d9b190746d8653391b63f89cc6c38596ab47cb096df88728be59ea6520,Odlišná kniha od dosavadní Bubeckovy monografie.,bibliographic_discovery_only
personal-234,personal_library,Combinatorial Optimization: Polyhedra and Efficiency,Alexander Schrijver,book,"L10,L04",local_file,"/home/vasek/zalohovano/knizky/math/discrete mathematics/combinatorial optimization/Schrijver A.-Combinatorial optimization, polyhedra and efficiency. Vol.A,B,C-Springer (2003).pdf",,1920,b918b6ce3889956304d4549331d76ac030d6bedd651a96e54c5bee8e9e4c3757,Jeden PDF obsahuje svazky A–C; v počtu titulů započteno jednou.,bibliographic_discovery_only
personal-233,personal_library,Combinatorial Optimization: Theory and Algorithms,Bernhard Korte; Jens Vygen,book,"L10,L04",local_file,"/home/vasek/zalohovano/knizky/math/discrete mathematics/combinatorial optimization/Bernhard Korte, Jens Vygen - Combinatorial Optimization. Theory and Algorithms [6th ed.] (2018, Springer).pdf",,686,11b814c51d950838ba0e5ebe3f7088fe659092e545ffaa914708c05bb91129d2,Šesté vydání 2018.,bibliographic_discovery_only
personal-235,personal_library,Combinatorial Optimization,William J. Cook; William H. Cunningham; William R. Pulleyblank; Alexander Schrijver,book,"L10,L04",local_file,"/home/vasek/zalohovano/knizky/math/discrete mathematics/combinatorial optimization/William J. Cook, William H. Cunningham, William R. Pulleyblank, Alexander Schrijver(auth.)-Combinatorial Optimization, First Edition (1997).pdf",,360,23a85c2aeb9a809dd9ba20eda6f7f163347da647120e2e0608759194828b84e3,Další samostatná učebnice kombinatorické optimalizace.,bibliographic_discovery_only
personal-159,personal_library,Understanding and Using Linear Programming,Jiří Matoušek; Bernd Gärtner,book,L10,local_file,"/home/vasek/zalohovano/knizky/informatika/optimisation/linear programming/(Universitext) Jiri Matousek, Bernd Gärtner-Understanding and Using Linear Programming-Springer (2006).pdf",,229,76dcb7672d8e8f12ee8adee1ad1df76c23774ec014b08c23a2c05d51fa7c21c4,Lineární programování pro informatiky.,bibliographic_discovery_only
personal-160,personal_library,Linear Programming,Vašek Chvátal,book,L10,local_file,/home/vasek/zalohovano/knizky/informatika/optimisation/linear programming/Vašek Chvátal-Linear Programming (Series of Books in the Mathematical Sciences)-W. H. Freeman (1983).djvu,,485,2ded126483e91e2e085753f997e1819c414a47c494099dcc17cef6c280a3d97a,Klasická učebnice lineárního programování.,bibliographic_discovery_only
personal-138,personal_library,The Traveling Salesman Problem: A Computational Study,David L. Applegate; Robert E. Bixby; Vašek Chvátal; William J. Cook,book,"L10,S01",local_file,/home/vasek/zalohovano/knizky/informatika/optimisation/The traveling salesman problem a computational study.pdf,,606,88bd45a2526007ab136d5c72df4f04e54e5b06ec218067328dbabf6e8b47d781,Knižní zpracování TSP; uložená autorská verze datovaná 2006.,bibliographic_discovery_only
personal-127,personal_library,Online Computation and Competitive Analysis,Allan Borodin; Ran El-Yaniv,book,"L10,S18",local_file,"/home/vasek/zalohovano/knizky/informatika/approximation and online algorithms/Allan Borodin, Ran El-Yaniv - Online Computation and Competitive Analysis.pdf",,217,3ae43f340c3cc296140dd8c274175859b8cb7ccb1ce0909d3a9743cb9fe92adf,Sken po dvojstranách; počet PDF stran není počet tištěných stran.,bibliographic_discovery_only
personal-116,personal_library,Online Learning and Online Convex Optimization,Shai Shalev-Shwartz,monograph,"L10,L05",local_file,/home/vasek/zalohovano/knizky/informatika/optimisation/online optimalizace/shwartz-online_convex_optimization.pdf,,90,140827dee461b0fa2ad6a28b0bc260d7c7439eab70e5b4aaee1c7530f4a0a3d7,"Samostatný text, odlišný od Hazanovy knihy.",bibliographic_discovery_only
personal-119,personal_library,Introduction to Multi-Armed Bandits,Aleksandrs Slivkins,monograph,"L10,L05",local_file,/home/vasek/zalohovano/knizky/informatika/optimisation/online optimalizace/kratke_survey.pdf,,174,7a38ec32c9aaf071c70cd2e1cd0dd0594916e8beca1f13cfb76a0111fd23dcbd,Verze ze září 2019; odlišná od Bandit Algorithms.,bibliographic_discovery_only
personal-121,personal_library,Regret Analysis of Stochastic and Nonstochastic Multi-armed Bandit Problems,Sébastien Bubeck; Nicolò Cesa-Bianchi,monograph,"L10,L05",local_file,/home/vasek/zalohovano/knizky/informatika/optimisation/online optimalizace/bubeck_banditi.pdf,,130,747c82e7ff2fbcd001d7380158052ab484e40375a18ec1919841f874d3d55ba3,Samostatný survey z roku 2012.,bibliographic_discovery_only
personal-112,personal_library,The Multiplicative Weights Update Method: A Meta-Algorithm and Applications,Sanjeev Arora; Elad Hazan; Satyen Kale,survey,"L10,L05",local_file,/home/vasek/zalohovano/knizky/informatika/optimisation/online optimalizace/arora.pdf,,44,40170aa3d61116559bb758956b42a9b991b51cf51aa19f1a526a53fd004378c2,"Jednotící technika napříč optimalizací, učením a teorií her.",bibliographic_discovery_only
personal-130,personal_library,Approximation Algorithms,Vijay V. Vazirani,book,S01,local_file,/home/vasek/zalohovano/knizky/informatika/approximation and online algorithms/vazirani-aproximation_algorithms.pdf,,396,54cbc5c40e61eadbc93a560bdb1c1e9e5e8fc1a2fb3aa23af705fff16dad9121,Samostatná kniha vedle Williamson–Shmoys.,bibliographic_discovery_only
personal-12,personal_library,"The Steiner Tree Problem: A Tour through Graphs, Algorithms, and Complexity",Hans Jürgen Prömel; Angelika Steger,book,"S01,L04",local_file,"/home/vasek/zalohovano/knizky/informatika/algorithms/(Advanced Lectures in Mathematics) Prof. Dr. Hans Jürgen Prömel, Prof. Dr. Angelika Steger (auth.)-The Steiner Tree Problem_ A Tour through Graphs, Algorithms, and Complexity-Vieweg+Teubner Verlag (20.pdf",,250,58f0eb0c3465a12e4a94707b3d0f266e460d21f263571bd3e3119e3bab0a2cd3,Specializovaná monografie k jednomu zásadnímu optimalizačnímu problému.,bibliographic_discovery_only
personal-34,personal_library,Elements of Information Theory,Thomas M. Cover; Joy A. Thomas,book,S07,local_file,/home/vasek/zalohovano/knizky/informatika/information theory/Elements Of Information Theory.pdf,,774,937aaa8ea9f96d1a5c2fe0887513a2692a50b0f11ecfe2dbf9cb49b7c79dd4f0,Druhé vydání; plný základ Shannonovy teorie informace.,bibliographic_discovery_only
personal-35,personal_library,"Information Theory, Inference, and Learning Algorithms",David J. C. MacKay,book,"S07,L05",local_file,/home/vasek/zalohovano/knizky/informatika/information theory/information theory and inference.pdf,,640,868adc5f0ef6630366b122d88d691acfbe8339978b4ec3f38fca5e231f135791,"Teorie informace, kódy a statistické učení.",bibliographic_discovery_only
personal-33,personal_library,"Information, Physics, and Computation",Marc Mézard; Andrea Montanari,book,"S07,S24",local_file,"/home/vasek/zalohovano/knizky/informatika/information theory/Marc Mézard, Andrea Montanari - Information, Physics, and Computation.pdf",,580,d3e093c0226e4cc5280371ba5bf163c978816656d97b349c9de58825fcf9b833,"Statistická fyzika, náhodné instance a výpočty; obálka skenu ověřena.",bibliographic_discovery_only
personal-157,personal_library,Entropy and Information Theory,Robert M. Gray,book,S07,local_file,"/home/vasek/zalohovano/knizky/math/probability/Probability (Terka's library)/Gray. - Entropy and information theory (Springer, 1990, 304s)(T).djvu",,304,9bac4065b8eef5d1841ea004be353c5d3469a3e36f4ecaea4bfada6e28dee08a,Další samostatná kniha k teorii informace.,bibliographic_discovery_only
personal-152,personal_library,"Algorithmic Number Theory, Volume 1: Efficient Algorithms",Eric Bach; Jeffrey Shallit,book,"S09,S08",local_file,"/home/vasek/zalohovano/knizky/math/number theory/(Foundations of Computing) Eric Bach, Jeffrey Shallit - Algorithmic number theory_ Efficient algorithms. Volume 1-The MIT Press (1996).djvu",,516,9edc52f0bee280aeed8589b620a2ddf1982ef0f46d892708e97206edcce779f3,Algoritmická teorie čísel; jeden svazek.,bibliographic_discovery_only
personal-55,personal_library,Randomized Algorithms,Rajeev Motwani; Prabhakar Raghavan,book,S10,local_file,"/home/vasek/zalohovano/knizky/informatika/randomized algorithms/Motwani, Raghavan-Randomized Algorithms.pdf",,491,a7f49a4cf73cbec4ed4940e00765723305e683dad49cbb67c50c9147a65213b1,Klasický základ randomizovaných algoritmů.,bibliographic_discovery_only
personal-59,personal_library,Probability and Computing,Michael Mitzenmacher; Eli Upfal,book,"S10,S04",local_file,"/home/vasek/zalohovano/knizky/informatika/randomized algorithms/Mitzenmacher, Upfal-Probability and computing.djvu",,366,a63844046c5c15e6919ceb36046623b08bc9b844e5a7744904f0d1aa24fdbecb,Randomizované algoritmy a pravděpodobnostní analýza.,bibliographic_discovery_only
personal-58,personal_library,Notes on Randomized Algorithms,James Aspnes,lecture_notes,S10,local_file,/home/vasek/zalohovano/knizky/informatika/randomized algorithms/nejaky lecture notes s priklady.pdf,,453,8d77f401029cbceb95561d09ad8606a1b61289ff6203b7bf945e0eeced409dbb,Soubor s neurčitým názvem je 453stránkový text z března 2020.,bibliographic_discovery_only
personal-61,personal_library,Design and Analysis of Randomized Algorithms,Juraj Hromkovič,book,S10,local_file,/home/vasek/zalohovano/knizky/math/probability/other/(Texts in Theoretical Computer Science. An EATCS Series) Juraj Hromkovič-Design and Analysis of Randomized Algorithms_ Introduction to Design Paradigms-Springer (2005).pdf,,290,99848c6b042b817e28726c287c88b57f8377a40b0b3d5661cd9bbb9bf46b23b6,Návrhová paradigmata randomizovaných algoritmů.,bibliographic_discovery_only
personal-68,personal_library,"Algorithms on Strings, Trees, and Sequences",Dan Gusfield,book,S11,local_file,"/home/vasek/zalohovano/knizky/informatika/string algorithms/Gusfield D.-Algorithms on Strings, Trees and Sequences_ Computer Science and Computational Biology-Cambridge University Press (1997).djvu",,557,b407c894e02b0a21f28d1f27efb2369f714b9e7eb9eac1306e964c32a533ee99,Klasická učebnice řetězcových algoritmů a výpočetní biologie.,bibliographic_discovery_only
personal-69,personal_library,Computing Patterns in Strings,Bill Smyth,book,S11,local_file,/home/vasek/zalohovano/knizky/informatika/string algorithms/[Smyth_B.]_Computing_patterns_in_strings(BookZZ.org).djvu,,436,5be88889005674ae1e03641dd55a1f204f4fb74196f52a3db76db45c66cf04ee,Další specializovaná učebnice řetězcových algoritmů.,bibliographic_discovery_only
personal-51,personal_library,Handbook of Data Compression,David Salomon; Giovanni Motta,book,"S11,S07",local_file,"/home/vasek/zalohovano/knizky/informatika/compression/Handbook of Data Compression, 5th Edition.pdf",,1370,9cc0440968dbf7d9cab906cb6d619b6a5c0a142b2d370058e249a1179c598b26,Páté vydání; komprese jako sousední a podpůrná oblast.,bibliographic_discovery_only
personal-109,personal_library,Understanding Bioinformatics,Marketa Zvelebil; Jeremy O. Baum,book,S11,local_file,"/home/vasek/zalohovano/knizky/informatika/bioinformatics/Marketa Zveibil, Jeremy O. Baum - Understanding Bioinformatics (2007, Garland Science).pdf",,797,d14d1fbc03ce97793890dfb906a29367d3b04af566d14a205bc81cc6d45b25cf,Širší biologický a algoritmický kontext řetězcových problémů.,bibliographic_discovery_only
personal-15,personal_library,Dynamic Graph Algorithms,David Eppstein; Zvi Galil; Giuseppe F. Italiano,survey,S12,local_file,/home/vasek/zalohovano/knizky/informatika/graphs/dynamic algorithms on graphs.pdf,,40,6f772eddd5585b3d868a4a482e2d0ecc2233d93e794101710e9e6abb6338d5fa,40stránková přehledová kapitola; není to celá kniha.,bibliographic_discovery_only
personal-185,personal_library,Analytic Combinatorics,Philippe Flajolet; Robert Sedgewick,book,S13,local_file,/home/vasek/zalohovano/knizky/math/discrete mathematics/analytic combinatorics/FlajoletSedgewick_AnalyticCombinatorics.pdf,,826,f7bc98dfbfbc99716e19a0a0aa6f1750fb62acbf50b58d65731aabf161dccace,Generující funkce a asymptotické počítání.,bibliographic_discovery_only
personal-207,personal_library,generatingfunctionology,Herbert S. Wilf,book,S13,local_file,/home/vasek/zalohovano/knizky/math/discrete mathematics/analytic combinatorics/generating functions/gfologyLinked2.pdf,,231,fa522a14f9b1631232ff6b34bc092686803b71cc8154cbf31c7ac523a75108dc,Internetová verze druhého vydání 1994.,bibliographic_discovery_only
personal-2,personal_library,"Networks, Crowds, and Markets: Reasoning About a Highly Connected World",David Easley; Jon Kleinberg,book,S16,local_file,"/home/vasek/zalohovano/knizky/podivat_se/Easley D., Kleinberg J.-Networks, crowds, and markets_ Reasoning about a highly connected world-CUP (2010).pdf",,745,fd3069cc156f0c95c799174d149849df00b9d2c05a5b8ef8366dcd4fd0bb1a2f,"Sítě, trhy, hry a sociální volba.",bibliographic_discovery_only
personal-134,personal_library,Constraint Satisfaction Problem – Lecture Notes,Alexandr Kazda; Miklós Maróti,lecture_notes,S17,local_file,/home/vasek/zalohovano/knizky/math/algebra/csp/csp-notes-latex.pdf,,44,ea2031bf2ff1ad880a5a9061668df5c976b52e6154a5d469497425beb0a243b8,Algebraická teorie CSP; odlišné od již evidovaného sborníku CSP.,bibliographic_discovery_only
personal-285,personal_library,Graphs and Homomorphisms,Pavol Hell; Jaroslav Nešetřil,book,"S17,S23",local_file,"/home/vasek/zalohovano/knizky/math/discrete mathematics/graphs/Pavol Hell, Jaroslav Nesetril - Graphs and Homomorphisms.pdf",,256,ceb022458e960a7a0583683bd781fdf171e4326a478cd21420a9fa6223e1fafa,Grafové homomorfismy a CSP; dvě místní kopie počítány jednou.,bibliographic_discovery_only
personal-288,personal_library,Graph Theory,Reinhard Diestel,book,S23,local_file,/home/vasek/zalohovano/knizky/math/discrete mathematics/graphs/DiestelGT.pdf,,322,47030fe21d059bb6c29572805fe83b0b0cab502283cc8db7aa16ac76bc9aee8a,Lokálně elektronická verze druhého vydání 2000.,bibliographic_discovery_only
personal-286,personal_library,Modern Graph Theory,Béla Bollobás,book,S23,local_file,/home/vasek/zalohovano/knizky/math/discrete mathematics/graphs/Béla Bollobás - Modern Graph Theory.djvu,,398,3078869d81b299b66d5d2274528cd35d7ae38c3da0e250e3d0620d46bf2ad10c,Široký grafově teoretický základ.,bibliographic_discovery_only
personal-292,personal_library,"Sparsity: Graphs, Structures, and Algorithms",Jaroslav Nešetřil; Patrice Ossona de Mendez,book,"S23,L07",local_file,"/home/vasek/zalohovano/knizky/math/discrete mathematics/graphs/sparse/(Algorithms and Combinatorics 28) Jaroslav Nešetřil, Patrice Ossona de Mendez (auth.)-Sparsity_ Graphs, Structures, and Algorithms-Springer-Verlag Berlin Heidelberg (2012).pdf",,470,9d50115531cdd0c41bd8657ab7055f594cda3b68e7c4323bdc9be96c5be55117,"Řídké grafy, struktura a algoritmy.",bibliographic_discovery_only
personal-290,personal_library,Large Networks and Graph Limits,László Lovász,book_draft,"S23,L07",local_file,"/home/vasek/zalohovano/knizky/math/discrete mathematics/graphs/graphons, regularity/large networks and graph limits - lovasz.pdf",,487,2d1f1ed87a75d0d137bfc67e61dd1b86f8b69f16078966846afceb103af0f088,Lokální text je datovaný 2010; nepředpokládat shodu s finálním vydáním.,bibliographic_discovery_only
personal-13,personal_library,"Graph Minors, Decompositions and Algorithms",Jiří Fiala,lecture_notes,"S23,S02",local_file,"/home/vasek/zalohovano/knizky/informatika/graphs/treewidth/graph minors, decompositions and algorithms - fiala.pdf",,62,f692babb5571e53703b999de05d08a4b8e9522b9972319d7ecde5cbef1f900ab,Kurz z roku 2014 k dekompozicím a algoritmům.,bibliographic_discovery_only
personal-218,personal_library,Matroid Theory,James G. Oxley,book,"S23,L10",local_file,/home/vasek/zalohovano/knizky/math/discrete mathematics/matroidy/(Oxford Graduate Texts in Mathematics) James G. Oxley-Matroid Theory-Oxford University Press (1993).djvu,,542,35618246be21909b6e83ef3baf3db2311991441c3d605ff63bd3dc0ab3c050c0,Matroidové základy grafové struktury a kombinatorické optimalizace.,bibliographic_discovery_only
personal-9,personal_library,Beyond the Worst-Case Analysis of Algorithms,Tim Roughgarden (editor),book,S24,local_file,/home/vasek/zalohovano/knizky/informatika/algorithms/Tim Roughgarden - Beyond the Worst-Case Analysis of Algorithms-Cambridge University Press (2021).pdf,,704,fd673f0366ea420106438d86b8721fe3a7764807740646a0be360d8f5bd7342d,Rozsáhlá kniha 2021; nový titul vedle již evidovaného survey Beyond Worst-Case Analysis (2018).,bibliographic_discovery_only
boneh_shoup,web,A Graduate Course in Applied Cryptography,Dan Boneh; Victor Shoup,book_draft,L06,author_pdf,/home/vasek/atlas/tcs-source-library/discovery-20260911/pdf/boneh_shoup.pdf,https://toc.cryptobook.us/,1130,67bc4507f7558c99f0ecc331651da224f0a73b2453fdd8ff5e67c8d4e56cc7dd,Verze 0.6 z ledna 2023; široký základ moderní kryptografie.,bibliographic_discovery_only
lamport_specifying,web,Specifying Systems,Leslie Lamport,book,"L09,L07",author_pdf,/home/vasek/atlas/tcs-source-library/discovery-20260911/pdf/lamport_specifying.pdf,https://lamport.azurewebsites.net/tla/book.html,382,34883e30182414d08923852c129fd530e889a3f819ad05ebfebde4aefe3d661d,"Úplná kniha o TLA+, specifikaci a verifikaci systémů.",bibliographic_discovery_only
harper_pfpl,web,Practical Foundations for Programming Languages,Robert Harper,book_abridged,L09,abridged_author_pdf,/home/vasek/atlas/tcs-source-library/discovery-20260911/pdf/harper_pfpl.pdf,https://www.cs.cmu.edu/~rwh/pfpl/,228,82aeead40e7d2160500c8f25612d4ec120c27454ae57619285345bae464ae94d,Volně dostupná verze je zkrácená; není to kompletní druhé vydání knihy.,bibliographic_discovery_only
software_foundations,web,Software Foundations,Benjamin C. Pierce a spoluautoři,book_series,"L09,S19",full_online_text,,https://softwarefoundations.cis.upenn.edu/,,,"Online řada sedmi svazků; zde evidována jako jeden zdroj. Logika, sémantika a formální verifikace.",bibliographic_discovery_only
foundations_databases,web,Foundations of Databases,Serge Abiteboul; Richard Hull; Victor Vianu,book,S20,university_pdf,/home/vasek/atlas/tcs-source-library/discovery-20260911/pdf/foundations_databases.pdf,https://abiteboul.com/TEACHING/DBCOURSE/,702,0e5da36b51f58105b4cdc68842fea7d10e91d77547c0f8ce6b06b20c1f3a7796,"Autor odkazuje na úplnou knihu; původní webdam.inria.fr při kontrole neodpovídal, PDF je také na EPFL.",bibliographic_discovery_only
libkin_fmt,web,Elements of Finite Model Theory,Leonid Libkin,book,"S20,L09",author_pdf,/home/vasek/atlas/tcs-source-library/discovery-20260911/pdf/libkin_fmt.pdf,https://homepages.inf.ed.ac.uk/libkin/fmt/fmt.pdf,326,dac2cdd4073f02322abea44e9ccbbb1a5afec576e99edb2483ac138d10853921,Autorský PDF datovaný únor 2012; kniha o konečných modelech a logikách relevantních pro databáze.,bibliographic_discovery_only
bodirsky_infinite_csp,web,Complexity of Infinite-Domain Constraint Satisfaction,Manuel Bodirsky,book_postprint,"S17,S20",author_pdf,/home/vasek/atlas/tcs-source-library/discovery-20260911/pdf/bodirsky_infinite_csp.pdf,https://wwwpub.zih.tu-dresden.de/~bodirsky/Book.pdf,423,f1235b38154c03bfb32a746cae1ba4f2655dbb479239c7c74924bc5cd6b3739f,"Autorský postprint datovaný 31. 1. 2026; samostatná kniha, odlišná od dosavadního survey z roku 2008.",bibliographic_discovery_only
shoup_number_theory,web,A Computational Introduction to Number Theory and Algebra,Victor Shoup,book,"S08,S09",author_pdf,/home/vasek/atlas/tcs-source-library/discovery-20260911/pdf/shoup_number_theory.pdf,https://shoup.net/ntb/,598,8e1abc54f4510c3f274dfbed07ea602a6a439ee24b2c916e61abe829b402ec06,Úplné druhé vydání; výpočetní algebra a teorie čísel.,bibliographic_discovery_only
canonne_distribution_testing,web,Topics and Techniques in Distribution Testing: A Biased but Representative Sample,Clément L. Canonne,monograph,S14,author_pdf,/home/vasek/atlas/tcs-source-library/discovery-20260911/pdf/canonne_distribution_testing.pdf,https://ccanonne.github.io/survey-topics-dt.html,165,6268b6e432926584a2caca832174ef2e32160c627de2a76fbfd880645807b3ab,Publikováno 2022; stažená autorská verze je datovaná 10. 3. 2024. Podrobný monografický survey s důkazy; nový zdroj vedle Goldreichovy knihy.,bibliographic_discovery_only
vadhan_privacy,web,The Complexity of Differential Privacy,Salil Vadhan,survey_chapter,"S15,L03",author_pdf,/home/vasek/atlas/tcs-source-library/discovery-20260911/pdf/vadhan_privacy.pdf,https://privacytools.seas.harvard.edu/publications/complexity-differential-privacy-0,96,685539d267589bd21fdc63bb3166f056fb434a1d1ff397dfba77fd41ba269cf4,"Survey kapitola v Tutorials on the Foundations of Cryptography; propojuje soukromí, složitost a kryptografii.",bibliographic_discovery_only
krajicek_proof_complexity,web,Proof Complexity,Jan Krajíček,book,S05,publisher_metadata_and_preview,,https://www.cambridge.org/core/books/proof-complexity/frege-systems/97C6CD5E9151B4138677B324C530FEC3,,,Ověřen titul a obsah na webu vydavatele; plný místní text zatím nemáme.,bibliographic_discovery_only
kushilevitz_nisan,web,Communication Complexity,Eyal Kushilevitz; Noam Nisan,book,S06,publisher_metadata_and_preview,,https://www.cambridge.org/core/books/abs/communication-complexity/contents/4EAF808A556E5B045E249515659FAF59,,,Jiná kniha než Rao–Yehudayoff; plný místní text zatím nemáme.,bibliographic_discovery_only
description_logic,web,An Introduction to Description Logic,Franz Baader; Ian Horrocks; Carsten Lutz; Uli Sattler,book,"S22,S19",publisher_metadata_and_preview,,https://www.cambridge.org/core/books/abs/an-introduction-to-description-logic/introduction/264A7C6C38E00160FB8FF6F855C8E8CB,,,"Deskripční logiky a automatické usuzování; ověřená bibliografie a ukázka, nikoli stažená celá kniha.",bibliographic_discovery_only
handbook_sat,web,"Handbook of Satisfiability, Second Edition",Armin Biere; Marijn Heule; Hans van Maaren; Toby Walsh (editors),edited_book,"S19,S17,S05",publisher_metadata_and_preview,,https://www.iospress.com/catalog/books/handbook-of-satisfiability-2,,,"Rozsáhlá příručka SAT, 1484 stran ve dvou částech; plný místní text zatím nemáme.",bibliographic_discovery_only
modern_computer_algebra,web,"Modern Computer Algebra, Third Edition",Joachim von zur Gathen; Jürgen Gerhard,book,S08,publisher_metadata_and_preview,,https://www.cambridge.org/core/books/modern-computer-algebra/DB3563D4013401734851CF683D2F03F0,,,Výpočetní algebra a rychlé algoritmy pro polynomy; ověřen obsah a ukázka.,bibliographic_discovery_only
lattice_complexity,web,Complexity of Lattice Problems: A Cryptographic Perspective,Daniele Micciancio; Shafi Goldwasser,book,"S09,L06",publisher_metadata_and_preview,,https://cseweb.ucsd.edu/~daniele/papers/book.html,,,Autor nabízí obsah a ukázkovou kapitolu; úplná kniha není stažena.,bibliographic_discovery_only
pinedo_scheduling,web,"Scheduling: Theory, Algorithms, and Systems, Fifth Edition",Michael L. Pinedo,book,S18,publisher_metadata_and_preview,,https://link.springer.com/book/10.1007/978-3-319-26580-3,,,"Ověřeno konkrétní páté vydání, nikoli tvrzení o nejnovějším vydání. Široký základ deterministického i stochastického rozvrhování.",bibliographic_discovery_only
bringmann_finegrained,web,Fine-Grained Complexity Theory (Tutorial),Karl Bringmann,tutorial,S03,publisher_open_pdf,/home/vasek/atlas/tcs-source-library/discovery-20260911/pdf/bringmann_finegrained.pdf,https://drops.dagstuhl.de/entities/document/10.4230/LIPIcs.STACS.2019.4,7,81ca002f0748b6b80d82de56885584b91bbb31d34e57980d1db8ca73508a9a2b,"Sedmistránkový tutorial; doplněk k dosavadnímu survey, nikoli kniha.",bibliographic_discovery_only
deberg_geometry,web,"Computational Geometry: Algorithms and Applications, Third Edition",Mark de Berg; Otfried Cheong; Marc van Kreveld; Mark Overmars,book,L02,publisher_metadata_and_preview,,https://link.springer.com/book/10.1007/978-3-540-77974-2,,,Široká učebnice geometrických algoritmů; plný místní text zatím nemáme.,bibliographic_discovery_only
exact_exponential,web,Exact Exponential Algorithms,Fedor V. Fomin; Dieter Kratsch,book,S02,publisher_metadata_and_preview,,https://link.springer.com/book/10.1007/978-3-642-16533-7,,,Exaktní exponenciální algoritmy; samostatná kniha vedle Parameterized Algorithms.,bibliographic_discovery_only
