entry_key,card_ids,disposition,kind,summary,source,year,locator,url,pdf_url
algorithmic_game_theory/04,TCS-6957,new_draft,question,Characterize domains where affine maximizers are the only implementable allocation rules.,Algorithmic Game Theory,2007,§12.4; PDF page 341,https://www.cs.cmu.edu/~sandholm/cs15-892F13/algorithmic-game-theory.pdf,https://www.cs.cmu.edu/~sandholm/cs15-892F13/algorithmic-game-theory.pdf#page=341
algorithmic_game_theory/05,TCS-6958,new_draft,question,Can efficient algorithmic implementation approximate better than every efficient dominant-strategy implementation?,Algorithmic Game Theory,2007,§12.5; PDF page 348,https://www.cs.cmu.edu/~sandholm/cs15-892F13/algorithmic-game-theory.pdf,https://www.cs.cmu.edu/~sandholm/cs15-892F13/algorithmic-game-theory.pdf#page=348
algorithmic_game_theory/06,TCS-6959,new_draft,question,Bound the local connection game’s price of anarchy by a constant for all edge-cost parameters.,Algorithmic Game Theory,2007,"§19.2, Open Problems; PDF page 529",https://www.cs.cmu.edu/~sandholm/cs15-892F13/algorithmic-game-theory.pdf,https://www.cs.cmu.edu/~sandholm/cs15-892F13/algorithmic-game-theory.pdf#page=529
algorithmic_game_theory/08,TCS-6961,new_draft,research_direction,Determine tight equilibrium-efficiency bounds for undirected global connection and generalized cost-sharing games.,Algorithmic Game Theory,2007,"§19.3, Open Problems; PDF page 531",https://www.cs.cmu.edu/~sandholm/cs15-892F13/algorithmic-game-theory.pdf,https://www.cs.cmu.edu/~sandholm/cs15-892F13/algorithmic-game-theory.pdf#page=531
algorithmic_randomness/01,TCS-6648,existing_card,conjecture,Do Kolmogorov–Loveland random sequences coincide with Martin-Löf random sequences?,Key Developments in Algorithmic Randomness,2020,"§4.4, Kolmogorov–Loveland randomness; PDF page 35",https://arxiv.org/abs/2004.02851,https://arxiv.org/pdf/2004.02851#page=35
arithmetic_circuits/02,TCS-6882,new_draft,question,Separate homogeneous and unrestricted formulas superpolynomially.,Arithmetic Circuits: A Survey of Recent Results and Open Questions,2010,Open Problem 2; PDF page 19,https://www.cs.tau.ac.il/~shpilka/publications/SY10.pdf,https://www.cs.tau.ac.il/~shpilka/publications/SY10.pdf#page=19
arithmetic_circuits/03,TCS-6883,new_draft,question,Separate multilinear and general circuits superpolynomially.,Arithmetic Circuits: A Survey of Recent Results and Open Questions,2010,Open Problem 3; PDF page 19,https://www.cs.tau.ac.il/~shpilka/publications/SY10.pdf,https://www.cs.tau.ac.il/~shpilka/publications/SY10.pdf#page=19
arithmetic_circuits/04,TCS-6884,new_draft,question,Separate semantic and syntactic multilinear circuits superpolynomially.,Arithmetic Circuits: A Survey of Recent Results and Open Questions,2010,Open Problem 4; PDF page 19,https://www.cs.tau.ac.il/~shpilka/publications/SY10.pdf,https://www.cs.tau.ac.il/~shpilka/publications/SY10.pdf#page=19
arithmetic_circuits/05,TCS-6885,new_draft,question,Compute all second derivatives with constant-factor circuit overhead.,Arithmetic Circuits: A Survey of Recent Results and Open Questions,2010,Open Problem 5; PDF page 21,https://www.cs.tau.ac.il/~shpilka/publications/SY10.pdf,https://www.cs.tau.ac.il/~shpilka/publications/SY10.pdf#page=21
arithmetic_circuits/08,TCS-6888,new_draft,question,Prove superpolynomial arithmetic-formula lower bounds.,Arithmetic Circuits: A Survey of Recent Results and Open Questions,2010,Open Problem 8; PDF page 32,https://www.cs.tau.ac.il/~shpilka/publications/SY10.pdf,https://www.cs.tau.ac.il/~shpilka/publications/SY10.pdf#page=32
arithmetic_circuits/10,TCS-6890,new_draft,question,Prove superpolynomial noncommutative-circuit lower bounds.,Arithmetic Circuits: A Survey of Recent Results and Open Questions,2010,Open Problem 10; PDF page 35,https://www.cs.tau.ac.il/~shpilka/publications/SY10.pdf,https://www.cs.tau.ac.il/~shpilka/publications/SY10.pdf#page=35
arithmetic_circuits/13,TCS-6893,new_draft,question,Prove superpolynomial multilinear-circuit lower bounds.,Arithmetic Circuits: A Survey of Recent Results and Open Questions,2010,Open Problem 13; PDF page 42,https://www.cs.tau.ac.il/~shpilka/publications/SY10.pdf,https://www.cs.tau.ac.il/~shpilka/publications/SY10.pdf#page=42
arithmetic_circuits/15,TCS-6895,new_draft,question,Construct explicit three-dimensional tensors with superlinear rank.,Arithmetic Circuits: A Survey of Recent Results and Open Questions,2010,Open Problem 15; PDF page 51,https://www.cs.tau.ac.il/~shpilka/publications/SY10.pdf,https://www.cs.tau.ac.il/~shpilka/publications/SY10.pdf#page=51
arithmetic_circuits/17,TCS-6897,new_draft,question,Does efficient PIT for a circuit class imply permanent lower bounds for that class?,Arithmetic Circuits: A Survey of Recent Results and Open Questions,2010,Open Problem 17; PDF page 67,https://www.cs.tau.ac.il/~shpilka/publications/SY10.pdf,https://www.cs.tau.ac.il/~shpilka/publications/SY10.pdf#page=67
arithmetic_circuits/18,TCS-6898,new_draft,question,Derandomize black-box depth-four PIT.,Arithmetic Circuits: A Survey of Recent Results and Open Questions,2010,Open Problem 18; PDF page 69,https://www.cs.tau.ac.il/~shpilka/publications/SY10.pdf,https://www.cs.tau.ac.il/~shpilka/publications/SY10.pdf#page=69
arithmetic_circuits/23,TCS-6903,new_draft,question,Derandomize PIT for noncommutative circuits.,Arithmetic Circuits: A Survey of Recent Results and Open Questions,2010,Open Problem 23; PDF page 76,https://www.cs.tau.ac.il/~shpilka/publications/SY10.pdf,https://www.cs.tau.ac.il/~shpilka/publications/SY10.pdf#page=76
arithmetic_circuits/32,TCS-6912,new_draft,question,Does learning a circuit class imply permanent lower bounds against it?,Arithmetic Circuits: A Survey of Recent Results and Open Questions,2010,Open Problem 32; PDF page 104,https://www.cs.tau.ac.il/~shpilka/publications/SY10.pdf,https://www.cs.tau.ac.il/~shpilka/publications/SY10.pdf#page=104
arithmetic_circuits/34,TCS-6914,new_draft,question,Deterministically factor multivariate polynomials efficiently; does PIT derandomization suffice?,Arithmetic Circuits: A Survey of Recent Results and Open Questions,2010,"§4.9, general factorization; also p.100; PDF page 97",https://www.cs.tau.ac.il/~shpilka/publications/SY10.pdf,https://www.cs.tau.ac.il/~shpilka/publications/SY10.pdf#page=97
arora_barak/01,TCS-0001,existing_card,question,Does P equal NP?,Computational Complexity: A Modern Approach,2007,§2.1; PDF page 57,https://theory.cs.princeton.edu/complexity/,https://theory.cs.princeton.edu/complexity/book.pdf#page=57
arora_barak/02,TCS-0004,existing_card,question,"Does deterministic logspace suffice for directed reachability, equivalently L=NL?",Computational Complexity: A Modern Approach,2007,§4.2; PDF page 95,https://theory.cs.princeton.edu/complexity/,https://theory.cs.princeton.edu/complexity/book.pdf#page=95
arora_barak/03,TCS-6817,new_draft,question,Is directed reachability solvable simultaneously in polynomial time and polylogarithmic space?,Computational Complexity: A Modern Approach,2007,Chapter 4 exercises; PDF page 105,https://theory.cs.princeton.edu/complexity/,https://theory.cs.princeton.edu/complexity/book.pdf#page=105
arora_barak/06,TCS-6820,new_draft,question,Can all #P counting functions be computed in polynomial time?,Computational Complexity: A Modern Approach,2007,§9.1; PDF page 188,https://theory.cs.princeton.edu/complexity/,https://theory.cs.princeton.edu/complexity/book.pdf#page=188
arora_barak/07,TCS-6821,new_draft,question,Would P=NP imply polynomial-time exact computation of every #P function?,Computational Complexity: A Modern Approach,2007,§9.4; PDF page 202,https://theory.cs.princeton.edu/complexity/,https://theory.cs.princeton.edu/complexity/book.pdf#page=202
arora_barak/08,TCS-6603,existing_card,conjecture,Is deterministic communication polynomially bounded by logarithmic real matrix rank?,Computational Complexity: A Modern Approach,2007,Conjecture 12.17; PDF page 243,https://theory.cs.princeton.edu/complexity/,https://theory.cs.princeton.edu/complexity/book.pdf#page=243
bandit_algorithms/01,TCS-6833,new_draft,research_direction,"Obtain asymptotically optimal policies for broader nonparametric reward classes, including bounded-kurtosis distributions.",Bandit Algorithms,2020,"§16.5, bibliographic discussion; PDF page 220",https://banditalgs.com/,https://tor-lattimore.com/downloads/book/book.pdf#page=220
bandit_algorithms/02,TCS-6834,new_draft,question,Design practical linear-bandit algorithms that are both asymptotically optimal and nearly minimax optimal.,Bandit Algorithms,2020,Chapter 19 notes; also p.311; PDF page 259,https://banditalgs.com/,https://tor-lattimore.com/downloads/book/book.pdf#page=259
bandit_algorithms/04,TCS-6836,new_draft,research_direction,Determine optimal regret under linear-model misspecification and for different action-set geometries.,Bandit Algorithms,2020,§24.4–24.5; PDF page 304,https://banditalgs.com/,https://tor-lattimore.com/downloads/book/book.pdf#page=304
bandit_algorithms/06,TCS-6838,new_draft,research_direction,Match finite-time best-arm identification lower bounds and characterize instance-dependent simple regret.,Bandit Algorithms,2020,"§33.4, notes 7–9; PDF page 424",https://banditalgs.com/,https://tor-lattimore.com/downloads/book/book.pdf#page=424
beyond_worst_case/02,TCS-7148,new_draft,question,Extend smoothed polynomial-time simplex analysis to perturbations preserving sparsity.,Beyond Worst-Case Analysis,2018,"§5, sparse perturbations; PDF page 9",https://arxiv.org/abs/1806.09817,https://arxiv.org/pdf/1806.09817#page=9
coding_theory/02,TCS-6859,new_draft,question,"Construct the inner linear codes on the Gilbert–Varshamov bound in time polynomial in their own dimension, eliminating the exhaustive search.",Essential Coding Theory,2026,"§7.2, inner-code construction; setup p.147; PDF page 148",https://cse.buffalo.edu/faculty/atri/courses/coding-theory/book/,https://cse.buffalo.edu/faculty/atri/courses/coding-theory/book/ada-coding-book.pdf#page=148
cspbook2017/01,TCS-6748,new_draft,question,Classify the complexity of Boolean decision-Holant problems.,The Constraint Satisfaction Problem: Complexity and Approximability,2017,"Chapter 6, Holant discussion; PDF page 176",https://drops.dagstuhl.de/entities/volume/DFU-volume-7,https://drops.dagstuhl.de/storage/02dagstuhl-follow-ups/dfu-vol007/DFU.Vol7.15301/DFU.Vol7.15301.pdf#page=176
cspbook2017/02,TCS-6749,new_draft,question,Give a deterministic polynomial kernel for Almost 2-SAT.,The Constraint Satisfaction Problem: Complexity and Approximability,2017,"Chapter 7, §8; PDF page 213",https://drops.dagstuhl.de/entities/volume/DFU-volume-7,https://drops.dagstuhl.de/storage/02dagstuhl-follow-ups/dfu-vol007/DFU.Vol7.15301/DFU.Vol7.15301.pdf#page=213
cspbook2017/09,TCS-6755,new_draft,question,Determine the leading constant in optimal Boolean k-CSP approximation.,The Constraint Satisfaction Problem: Complexity and Approximability,2017,"Chapter 11, §7, Problem 2; PDF page 333",https://drops.dagstuhl.de/entities/volume/DFU-volume-7,https://drops.dagstuhl.de/storage/02dagstuhl-follow-ups/dfu-vol007/DFU.Vol7.15301/DFU.Vol7.15301.pdf#page=333
cspbook2017/10,TCS-6756,new_draft,question,Determine whether the stated general-domain k-CSP approximation is asymptotically optimal.,The Constraint Satisfaction Problem: Complexity and Approximability,2017,"Chapter 11, §7, Problem 3; PDF page 334",https://drops.dagstuhl.de/entities/volume/DFU-volume-7,https://drops.dagstuhl.de/storage/02dagstuhl-follow-ups/dfu-vol007/DFU.Vol7.15301/DFU.Vol7.15301.pdf#page=334
cspbook2017/11,TCS-6757,new_draft,question,Can minimization-CSP algorithms match their SDP integrality gaps up to 1+ε?,The Constraint Satisfaction Problem: Complexity and Approximability,2017,"Chapter 11, §7, Problem 4; PDF page 334",https://drops.dagstuhl.de/entities/volume/DFU-volume-7,https://drops.dagstuhl.de/storage/02dagstuhl-follow-ups/dfu-vol007/DFU.Vol7.15301/DFU.Vol7.15301.pdf#page=334
cygan2015/01,TCS-0771,existing_card,question,Determine the complexity of computing treewidth exactly on planar graphs.,Parameterized Algorithms,2016,"Chapter 7, branchwidth discussion; PDF page 245",https://parameterized-algorithms.mimuw.edu.pl/,https://parameterized-algorithms.mimuw.edu.pl/parameterized-algorithms.pdf#page=245
cygan2015/03,TCS-6728,new_draft,question,Compute chromatic number in O*(2ⁿ) time using only polynomial space.,Parameterized Algorithms,2016,§10.2; PDF page 343,https://parameterized-algorithms.mimuw.edu.pl/,https://parameterized-algorithms.mimuw.edu.pl/parameterized-algorithms.pdf#page=343
cygan2015/04,TCS-6729,new_draft,question,Construct linear representations of transversal matroids deterministically in polynomial time.,Parameterized Algorithms,2016,§12.1.4; PDF page 399,https://parameterized-algorithms.mimuw.edu.pl/,https://parameterized-algorithms.mimuw.edu.pl/parameterized-algorithms.pdf#page=399
cygan2015/06,TCS-6731,new_draft,question,"Separate levels of the W-hierarchy, including the Independent Set and Dominating Set levels.",Parameterized Algorithms,2016,§13.3; PDF page 451,https://parameterized-algorithms.mimuw.edu.pl/,https://parameterized-algorithms.mimuw.edu.pl/parameterized-algorithms.pdf#page=451
cygan2015/08,TCS-6593 | TCS-6595,existing_card,conjecture,Resolve the Exponential-Time Hypothesis and its strong version.,Parameterized Algorithms,2016,Conjectures 14.1–14.2; PDF page 485,https://parameterized-algorithms.mimuw.edu.pl/,https://parameterized-algorithms.mimuw.edu.pl/parameterized-algorithms.pdf#page=485
cygan2015/10,TCS-6594,existing_card,conjecture,Resolve the Set Cover Conjecture.,Parameterized Algorithms,2016,Conjecture 14.36; PDF page 523,https://parameterized-algorithms.mimuw.edu.pl/,https://parameterized-algorithms.mimuw.edu.pl/parameterized-algorithms.pdf#page=523
cygan2015/11,TCS-6734,new_draft,question,Separate polynomial compression from polynomial kernelization for natural problems.,Parameterized Algorithms,2016,§15.1.2; PDF page 549,https://parameterized-algorithms.mimuw.edu.pl/,https://parameterized-algorithms.mimuw.edu.pl/parameterized-algorithms.pdf#page=549
dwork_roth/02,TCS-6825,new_draft,question,Can computational privacy improve achievable utility in the trusted-curator model?,The Algorithmic Foundations of Differential Privacy,2014,§9.3; PDF page 191,https://www.cis.upenn.edu/~aaroth/privacybook.html,https://www.cis.upenn.edu/~aaroth/Papers/privacybook.pdf#page=191
edge_modification/12,TCS-7022,new_draft,question,Polynomial kernel for Planar Deletion?,A Survey of Parameterized Algorithms and the Complexity of Edge Modification,2020,Open problem 2.12; PDF page 13,https://arxiv.org/abs/2001.06867,https://arxiv.org/pdf/2001.06867#page=13
edge_modification/13,TCS-7023,new_draft,question,Polynomial kernel for H-minor-free Deletion?,A Survey of Parameterized Algorithms and the Complexity of Edge Modification,2020,Open problem 2.13; PDF page 13,https://arxiv.org/abs/2001.06867,https://arxiv.org/pdf/2001.06867#page=13
edge_modification/17,TCS-7027,new_draft,question,Is Perfect Deletion FPT?,A Survey of Parameterized Algorithms and the Complexity of Edge Modification,2020,Open problem 2.17; PDF page 13,https://arxiv.org/abs/2001.06867,https://arxiv.org/pdf/2001.06867#page=13
edge_modification/23,TCS-7033,new_draft,question,Polynomial kernels for directed feedback vertex/arc set?,A Survey of Parameterized Algorithms and the Complexity of Edge Modification,2020,Open problem 3.1; PDF page 18,https://arxiv.org/abs/2001.06867,https://arxiv.org/pdf/2001.06867#page=18
edge_modification/25,TCS-7035,new_draft,question,"Single-exponential FPT for directed feedback sets, including planar vertex deletion?",A Survey of Parameterized Algorithms and the Complexity of Edge Modification,2020,Open problem 3.3; PDF page 19,https://arxiv.org/abs/2001.06867,https://arxiv.org/pdf/2001.06867#page=19
edge_modification/26,TCS-7036,new_draft,question,Classify directed three-terminal-pair Edge Multicut by cut size.,A Survey of Parameterized Algorithms and the Complexity of Edge Modification,2020,Open problem 3.4; PDF page 19,https://arxiv.org/abs/2001.06867,https://arxiv.org/pdf/2001.06867#page=19
edge_modification/51,TCS-7061,new_draft,research_direction,Find a polynomial-time/NP-hard dichotomy for hereditary edge-deletion problems.,A Survey of Parameterized Algorithms and the Complexity of Edge Modification,2020,"Introduction, dichotomy; PDF page 2",https://arxiv.org/abs/2001.06867,https://arxiv.org/pdf/2001.06867#page=2
edge_modification/65,TCS-7075,new_draft,question,Determine complexity of unrestricted vertex-connectivity augmentation beyond increasing connectivity by one.,A Survey of Parameterized Algorithms and the Complexity of Edge Modification,2020,"§3.2, vertex connectivity; PDF page 21",https://arxiv.org/abs/2001.06867,https://arxiv.org/pdf/2001.06867#page=21
enumeration_strozecki/01,TCS-7082,new_draft,question,"Find a natural OutputP problem outside IncP, including the proposed K_t-free domination candidate.","Enumeration Complexity: Incremental Time, Delay and Space",2021,Open problem 3.1; PDF page 22,https://arxiv.org/abs/2309.17042,https://arxiv.org/pdf/2309.17042#page=22
enumeration_strozecki/03,TCS-7084,new_draft,question,Conditionally separate DelayP and IncP from their polynomial-space versions.,"Enumeration Complexity: Incremental Time, Delay and Space",2021,Open problem 4.1; PDF page 32,https://arxiv.org/abs/2309.17042,https://arxiv.org/pdf/2309.17042#page=32
enumeration_strozecki/04,TCS-7085,new_draft,question,"Separate memoryless NextP from DelayP, preferably even polynomial-space DelayP.","Enumeration Complexity: Incremental Time, Delay and Space",2021,Open problem 4.2; PDF page 32,https://arxiv.org/abs/2309.17042,https://arxiv.org/pdf/2309.17042#page=32
enumeration_strozecki/05,TCS-7086,new_draft,question,Enumerate binary-matroid circuits in incremental polynomial time and polynomial space.,"Enumeration Complexity: Incremental Time, Delay and Space",2021,Open problem 4.3; PDF page 33,https://arxiv.org/abs/2309.17042,https://arxiv.org/pdf/2309.17042#page=33
enumeration_strozecki/06,TCS-7087,new_draft,question,Amortize unknown incremental delay while retaining polynomial space and polynomial delay.,"Enumeration Complexity: Incremental Time, Delay and Space",2021,Open problem 4.4; PDF page 37,https://arxiv.org/abs/2309.17042,https://arxiv.org/pdf/2309.17042#page=37
enumeration_strozecki/07,TCS-7088,new_draft,conjecture,Exclude strong polynomial delay for DNF-model enumeration under a standard hypothesis.,"Enumeration Complexity: Incremental Time, Delay and Space",2021,Open problem 5.1; Conjecture 5.1.1; PDF page 41,https://arxiv.org/abs/2309.17042,https://arxiv.org/pdf/2309.17042#page=41
enumeration_strozecki/09,TCS-7090,new_draft,question,Conditionally separate strong polynomial delay from polynomial delay.,"Enumeration Complexity: Incremental Time, Delay and Space",2021,Open problem 5.3; PDF page 43,https://arxiv.org/abs/2309.17042,https://arxiv.org/pdf/2309.17042#page=43
enumeration_strozecki/10,TCS-7091,new_draft,question,Characterize when constant amortized enumeration becomes constant worst-case delay.,"Enumeration Complexity: Incremental Time, Delay and Space",2021,Open problem 5.4; PDF page 45,https://arxiv.org/abs/2309.17042,https://arxiv.org/pdf/2309.17042#page=45
enumeration_strozecki/18,TCS-7099,new_draft,question,Establish a finite-domain enumeration-CSP dichotomy.,"Enumeration Complexity: Incremental Time, Delay and Space",2021,Open problem 7.7; PDF page 59,https://arxiv.org/abs/2309.17042,https://arxiv.org/pdf/2309.17042#page=59
enumeration_strozecki/31,TCS-7112,new_draft,question,Enumerate minimal hypergraph transversals in output-polynomial time.,"Enumeration Complexity: Incremental Time, Delay and Space",2021,"§7.1, unnumbered transversal problem; PDF page 54",https://arxiv.org/abs/2309.17042,https://arxiv.org/pdf/2309.17042#page=54
enumeration_strozecki/32,TCS-7113,new_draft,question,Derandomize identity testing for explicitly represented arithmetic circuits.,"Enumeration Complexity: Incremental Time, Delay and Space",2021,"§7.3.3, polynomial identity testing; PDF page 67",https://arxiv.org/abs/2309.17042,https://arxiv.org/pdf/2309.17042#page=67
expanders/02,TCS-6874,new_draft,conjecture,Do arbitrarily large d-regular Ramanujan graphs exist for every d≥3?,Expander Graphs and Their Applications,2006,Conjecture 5.13; PDF page 53,https://www.math.ias.edu/avi/node/974,https://www.math.ias.edu/~avi/BOOKS/expanderbookr1.pdf#page=53
expanders/03,TCS-6875,new_draft,conjecture,Find two-lifts or adjacency signings with the stated two-sided Ramanujan spectral bounds.,Expander Graphs and Their Applications,2006,Conjectures 6.8–6.10; PDF page 57,https://www.math.ias.edu/avi/node/974,https://www.math.ias.edu/~avi/BOOKS/expanderbookr1.pdf#page=57
expanders/07,TCS-6879,new_draft,question,Explicitly construct regular graphs with vertex expansion approaching d−2 on small sets.,Expander Graphs and Their Applications,2006,Open Problem 10.8; PDF page 87,https://www.math.ias.edu/avi/node/974,https://www.math.ias.edu/~avi/BOOKS/expanderbookr1.pdf#page=87
expanders/08,TCS-6880,new_draft,question,Approximate the cut cone within constant distortion using a cone with efficient separation.,Expander Graphs and Their Applications,2006,Open Problem 13.11; PDF page 113,https://www.math.ias.edu/avi/node/974,https://www.math.ias.edu/~avi/BOOKS/expanderbookr1.pdf#page=113
fair2022/01,TCS-1115,existing_card,question,Compute an EF1 and Pareto-optimal allocation in polynomial time.,Fair Division of Indivisible Goods: A Survey,2022,Open Problem 1; PDF page 4,https://arxiv.org/abs/2202.07551,https://www.cs.toronto.edu/~nisarg/teaching/2556s22/papers/fair-division-survey.pdf#page=4
fair2022/02,TCS-0011,existing_card,question,Do EFX allocations exist for at least four agents with unrestricted additive valuations?,Fair Division of Indivisible Goods: A Survey,2022,Open Problem 2; PDF page 5,https://arxiv.org/abs/2202.07551,https://www.cs.toronto.edu/~nisarg/teaching/2556s22/papers/fair-division-survey.pdf#page=5
fair2022/03,TCS-1116,existing_card,question,Determine the best universally guaranteed multiplicative EFX approximation.,Fair Division of Indivisible Goods: A Survey,2022,Open Problem 3; PDF page 5,https://arxiv.org/abs/2202.07551,https://www.cs.toronto.edu/~nisarg/teaching/2556s22/papers/fair-division-survey.pdf#page=5
fair2022/08,TCS-1119,existing_card,question,Do pairwise maximin-share allocations always exist?,Fair Division of Indivisible Goods: A Survey,2022,Open Problem 8; PDF page 8,https://arxiv.org/abs/2202.07551,https://www.cs.toronto.edu/~nisarg/teaching/2556s22/papers/fair-division-survey.pdf#page=8
fine_grained/01,TCS-6934,new_draft,question,Prove superlinear unconditional SAT time lower bounds in robust unrestricted computation models; establish stronger exponential lower bounds.,On Some Fine-Grained Questions in Algorithms and Complexity,2018,"§1, SAT lower bounds; PDF page 2",https://people.csail.mit.edu/virgi/,https://people.csail.mit.edu/virgi/eccentri.pdf#page=2
fine_grained/02,TCS-0001,existing_card,conjecture,P differs from NP.,On Some Fine-Grained Questions in Algorithms and Complexity,2018,"§1, P versus NP; PDF page 2",https://people.csail.mit.edu/virgi/,https://people.csail.mit.edu/virgi/eccentri.pdf#page=2
fine_grained/03,TCS-6935,new_draft,conjecture,For every ε>0 some clause width k precludes randomized O(2^((1−ε)n)) time for k-SAT.,On Some Fine-Grained Questions in Algorithms and Complexity,2018,"Hypothesis 1, SETH; PDF page 4",https://people.csail.mit.edu/virgi/,https://people.csail.mit.edu/virgi/eccentri.pdf#page=4
fine_grained/05,TCS-6937,new_draft,conjecture,Weighted APSP admits no randomized truly subcubic algorithm in the stated integer-weight regime.,On Some Fine-Grained Questions in Algorithms and Complexity,2018,"Hypothesis 3, APSP; PDF page 6",https://people.csail.mit.edu/virgi/,https://people.csail.mit.edu/virgi/eccentri.pdf#page=6
fine_grained/08,TCS-6940,new_draft,question,Is tree edit distance fine-grained equivalent to APSP?,On Some Fine-Grained Questions in Algorithms and Complexity,2018,"§4, tree edit distance; PDF page 14",https://people.csail.mit.edu/virgi/,https://people.csail.mit.edu/virgi/eccentri.pdf#page=14
fine_grained/10,TCS-6942,new_draft,question,Does the Orthogonal Vectors hypothesis imply the Hitting Set hypothesis?,On Some Fine-Grained Questions in Algorithms and Complexity,2018,"§5, relationship of hypotheses; PDF page 16",https://people.csail.mit.edu/virgi/,https://people.csail.mit.edu/virgi/eccentri.pdf#page=16
fine_grained/12,TCS-6944,new_draft,conjecture,Edge-weighted Min-Weight k-Clique requires randomized n^(k−o(1)) time in the specified weight range.,On Some Fine-Grained Questions in Algorithms and Complexity,2018,"Hypothesis 7, Min-Weight k-Clique; PDF page 16",https://people.csail.mit.edu/virgi/,https://people.csail.mit.edu/virgi/eccentri.pdf#page=16
fine_grained/13,TCS-6945,new_draft,conjecture,Exact-weight k-Clique requires randomized n^(k−o(1)) time in the specified weight range.,On Some Fine-Grained Questions in Algorithms and Complexity,2018,"Hypothesis 8, Exact k-Clique; PDF page 16",https://people.csail.mit.edu/virgi/,https://people.csail.mit.edu/virgi/eccentri.pdf#page=16
fine_grained/14,TCS-6946,new_draft,question,Determine fine-grained relationships between APSP and 3-SUM.,On Some Fine-Grained Questions in Algorithms and Complexity,2018,"§5, comparison with 3-SUM; PDF page 16",https://people.csail.mit.edu/virgi/,https://people.csail.mit.edu/virgi/eccentri.pdf#page=16
fine_grained/16,TCS-6503,existing_card,conjecture,Online Boolean matrix-vector multiplication for n queries requires randomized total time n^(3−o(1)).,On Some Fine-Grained Questions in Algorithms and Complexity,2018,"Hypothesis 9, OMV; PDF page 17",https://people.csail.mit.edu/virgi/,https://people.csail.mit.edu/virgi/eccentri.pdf#page=17
fine_grained/18,TCS-6949,new_draft,conjecture,"Circuit-SAT for the described richer representation classes, especially polynomial-size polylog-depth circuits, requires 2^(n−o(n)) time.",On Some Fine-Grained Questions in Algorithms and Complexity,2018,"§6, C-SETH and NC-SETH; PDF page 18",https://people.csail.mit.edu/virgi/,https://people.csail.mit.edu/virgi/eccentri.pdf#page=18
fine_grained/19,TCS-6950,new_draft,conjecture,"At least one of SETH, the APSP hypothesis and the 3-SUM hypothesis is true.",On Some Fine-Grained Questions in Algorithms and Complexity,2018,"§6, disjunction of hypotheses; PDF page 19",https://people.csail.mit.edu/virgi/,https://people.csail.mit.edu/virgi/eccentri.pdf#page=19
fine_grained/21,TCS-6952,new_draft,research_direction,Prove strong unconditional lower bounds for suitably space-restricted 3-SUM algorithms.,On Some Fine-Grained Questions in Algorithms and Complexity,2018,"§7, algorithmic time–space tradeoffs; PDF page 20",https://people.csail.mit.edu/virgi/,https://people.csail.mit.edu/virgi/eccentri.pdf#page=20
geometry_cabello/03,TCS-6965,new_draft,question,Compute maximum matchings of unit-disk or unit-square intersection graphs in near-linear time.,Some Open Problems in Computational Geometry,2020,"§3, uncolored intersections; PDF page 3",https://drops.dagstuhl.de/entities/document/10.4230/LIPIcs.MFCS.2020.2,https://drops.dagstuhl.de/storage/00lipics/lipics-vol170-mfcs2020/LIPIcs.MFCS.2020.2/LIPIcs.MFCS.2020.2.pdf#page=3
goldreich2017/01,TCS-1025,existing_card,question,Determine the exact rejection-versus-distance curve of the homomorphism tester.,Introduction to Property Testing (April 2017 manuscript),2017,Open Problem 2.4; PDF page 72,https://www.wisdom.weizmann.ac.il/~oded/pt-intro.html,https://www.wisdom.weizmann.ac.il/~oded/PDF/pt-v3.pdf#page=72
goldreich2017/04,TCS-1027 | TCS-1028,existing_card,question,Improve dense-graph bipartiteness testing below quadratic reciprocal-distance dependence; establish Conjecture 8.10 that the specified random induced subgraph preserves distance from bipartiteness.,Introduction to Property Testing (April 2017 manuscript),2017,Open Problem 8.9; Conjecture 8.10; PDF page 204,https://www.wisdom.weizmann.ac.il/~oded/pt-intro.html,https://www.wisdom.weizmann.ac.il/~oded/PDF/pt-v3.pdf#page=204
goldreich2017/05,TCS-1029,existing_card,question,Sharply bound copies of H in graphs far from H-free.,Introduction to Property Testing (April 2017 manuscript),2017,Open Problem 8.17; PDF page 210,https://www.wisdom.weizmann.ac.il/~oded/pt-intro.html,https://www.wisdom.weizmann.ac.il/~oded/PDF/pt-v3.pdf#page=210
goldreich2017/06,TCS-1030,existing_card,question,Characterize dense-graph properties testable with polynomial reciprocal-distance queries.,Introduction to Property Testing (April 2017 manuscript),2017,Open Problem 8.26; PDF page 221,https://www.wisdom.weizmann.ac.il/~oded/pt-intro.html,https://www.wisdom.weizmann.ac.il/~oded/PDF/pt-v3.pdf#page=221
goldreich2017/07,TCS-6736,new_draft,question,Establish nearly quadratic adaptive versus nonadaptive testing gaps.,Introduction to Property Testing (April 2017 manuscript),2017,Open Problem 8.27; PDF page 223,https://www.wisdom.weizmann.ac.il/~oded/pt-intro.html,https://www.wisdom.weizmann.ac.il/~oded/PDF/pt-v3.pdf#page=223
goldreich2017/09,TCS-6737,new_draft,question,Test minor-closed bounded-degree graph properties with polynomial dependence on degree and proximity.,Introduction to Property Testing (April 2017 manuscript),2017,Open Problem 9.26; PDF page 268,https://www.wisdom.weizmann.ac.il/~oded/pt-intro.html,https://www.wisdom.weizmann.ac.il/~oded/PDF/pt-v3.pdf#page=268
goldreich2017/10,TCS-1033,existing_card,question,Relate ordinary and tolerant testing complexity for natural dense-graph property classes.,Introduction to Property Testing (April 2017 manuscript),2017,Open Problem 12.4; PDF page 366,https://www.wisdom.weizmann.ac.il/~oded/pt-intro.html,https://www.wisdom.weizmann.ac.il/~oded/PDF/pt-v3.pdf#page=366
goldreich2017/11,TCS-6738,new_draft,question,Determine existence of linear-length locally testable codes and proofs.,Introduction to Property Testing (April 2017 manuscript),2017,Open Problem 13.12; PDF page 414,https://www.wisdom.weizmann.ac.il/~oded/pt-intro.html,https://www.wisdom.weizmann.ac.il/~oded/PDF/pt-v3.pdf#page=414
goldreich2017/12,TCS-6739,new_draft,question,Separate lengths achievable by locally decodable and relaxed locally decodable codes.,Introduction to Property Testing (April 2017 manuscript),2017,§13.4 discussion; PDF page 423,https://www.wisdom.weizmann.ac.il/~oded/pt-intro.html,https://www.wisdom.weizmann.ac.il/~oded/PDF/pt-v3.pdf#page=423
goldreich2017/16,TCS-6743,new_draft,conjecture,Every nontrivial monotone property of k-vertex graphs requires Ω(k²) randomized adjacency queries for exact recognition.,Introduction to Property Testing (April 2017 manuscript),2017,"§8.6.3, randomized graph-property recognition; PDF page 227",https://www.wisdom.weizmann.ac.il/~oded/pt-intro.html,https://www.wisdom.weizmann.ac.il/~oded/PDF/pt-v3.pdf#page=227
goldreich2017/17,TCS-6744,new_draft,research_direction,"Complete the characterization of bounded-degree graph properties admitting constant-query one-sided proximity-oblivious testers, removing the stated combinatorial-conjecture dependency.",Introduction to Property Testing (April 2017 manuscript),2017,"§9.7, proximity-oblivious testers; PDF page 280",https://www.wisdom.weizmann.ac.il/~oded/pt-intro.html,https://www.wisdom.weizmann.ac.il/~oded/PDF/pt-v3.pdf#page=280
goldreich2017/20,TCS-0001,existing_card,conjecture,P differs from NP.,Introduction to Property Testing (April 2017 manuscript),2017,"§12.6, motivating complexity conjecture; PDF page 377",https://www.wisdom.weizmann.ac.il/~oded/pt-intro.html,https://www.wisdom.weizmann.ac.il/~oded/PDF/pt-v3.pdf#page=377
goldreich2017/21,TCS-6747,new_draft,question,Is graph nonisomorphism in BPP?,Introduction to Property Testing (April 2017 manuscript),2017,"§13, footnote 28; PDF page 401",https://www.wisdom.weizmann.ac.il/~oded/pt-intro.html,https://www.wisdom.weizmann.ac.il/~oded/PDF/pt-v3.pdf#page=401
infinite_csp/03,TCS-7116,new_draft,question,Is every NP problem polynomial-time equivalent to an ω-categorical-template CSP?,Constraint Satisfaction Problems with Infinite Templates,2008,Question 2; PDF page 15,https://www.lix.polytechnique.fr/~bodirsky/publications/csp-survey.pdf,https://www.lix.polytechnique.fr/~bodirsky/publications/csp-survey.pdf#page=15
infinite_csp/04,TCS-7117,new_draft,question,Can every CSP in SNP be represented by an ω-categorical template?,Constraint Satisfaction Problems with Infinite Templates,2008,Question 3; §12.3; PDF page 15,https://www.lix.polytechnique.fr/~bodirsky/publications/csp-survey.pdf,https://www.lix.polytechnique.fr/~bodirsky/publications/csp-survey.pdf#page=15
infinite_csp/11,TCS-7124,new_draft,question,Which CSPs in NP are definable in SNP?,Constraint Satisfaction Problems with Infinite Templates,2008,"§12.3, final question; PDF page 27",https://www.lix.polytechnique.fr/~bodirsky/publications/csp-survey.pdf,https://www.lix.polytechnique.fr/~bodirsky/publications/csp-survey.pdf#page=27
jukna2012/02,TCS-1043,existing_card,question,Exhibit graphs with superlogarithmic nondeterministic clique-versus-independent-set communication complexity.,Boolean Function Complexity: Advances and Frontiers (author's early draft),2012,Research Problem 4.15; PDF page 110,https://web.vu.lt/mif/s.jukna/boolean/index.html,https://web.vu.lt/mif/s.jukna/boolean/bool-V7.pdf#page=110
jukna2012/03,TCS-1047,existing_card,question,Is formula size polynomially bounded by the stated monochromatic partition measure?,Boolean Function Complexity: Advances and Frontiers (author's early draft),2012,Research Problem 6.24; PDF page 183,https://web.vu.lt/mif/s.jukna/boolean/index.html,https://web.vu.lt/mif/s.jukna/boolean/bool-V7.pdf#page=183
jukna2012/04,TCS-6715,new_draft,question,Separate polynomial-size monotone circuits from superpolynomial monotone span-program size.,Boolean Function Complexity: Advances and Frontiers (author's early draft),2012,Research Problem 8.7; PDF page 236,https://web.vu.lt/mif/s.jukna/boolean/index.html,https://web.vu.lt/mif/s.jukna/boolean/bool-V7.pdf#page=236
jukna2012/05,TCS-6716,new_draft,question,Separate ordinary and monotone span-program size for monotone functions.,Boolean Function Complexity: Advances and Frontiers (author's early draft),2012,Research Problem 8.12; PDF page 239,https://web.vu.lt/mif/s.jukna/boolean/index.html,https://web.vu.lt/mif/s.jukna/boolean/bool-V7.pdf#page=239
jukna2012/06,TCS-6717,new_draft,question,Strengthen monotone perfect-matching circuit lower bounds to stretched exponential.,Boolean Function Complexity: Advances and Frontiers (author's early draft),2012,Research Problem 9.39; PDF page 283,https://web.vu.lt/mif/s.jukna/boolean/index.html,https://web.vu.lt/mif/s.jukna/boolean/bool-V7.pdf#page=283
jukna2012/07,TCS-1052 | TCS-1053,existing_card,question,Strengthen explicit depth-three Boolean circuit lower bounds beyond the stated barriers.,Boolean Function Complexity: Advances and Frontiers (author's early draft),2012,Research Problems 11.2 and 11.15; PDF page 306,https://web.vu.lt/mif/s.jukna/boolean/index.html,https://web.vu.lt/mif/s.jukna/boolean/bool-V7.pdf#page=306
jukna2012/08,TCS-1054,existing_card,question,Prove exponential lower bounds for unrestricted depth-two threshold circuits.,Boolean Function Complexity: Advances and Frontiers (author's early draft),2012,Research Problem 11.40; PDF page 334,https://web.vu.lt/mif/s.jukna/boolean/index.html,https://web.vu.lt/mif/s.jukna/boolean/bool-V7.pdf#page=334
jukna2012/09,TCS-1056,existing_card,question,Prove or refute that Majority lies outside ACC⁰.,Boolean Function Complexity: Advances and Frontiers (author's early draft),2012,Research Problem 12.28; PDF page 359,https://web.vu.lt/mif/s.jukna/boolean/index.html,https://web.vu.lt/mif/s.jukna/boolean/bool-V7.pdf#page=359
jukna2012/10,TCS-6718,new_draft,question,Prove exponential lower bounds for weakly read-once nondeterministic branching programs.,Boolean Function Complexity: Advances and Frontiers (author's early draft),2012,Research Problem 16.12; PDF page 461,https://web.vu.lt/mif/s.jukna/boolean/index.html,https://web.vu.lt/mif/s.jukna/boolean/bool-V7.pdf#page=461
knowledge_compilation/01,TCS-7129,new_draft,question,Can prime-implicate representations always be expressed as polynomial-size DNNF?,A Knowledge Compilation Map,2002,"Table 3, DNNF / PI; PDF page 9",https://arxiv.org/abs/1106.1819,https://arxiv.org/pdf/1106.1819#page=9
knowledge_compilation/02,TCS-7130,new_draft,question,Can prime-implicate representations always be expressed as polynomial-size deterministic DNNF?,A Knowledge Compilation Map,2002,"Table 3, d-DNNF and sd-DNNF / PI; PDF page 9",https://arxiv.org/abs/1106.1819,https://arxiv.org/pdf/1106.1819#page=9
knowledge_compilation/03,TCS-7131,new_draft,question,Can prime-implicant representations always be expressed as polynomial-size deterministic DNNF?,A Knowledge Compilation Map,2002,"Table 3, d-DNNF and sd-DNNF / IP; PDF page 9",https://arxiv.org/abs/1106.1819,https://arxiv.org/pdf/1106.1819#page=9
knowledge_compilation/04,TCS-7132,new_draft,question,Is prime-implicate representation polynomially succinct relative to explicit model enumeration?,A Knowledge Compilation Map,2002,"Table 3, PI / MODS; PDF page 9",https://arxiv.org/abs/1106.1819,https://arxiv.org/pdf/1106.1819#page=9
knowledge_compilation/06,TCS-7134,new_draft,question,Is equivalence testing polynomial-time for free binary decision diagrams?,A Knowledge Compilation Map,2002,"Table 5, EQ for FBDD; PDF page 11",https://arxiv.org/abs/1106.1819,https://arxiv.org/pdf/1106.1819#page=11
knowledge_compilation/07,TCS-7135,new_draft,question,Are deterministic DNNF and smooth deterministic DNNF closed under polynomial-time negation?,A Knowledge Compilation Map,2002,"Table 7, negation; discussion p.15; PDF page 14",https://arxiv.org/abs/1106.1819,https://arxiv.org/pdf/1106.1819#page=14
local_algorithms/01,TCS-6916,new_draft,question,Give coefficient-independent local approximation schemes for packing or covering LPs on bounded-degree graphs.,Survey of Local Algorithms,2013,Problem 1; PDF page 37,https://www.cs.helsinki.fi/local-survey/,https://jukkasuomela.fi/doc/local-survey.pdf#page=37
local_algorithms/03,TCS-6918,new_draft,question,"Separate constant-time algorithms using identifier values from order-invariant algorithms, without consecutive-ID promises.",Survey of Local Algorithms,2013,Problem 3; PDF page 37,https://www.cs.helsinki.fi/local-survey/,https://jukkasuomela.fi/doc/local-survey.pdf#page=37
loop_termination/01,TCS-4577,existing_card,question,"Decide whether an integer linear recurrence ever equals zero, including the unresolved order-five case.",On Linear Recurrence Sequences and Loop Termination,2015,"§1, Skolem Problem; also §4; PDF page 2",https://people.mpi-sws.org/~joel/publications/lrs-survey15abs.html,https://people.mpi-sws.org/~joel/publications/lrs-survey15.pdf#page=2
loop_termination/02,TCS-6565,existing_card,question,Decide nonnegativity of every term; unresolved cases include general order six and simple orders above nine.,On Linear Recurrence Sequences and Loop Termination,2015,"§1, Positivity; PDF page 2",https://people.mpi-sws.org/~joel/publications/lrs-survey15abs.html,https://people.mpi-sws.org/~joel/publications/lrs-survey15.pdf#page=2
loop_termination/03,TCS-7153,new_draft,question,"Decide eventual nonnegativity for arbitrary linear recurrences, already unresolved at order six.",On Linear Recurrence Sequences and Loop Termination,2015,"§1, Ultimate Positivity; PDF page 2",https://people.mpi-sws.org/~joel/publications/lrs-survey15abs.html,https://people.mpi-sws.org/~joel/publications/lrs-survey15.pdf#page=2
loop_termination/04,TCS-7154,new_draft,question,Compute eventual-positivity thresholds for simple recurrences beyond the established low-order cases.,On Linear Recurrence Sequences and Loop Termination,2015,"§1, effective threshold; PDF page 3",https://people.mpi-sws.org/~joel/publications/lrs-survey15abs.html,https://people.mpi-sws.org/~joel/publications/lrs-survey15.pdf#page=3
loop_termination/06,TCS-7156,new_draft,question,Decide termination over all integer starting states for general affine linear loops with nondiagonalizable updates.,On Linear Recurrence Sequences and Loop Termination,2015,"§3 and §4, integer loops; PDF page 6",https://people.mpi-sws.org/~joel/publications/lrs-survey15abs.html,https://people.mpi-sws.org/~joel/publications/lrs-survey15.pdf#page=6
loop_termination/07,TCS-7157,new_draft,question,Decide termination for loops whose updates are general linear constraints between successive states.,On Linear Recurrence Sequences and Loop Termination,2015,"§4, linear constraint loops; PDF page 8",https://people.mpi-sws.org/~joel/publications/lrs-survey15abs.html,https://people.mpi-sws.org/~joel/publications/lrs-survey15.pdf#page=8
markov_mixing/01,TCS-6839,new_draft,question,Prove polynomial mixing for grid Ising Glauber dynamics with all-plus boundaries at every temperature.,"Markov Chains and Mixing Times, Second Edition",2017,Question 1; PDF page 375,https://pages.uoregon.edu/dlevin/MARKOV/,https://pages.uoregon.edu/dlevin/MARKOV/mcmt2e.pdf#page=375
markov_mixing/02,TCS-6840,new_draft,question,Establish the proposed monotonicity of Ising spectral gaps in temperature and interaction strengths.,"Markov Chains and Mixing Times, Second Edition",2017,Question 2; PDF page 375,https://pages.uoregon.edu/dlevin/MARKOV/,https://pages.uoregon.edu/dlevin/MARKOV/mcmt2e.pdf#page=375
markov_mixing/05,TCS-6843,new_draft,question,Do bounded-degree transitive expanders necessarily exhibit cutoff?,"Markov Chains and Mixing Times, Second Edition",2017,Question 5; PDF page 376,https://pages.uoregon.edu/dlevin/MARKOV/,https://pages.uoregon.edu/dlevin/MARKOV/mcmt2e.pdf#page=376
markov_mixing/08,TCS-6846,new_draft,question,Is lazy transitive-graph mixing bounded by a universal constant times degree times squared diameter?,"Markov Chains and Mixing Times, Second Edition",2017,Question 8; PDF page 377,https://pages.uoregon.edu/dlevin/MARKOV/,https://pages.uoregon.edu/dlevin/MARKOV/mcmt2e.pdf#page=377
markov_mixing/13,TCS-6851,new_draft,question,Can the exact cover time of a finite graph be computed deterministically in polynomial time?,"Markov Chains and Mixing Times, Second Edition",2017,"Chapter 11 notes, computing cover time; PDF page 175",https://pages.uoregon.edu/dlevin/MARKOV/,https://pages.uoregon.edu/dlevin/MARKOV/mcmt2e.pdf#page=175
markov_mixing/19,TCS-6857,new_draft,question,Analyze the convergence and mixing time of the pivot chain on self-avoiding walks.,"Markov Chains and Mixing Times, Second Edition",2017,Example B.5; also p.399; PDF page 402,https://pages.uoregon.edu/dlevin/MARKOV/,https://pages.uoregon.edu/dlevin/MARKOV/mcmt2e.pdf#page=402
nonabelian_crypto/06,TCS-6985,new_draft,question,Determine polycyclic conjugacy-search complexity.,Aspects of Nonabelian Group Based Cryptography: A Survey and Open Problems,2011,§11 Complexity 1; PDF page 27,https://arxiv.org/abs/1103.4093,https://arxiv.org/pdf/1103.4093#page=27
nordstrom2013/02,TCS-6759,new_draft,question,Are resolution total-space and clause-space decision problems PSPACE-complete?,"Pebble Games, Proof Complexity, and Time-Space Trade-offs",2013,Open Problems 2–3; PDF page 25,https://arxiv.org/abs/1307.3913,https://arxiv.org/pdf/1307.3913#page=25
nordstrom2013/07,TCS-6764,new_draft,question,Exhibit linear-size fixed-width CNFs requiring quadratic total resolution space.,"Pebble Games, Proof Complexity, and Time-Space Trade-offs",2013,Open Problem 10; PDF page 50,https://arxiv.org/abs/1307.3913,https://arxiv.org/pdf/1307.3913#page=50
nordstrom2013/08,TCS-6765,new_draft,question,Asymptotically separate resolution clause space from polynomial-calculus-resolution space.,"Pebble Games, Proof Complexity, and Time-Space Trade-offs",2013,Open Problem 11; PDF page 50,https://arxiv.org/abs/1307.3913,https://arxiv.org/pdf/1307.3913#page=50
nordstrom2013/09,TCS-6766,new_draft,question,Does logarithmic resolution clause space imply polynomial proof length?,"Pebble Games, Proof Complexity, and Time-Space Trade-offs",2013,Open Problem 13; PDF page 51,https://arxiv.org/abs/1307.3913,https://arxiv.org/pdf/1307.3913#page=51
nordstrom2013/10,TCS-6767,new_draft,question,"Determine unavoidable length–width tradeoffs, including tight fixed-width length lower bounds.","Pebble Games, Proof Complexity, and Time-Space Trade-offs",2013,Open Problems 14–15; PDF page 51,https://arxiv.org/abs/1307.3913,https://arxiv.org/pdf/1307.3913#page=51
nordstrom2013/11,TCS-6768,new_draft,question,Can constant-space refutations always be made simultaneously polynomial-length and constant-space?,"Pebble Games, Proof Complexity, and Time-Space Trade-offs",2013,Open Problem 16; PDF page 52,https://arxiv.org/abs/1307.3913,https://arxiv.org/pdf/1307.3913#page=52
nordstrom2013/13,TCS-6770,new_draft,question,Is unrestricted cutting planes strictly stronger than the polynomial-coefficient subsystem CP*?,"Pebble Games, Proof Complexity, and Time-Space Trade-offs",2013,"§2, cutting planes; PDF page 12",https://arxiv.org/abs/1307.3913,https://arxiv.org/pdf/1307.3913#page=12
nordstrom2013/14,TCS-6771,new_draft,question,Is linear resolution strictly weaker than general resolution?,"Pebble Games, Proof Complexity, and Time-Space Trade-offs",2013,"§3.2, resolution refinements; PDF page 22",https://arxiv.org/abs/1307.3913,https://arxiv.org/pdf/1307.3913#page=22
nordstrom2013/15,TCS-6772,new_draft,question,"Is the resolution variable-space decision problem in PSPACE, closing the gap to the EXPSPACE upper bound?","Pebble Games, Proof Complexity, and Time-Space Trade-offs",2013,"§3.4, variable space; PDF page 24",https://arxiv.org/abs/1307.3913,https://arxiv.org/pdf/1307.3913#page=24
numerical_sketching/01,TCS-7006,new_draft,conjecture,Achieve optimal subspace-embedding dimension with the conjectured input-sparsity running time and failure dependence.,Sketching as a Tool for Numerical Linear Algebra,2015,"§2, sparse embedding conjecture; PDF page 20",https://arxiv.org/abs/1411.4357,https://arxiv.org/pdf/1411.4357#page=20
numerical_sketching/02,TCS-7007,new_draft,question,Obtain relative spectral low-rank approximation in O(nnz(A))+n·poly(k/ε) time.,Sketching as a Tool for Numerical Linear Algebra,2015,Open Question 1; PDF page 127,https://arxiv.org/abs/1411.4357,https://arxiv.org/pdf/1411.4357#page=127
numerical_sketching/03,TCS-7008,new_draft,question,Obtain polynomial-time relative low-rank approximation in entrywise ℓ₁ error.,Sketching as a Tool for Numerical Linear Algebra,2015,Open Question 2; PDF page 127,https://arxiv.org/abs/1411.4357,https://arxiv.org/pdf/1411.4357#page=127
numerical_sketching/05,TCS-7010,new_draft,question,Determine optimal linear-sketch dimension for constant-factor approximation of the nuclear norm.,Sketching as a Tool for Numerical Linear Algebra,2015,Open Question 4; PDF page 129,https://arxiv.org/abs/1411.4357,https://arxiv.org/pdf/1411.4357#page=129
odonnell2021/01,TCS-6581,existing_card,conjecture,Is the Fourier spectrum of a small DNF concentrated on a correspondingly small set?,Analysis of Boolean Functions (updated author edition),2021,"§4.1, Mansour’s conjecture; PDF page 96",https://arxiv.org/abs/2105.10386,https://arxiv.org/pdf/2105.10386#page=96
odonnell2021/02,TCS-6705,new_draft,conjecture,Does every linear threshold function have degree-at-most-one Fourier weight at least 2/π?,Analysis of Boolean Functions (updated author edition),2021,Conjecture 5.3; PDF page 115,https://arxiv.org/abs/2105.10386,https://arxiv.org/pdf/2105.10386#page=115
odonnell2021/03,TCS-6543,existing_card,question,Can growing-size juntas be learned from uniformly random examples in polynomial time?,Analysis of Boolean Functions (updated author edition),2021,§6.4; PDF page 156,https://arxiv.org/abs/2105.10386,https://arxiv.org/pdf/2105.10386#page=156
odonnell2021/05,TCS-6707,new_draft,question,Determine the asymptotic randomized decision-tree complexity of recursive majority-of-three.,Analysis of Boolean Functions (updated author edition),2021,"§8.4, Example 8.64; PDF page 231",https://arxiv.org/abs/2105.10386,https://arxiv.org/pdf/2105.10386#page=231
odonnell2021/06,TCS-6605,existing_card,conjecture,Must a bounded low-degree polynomial have an influence polynomially large in variance divided by degree?,Analysis of Boolean Functions (updated author edition),2021,"§8.7, Aaronson–Ambainis conjecture; PDF page 246",https://arxiv.org/abs/2105.10386,https://arxiv.org/pdf/2105.10386#page=246
odonnell2021/07,TCS-6708,new_draft,question,Must some squared Fourier coefficient be at least exp(−O(total influence))?,Analysis of Boolean Functions (updated author edition),2021,§9.6; PDF page 270,https://arxiv.org/abs/2105.10386,https://arxiv.org/pdf/2105.10386#page=270
peikert/01,TCS-6861,new_draft,question,Classically obtain the full worst-case LWE hardness guarantees of the quantum reduction.,A Decade of Lattice Cryptography,2016,Question 1; PDF page 76,https://eprint.iacr.org/2015/939,https://eprint.iacr.org/2015/939.pdf#page=76
peikert/03,TCS-6863,new_draft,question,"Do ideal-lattice algorithms outperform general-lattice algorithms, including attacks on ring-SIS/LWE?",A Decade of Lattice Cryptography,2016,Question 3; PDF page 76,https://eprint.iacr.org/2015/939,https://eprint.iacr.org/2015/939.pdf#page=76
peikert/04,TCS-6864,new_draft,question,Give a meaningful classical worst-case reduction for ring-LWE.,A Decade of Lattice Cryptography,2016,Question 4; PDF page 77,https://eprint.iacr.org/2015/939,https://eprint.iacr.org/2015/939.pdf#page=77
peikert/08,TCS-6868,new_draft,question,Give worst-case or search-to-decision reductions for NTRU-like problems.,A Decade of Lattice Cryptography,2016,Question 8; PDF page 77,https://eprint.iacr.org/2015/939,https://eprint.iacr.org/2015/939.pdf#page=77
peikert/11,TCS-6871,new_draft,question,Base unbounded FHE solely on worst-case complexity assumptions.,A Decade of Lattice Cryptography,2016,Question 11; PDF page 78,https://eprint.iacr.org/2015/939,https://eprint.iacr.org/2015/939.pdf#page=78
pnp_fortnow/01,TCS-0001,existing_card,question,Does P equal NP?,The Status of the P versus NP Problem,2009,§2; PDF page 2,https://lance.fortnow.com/papers/files/pnp-cacm.pdf,https://lance.fortnow.com/papers/files/pnp-cacm.pdf#page=2
pnp_fortnow/02,TCS-0021,existing_card,question,Prove superpolynomial general Boolean-circuit lower bounds for an NP-complete problem.,The Status of the P versus NP Problem,2009,§4.2; PDF page 3,https://lance.fortnow.com/papers/files/pnp-cacm.pdf,https://lance.fortnow.com/papers/files/pnp-cacm.pdf#page=3
pnp_fortnow/03,TCS-0002,existing_card,question,Can all tautologies have polynomially bounded proofs in some propositional proof system?,The Status of the P versus NP Problem,2009,"§4.3, general proof systems; PDF page 3",https://lance.fortnow.com/papers/files/pnp-cacm.pdf,https://lance.fortnow.com/papers/files/pnp-cacm.pdf#page=3
pnp_fortnow/04,TCS-0025,existing_card,question,Prove superpolynomial lower bounds for unrestricted Frege proofs.,The Status of the P versus NP Problem,2009,"§4.3, Frege; PDF page 3",https://lance.fortnow.com/papers/files/pnp-cacm.pdf,https://lance.fortnow.com/papers/files/pnp-cacm.pdf#page=3
pnp_fortnow/05,TCS-6974,new_draft,question,Beat exhaustive assignment search for general formula satisfiability.,The Status of the P versus NP Problem,2009,§5.1; PDF page 3,https://lance.fortnow.com/papers/files/pnp-cacm.pdf,https://lance.fortnow.com/papers/files/pnp-cacm.pdf#page=3
pnp_fortnow/06,TCS-6702,existing_card,question,Do NP-complete problems admit suitable worst-case-to-average-case reductions?,The Status of the P versus NP Problem,2009,§5.4; PDF page 4,https://lance.fortnow.com/papers/files/pnp-cacm.pdf,https://lance.fortnow.com/papers/files/pnp-cacm.pdf#page=4
pnp_fortnow/07,TCS-0006,existing_card,conjecture,Resolve the Unique Games Conjecture.,The Status of the P versus NP Problem,2009,§6; PDF page 4,https://lance.fortnow.com/papers/files/pnp-cacm.pdf,https://lance.fortnow.com/papers/files/pnp-cacm.pdf#page=4
pnp_fortnow/08,TCS-0003,existing_card,question,Can randomized polynomial-time computation be derandomized?,The Status of the P versus NP Problem,2009,§7.2; PDF page 5,https://lance.fortnow.com/papers/files/pnp-cacm.pdf,https://lance.fortnow.com/papers/files/pnp-cacm.pdf#page=5
pnp_fortnow/09,TCS-0037,existing_card,question,Can quantum computers solve NP-complete problems in polynomial time?,The Status of the P versus NP Problem,2009,§8; PDF page 5,https://lance.fortnow.com/papers/files/pnp-cacm.pdf,https://lance.fortnow.com/papers/files/pnp-cacm.pdf#page=5
pnp_fortnow/12,TCS-6977,new_draft,question,Prove that SAT requires more than near-linear time.,The Status of the P versus NP Problem,2009,"§10, SAT; PDF page 6",https://lance.fortnow.com/papers/files/pnp-cacm.pdf,https://lance.fortnow.com/papers/files/pnp-cacm.pdf#page=6
pnp_fortnow/13,TCS-6978,new_draft,question,Separate a given space bound from roughly the same time bound.,The Status of the P versus NP Problem,2009,"§10, time and space; PDF page 6",https://lance.fortnow.com/papers/files/pnp-cacm.pdf,https://lance.fortnow.com/papers/files/pnp-cacm.pdf#page=6
pnp_fortnow/14,TCS-6979,new_draft,question,Could P versus NP be independent of standard mathematical axioms?,The Status of the P versus NP Problem,2009,"§11, formal independence; PDF page 6",https://lance.fortnow.com/papers/files/pnp-cacm.pdf,https://lance.fortnow.com/papers/files/pnp-cacm.pdf#page=6
quantum_algorithms/03,TCS-6933,new_draft,conjecture,Classical computers cannot efficiently sample the Boson Sampling distribution in the regime described in the source.,Quantum Algorithms: An Overview,2016,"§8, Boson Sampling; PDF page 11",https://arxiv.org/abs/1511.04206,https://arxiv.org/pdf/1511.04206#page=11
query_enumeration/01,TCS-7127,new_draft,research_direction,"Determine enumeration complexity under bag semantics, retaining multiplicities of witnesses and supporting aggregate queries.",Constant Delay Enumeration for Conjunctive Queries,2015,"§6, bag semantics; PDF page 7",https://databasetheory.org/sites/default/files/2016-06/segoufin.pdf,https://databasetheory.org/sites/default/files/2016-06/segoufin.pdf#page=7
query_enumeration/02,TCS-7128,new_draft,question,Prove unconditional constant-delay enumeration lower bounds for natural queries such as the distance-two query.,Constant Delay Enumeration for Conjunctive Queries,2015,"§6, unconditional lower bounds; PDF page 7",https://databasetheory.org/sites/default/files/2016-06/segoufin.pdf,https://databasetheory.org/sites/default/files/2016-06/segoufin.pdf#page=7
rank_width/08,TCS-7143,new_draft,conjecture,Large rank-width forces every fixed bipartite circle graph as a pivot-minor.,Rank-width: Algorithmic and Structural Results,2016,Question 5; PDF page 10,https://arxiv.org/abs/1601.03800,https://arxiv.org/pdf/1601.03800#page=10
rank_width/09,TCS-7144,new_draft,question,Does sufficiently large linear rank-width force every fixed tree as a vertex-minor?,Rank-width: Algorithmic and Structural Results,2016,"§4.5, unnumbered; PDF page 10",https://arxiv.org/abs/1601.03800,https://arxiv.org/pdf/1601.03800#page=10
rank_width/10,TCS-7145,new_draft,question,Are all graphs well-quasi-ordered by pivot-minors?,Rank-width: Algorithmic and Structural Results,2016,Question 6; PDF page 11,https://arxiv.org/abs/1601.03800,https://arxiv.org/pdf/1601.03800#page=11
rank_width/11,TCS-7146,new_draft,question,Detect any fixed pivot-minor or vertex-minor in polynomial time.,Rank-width: Algorithmic and Structural Results,2016,Question 7; PDF page 11,https://arxiv.org/abs/1601.03800,https://arxiv.org/pdf/1601.03800#page=11
raoyehudayoff/01,TCS-6710,new_draft,question,Determine tight randomized communication bounds for number-on-forehead set disjointness.,Communication Complexity (early author draft),,"Introduction, multiparty disjointness; PDF page 16",https://yehudayoff.net.technion.ac.il/files/2016/03/book.pdf,https://yehudayoff.net.technion.ac.il/files/2016/03/book.pdf#page=16
raoyehudayoff/02,TCS-6711,new_draft,question,Determine the optimal gap between deterministic communication and logarithmic monochromatic partition size.,Communication Complexity (early author draft),,Open Problem 1.12; PDF page 21,https://yehudayoff.net.technion.ac.il/files/2016/03/book.pdf,https://yehudayoff.net.technion.ac.il/files/2016/03/book.pdf#page=21
raoyehudayoff/03,TCS-6603,existing_card,conjecture,Is deterministic communication bounded by a fixed power of the logarithm of real matrix rank?,Communication Complexity (early author draft),,Conjecture 2.12; PDF page 37,https://yehudayoff.net.technion.ac.il/files/2016/03/book.pdf,https://yehudayoff.net.technion.ac.il/files/2016/03/book.pdf#page=37
raoyehudayoff/04,TCS-6712,new_draft,question,"Can every polynomial-size Boolean circuit be replaced by a polynomial-size, logarithmic-depth circuit?",Communication Complexity (early author draft),,Open Problem 8.3; PDF page 99,https://yehudayoff.net.technion.ac.il/files/2016/03/book.pdf,https://yehudayoff.net.technion.ac.il/files/2016/03/book.pdf#page=99
raoyehudayoff/07,TCS-6714,new_draft,question,Are there polynomial-size logarithmic-depth general Boolean circuits for perfect matching?,Communication Complexity (early author draft),,"§8, perfect matching; PDF page 100",https://yehudayoff.net.technion.ac.il/files/2016/03/book.pdf,https://yehudayoff.net.technion.ac.il/files/2016/03/book.pdf#page=100
repetitive_strings/01,TCS-6920,new_draft,question,"Support fast random access to a string using O(r) words, where r counts BWT runs.",Indexing Highly Repetitive String Collections,2021,"§3, BWT runs; PDF page 20",https://arxiv.org/abs/2004.02781,https://arxiv.org/pdf/2004.02781#page=20
repetitive_strings/09,TCS-6928,new_draft,question,"Can every string be represented in O(γ) words, where γ is its smallest attractor size? Can the O(γ log n) scale always be improved asymptotically?",Indexing Highly Repetitive String Collections,2021,"§3.9, string attractors; also pp.24–25; PDF page 23",https://arxiv.org/abs/2004.02781,https://arxiv.org/pdf/2004.02781#page=23
repetitive_strings/10,TCS-6929,new_draft,question,"What is the smallest reachable repetitiveness measure supporting efficient access or indexing? Specifically, obtain access in O(z_no) space and indexing in O(z_no) or O(v) space.",Indexing Highly Repetitive String Collections,2021,"§3.10, reachability of repetitiveness measures; PDF page 26",https://arxiv.org/abs/2004.02781,https://arxiv.org/pdf/2004.02781#page=26
scheduling2017/13,TCS-6814,new_draft,question,"Job-shop makespan: approximation scheme running in f(m,ε)poly(n)?",Parameterized complexity of machine scheduling: 15 open problems,2017,Open Problem 13; PDF page 7,https://arxiv.org/abs/1709.01670,https://arxiv.org/pdf/1709.01670#page=7
spanners2020/02,TCS-6500,existing_card,conjecture,Resolve the remaining cases of the Erdős girth conjecture.,Graph spanners: a tutorial review,2020,"§2.5, item 2; PDF page 11",https://arxiv.org/abs/1909.03152,https://arxiv.org/pdf/1909.03152#page=11
spanners2020/07,TCS-6782,new_draft,question,Maximize the pair count admitting linear-size pairwise spanners with constant additive error.,Graph spanners: a tutorial review,2020,§7.5; PDF page 33,https://arxiv.org/abs/1909.03152,https://arxiv.org/pdf/1909.03152#page=33
spanners2020/08,TCS-6783,new_draft,question,Does every unweighted graph admit a +4 spanner with O(n^(4/3)) edges?,Graph spanners: a tutorial review,2020,"§8.4, item 1; PDF page 37",https://arxiv.org/abs/1909.03152,https://arxiv.org/pdf/1909.03152#page=37
spanners2020/09,TCS-6784,new_draft,question,Match Thorup–Zwick emulator tradeoffs using actual spanners.,Graph spanners: a tutorial review,2020,"§8.4, item 2; PDF page 37",https://arxiv.org/abs/1909.03152,https://arxiv.org/pdf/1909.03152#page=37
spanners2020/10,TCS-6785,new_draft,question,Determine optimal additive error for linear-size spanners.,Graph spanners: a tutorial review,2020,"§8.4, item 3; PDF page 37",https://arxiv.org/abs/1909.03152,https://arxiv.org/pdf/1909.03152#page=37
spanners2020/12,TCS-6787,new_draft,question,Close the bounds for fault-tolerant sourcewise distance preservers.,Graph spanners: a tutorial review,2020,§12.1; PDF page 55,https://arxiv.org/abs/1909.03152,https://arxiv.org/pdf/1909.03152#page=55
sync_automata/01,TCS-6558,existing_card,conjecture,Every synchronizing n-state automaton admits a reset word of length at most (n−1)².,Synchronizing Automata: Open Problems,2026,Conjecture 1; PDF page 2,https://arxiv.org/abs/2608.24245,https://arxiv.org/pdf/2608.24245#page=2
sync_automata/04,TCS-6995,new_draft,conjecture,Avoid any k<n states of a synchronizing automaton within O(kn) letters.,Synchronizing Automata: Open Problems,2026,Conjecture 5; PDF page 4,https://arxiv.org/abs/2608.24245,https://arxiv.org/pdf/2608.24245#page=4
sync_automata/10,TCS-7001,new_draft,question,"Beat quadratic-time synchronizability testing over a fixed alphabet, or establish conditional barriers.",Synchronizing Automata: Open Problems,2026,Open Problem 13; PDF page 7,https://arxiv.org/abs/2608.24245,https://arxiv.org/pdf/2608.24245#page=7
sync_automata/11,TCS-7002,new_draft,conjecture,Random binary automata have reset threshold Θ(√n) with high probability.,Synchronizing Automata: Open Problems,2026,Conjecture 16; PDF page 8,https://arxiv.org/abs/2608.24245,https://arxiv.org/pdf/2608.24245#page=8
understanding_ml/04,TCS-6832,new_draft,question,"Which inclusions among P, RP and NP are strict?",Understanding Machine Learning: From Theory to Algorithms,2014,"§8.1, randomized computation; PDF page 112",https://www.cs.huji.ac.il/~shais/UnderstandingMachineLearning/,https://www.cs.huji.ac.il/~shais/UnderstandingMachineLearning/understanding-machine-learning-theory-algorithms.pdf#page=112
unification/01,TCS-7125,new_draft,question,Is unification modulo two-sided distributivity together with a multiplicative unit decidable?,Unification Theory,2001,"§3.4, distributivity with a unit; PDF page 40",https://www.cs.bu.edu/fac/snyder/pubs.html,https://www.cs.bu.edu/fac/snyder/publications/UnifChapter.pdf#page=40
unification/02,TCS-0163,existing_card,research_direction,Close the stated gap between NP-hardness and PSPACE for associative unification/word equations.,Unification Theory,2001,"§3.4, associativity complexity; PDF page 39",https://www.cs.bu.edu/fac/snyder/pubs.html,https://www.cs.bu.edu/fac/snyder/publications/UnifChapter.pdf#page=39
unification/03,TCS-7126,new_draft,research_direction,Determine tight complexity for unification with constants modulo two-sided distributivity.,Unification Theory,2001,"§3.4, distributivity complexity; PDF page 40",https://www.cs.bu.edu/fac/snyder/pubs.html,https://www.cs.bu.edu/fac/snyder/publications/UnifChapter.pdf#page=40
vadhan2012/01,TCS-6686,new_draft,question,Does P=RP?,Pseudorandomness,2012,Open Problem 2.10; PDF page 22,https://people.seas.harvard.edu/~salil/pseudorandomness/,https://people.seas.harvard.edu/~salil/pseudorandomness/pseudorandomness-published-Dec12.pdf#page=22
vadhan2012/02,TCS-0003,existing_card,question,Does P=BPP?,Pseudorandomness,2012,Open Problem 2.14; PDF page 23,https://people.seas.harvard.edu/~salil/pseudorandomness/,https://people.seas.harvard.edu/~salil/pseudorandomness/pseudorandomness-published-Dec12.pdf#page=23
vadhan2012/04,TCS-1004,existing_card,question,Deterministically approximate the number of satisfying DNF assignments in polynomial time.,Pseudorandomness,2012,Open Problems 2.36 and 7.32; PDF page 34,https://people.seas.harvard.edu/~salil/pseudorandomness/,https://people.seas.harvard.edu/~salil/pseudorandomness/pseudorandomness-published-Dec12.pdf#page=34
vadhan2012/06,TCS-1005,existing_card,question,Place BPP in quasipolynomial or subexponential deterministic time.,Pseudorandomness,2012,Open Problem 3.4; PDF page 55,https://people.seas.harvard.edu/~salil/pseudorandomness/,https://people.seas.harvard.edu/~salil/pseudorandomness/pseudorandomness-published-Dec12.pdf#page=55
vadhan2012/07,TCS-1006,existing_card,question,"Explicitly construct the universal determinant-evaluation points, ideally in NC, to derandomize perfect matching.",Pseudorandomness,2012,Open Problem 3.7; PDF page 57,https://people.seas.harvard.edu/~salil/pseudorandomness/,https://people.seas.harvard.edu/~salil/pseudorandomness/pseudorandomness-published-Dec12.pdf#page=57
vadhan2012/08,TCS-1007,existing_card,question,Construct polynomial-length universal traversal sequences for arbitrary edge labelings.,Pseudorandomness,2012,Open Problems 3.9 and 4.48; p.124; PDF page 57,https://people.seas.harvard.edu/~salil/pseudorandomness/,https://people.seas.harvard.edu/~salil/pseudorandomness/pseudorandomness-published-Dec12.pdf#page=57
vadhan2012/09,TCS-6689,new_draft,question,Construct averaging samplers simultaneously optimal in randomness and sample count.,Pseudorandomness,2012,Open Problem 4.24; PDF page 104,https://people.seas.harvard.edu/~salil/pseudorandomness/,https://people.seas.harvard.edu/~salil/pseudorandomness/pseudorandomness-published-Dec12.pdf#page=104
vadhan2012/11,TCS-1008,existing_card,question,Explicitly construct balanced bipartite vertex expanders with expansion D−O(1).,Pseudorandomness,2012,Open Problem 4.43; PDF page 119,https://people.seas.harvard.edu/~salil/pseudorandomness/,https://people.seas.harvard.edu/~salil/pseudorandomness/pseudorandomness-published-Dec12.pdf#page=119
vadhan2012/12,TCS-1009,existing_card,question,Explicitly construct undirected vertex expanders with expansion arbitrarily close to D.,Pseudorandomness,2012,Open Problem 4.44; PDF page 119,https://people.seas.harvard.edu/~salil/pseudorandomness/,https://people.seas.harvard.edu/~salil/pseudorandomness/pseudorandomness-published-Dec12.pdf#page=119
vadhan2012/14,TCS-1010,existing_card,question,Determine the optimal asymptotic binary rate–distance tradeoff.,Pseudorandomness,2012,Open Problem 5.9; PDF page 140,https://people.seas.harvard.edu/~salil/pseudorandomness/,https://people.seas.harvard.edu/~salil/pseudorandomness/pseudorandomness-published-Dec12.pdf#page=140
vadhan2012/15,TCS-1011,existing_card,question,Can full-length Reed–Solomon codes be combinatorially list-decoded beyond the stated square-root bound?,Pseudorandomness,2012,Open Problem 5.20; PDF page 146,https://people.seas.harvard.edu/~salil/pseudorandomness/,https://people.seas.harvard.edu/~salil/pseudorandomness/pseudorandomness-published-Dec12.pdf#page=146
vadhan2012/16,TCS-1012,existing_card,question,Construct explicit binary codes with efficient list decoding approaching capacity; see the formulation caveat.,Pseudorandomness,2012,Open Problem 5.26; PDF page 154,https://people.seas.harvard.edu/~salil/pseudorandomness/,https://people.seas.harvard.edu/~salil/pseudorandomness/pseudorandomness-published-Dec12.pdf#page=154
vadhan2012/17,TCS-1013 | TCS-1014,existing_card,question,"Construct polylog-degree near-lossless unbalanced expanders, equivalently the specified near-optimal lossless condensers.",Pseudorandomness,2012,Open Problems 5.36 and 6.35; p.197; PDF page 162,https://people.seas.harvard.edu/~salil/pseudorandomness/,https://people.seas.harvard.edu/~salil/pseudorandomness/pseudorandomness-published-Dec12.pdf#page=162
vadhan2012/18,TCS-1015,existing_card,question,Construct logarithmic-seed extractors with constant entropy loss.,Pseudorandomness,2012,Open Problem 6.41; PDF page 202,https://people.seas.harvard.edu/~salil/pseudorandomness/,https://people.seas.harvard.edu/~salil/pseudorandomness/pseudorandomness-published-Dec12.pdf#page=202
vadhan2012/19,TCS-1016,existing_card,question,Construct extractors with seed length log n+O(1) and substantial output.,Pseudorandomness,2012,Open Problem 6.42; PDF page 203,https://people.seas.harvard.edu/~salil/pseudorandomness/,https://people.seas.harvard.edu/~salil/pseudorandomness/pseudorandomness-published-Dec12.pdf#page=203
vadhan2012/21,TCS-6692,new_draft,question,Construct cryptographic PRGs from arbitrary one-way functions with seed length linear in input length.,Pseudorandomness,2012,Open Problem 7.13; PDF page 225,https://people.seas.harvard.edu/~salil/pseudorandomness/,https://people.seas.harvard.edu/~salil/pseudorandomness/pseudorandomness-published-Dec12.pdf#page=225
vadhan2012/22,TCS-1018,existing_card,question,Build linear-seed hardness-to-randomness generators of the specified black-box form.,Pseudorandomness,2012,Open Problem 7.25; PDF page 239,https://people.seas.harvard.edu/~salil/pseudorandomness/,https://people.seas.harvard.edu/~salil/pseudorandomness/pseudorandomness-published-Dec12.pdf#page=239
vadhan2012/23,TCS-1019,existing_card,question,"Does BPAC⁰=AC⁰, or at least BPAC⁰⊆P?",Pseudorandomness,2012,Open Problem 7.31; PDF page 241,https://people.seas.harvard.edu/~salil/pseudorandomness/,https://people.seas.harvard.edu/~salil/pseudorandomness/pseudorandomness-published-Dec12.pdf#page=241
vadhan2012/24,TCS-6693,new_draft,question,Construct subpolynomial-seed PRGs fooling AC⁰[2].,Pseudorandomness,2012,Open Problem 7.33; PDF page 242,https://people.seas.harvard.edu/~salil/pseudorandomness/,https://people.seas.harvard.edu/~salil/pseudorandomness/pseudorandomness-published-Dec12.pdf#page=242
vadhan2012/25,TCS-1020,existing_card,question,Do constant-query locally decodable binary codes have polynomial blocklength?,Pseudorandomness,2012,Open Problem 7.53; PDF page 255,https://people.seas.harvard.edu/~salil/pseudorandomness/,https://people.seas.harvard.edu/~salil/pseudorandomness/pseudorandomness-published-Dec12.pdf#page=255
vadhan2012/28,TCS-6696,new_draft,question,Derive strong uniform PRGs from EXP not contained in randomized subexponential time.,Pseudorandomness,2012,Open Problem 8.7; PDF page 297,https://people.seas.harvard.edu/~salil/pseudorandomness/,https://people.seas.harvard.edu/~salil/pseudorandomness/pseudorandomness-published-Dec12.pdf#page=297
vadhan2012/29,TCS-1021,existing_card,question,Does promise-BPP derandomization imply superpolynomial circuit lower bounds for E?,Pseudorandomness,2012,Open Problem 8.8; PDF page 298,https://people.seas.harvard.edu/~salil/pseudorandomness/,https://people.seas.harvard.edu/~salil/pseudorandomness/pseudorandomness-published-Dec12.pdf#page=298
vadhan2012/30,TCS-1022,existing_card,question,Does promise-BPP derandomization imply exponential-scale circuit lower bounds for NEXP?,Pseudorandomness,2012,Open Problem 8.9; PDF page 298,https://people.seas.harvard.edu/~salil/pseudorandomness/,https://people.seas.harvard.edu/~salil/pseudorandomness/pseudorandomness-published-Dec12.pdf#page=298
vadhan2012/33,TCS-1024,existing_card,question,Extract from circuit-samplable sources with low entropy or negligible error under plausible assumptions.,Pseudorandomness,2012,Open Problem 8.12; PDF page 306,https://people.seas.harvard.edu/~salil/pseudorandomness/,https://people.seas.harvard.edu/~salil/pseudorandomness/pseudorandomness-published-Dec12.pdf#page=306
vadhan2012/35,TCS-6699,new_draft,question,"Derandomize AM to NP; in particular, establish NP certificates for graph nonisomorphism.",Pseudorandomness,2012,"§2, interactive proofs; also p.268; PDF page 52",https://people.seas.harvard.edu/~salil/pseudorandomness/,https://people.seas.harvard.edu/~salil/pseudorandomness/pseudorandomness-published-Dec12.pdf#page=52
vadhan2012/38,TCS-6702,new_draft,question,Obtain suitable worst-case-to-average-case reductions within NP.,Pseudorandomness,2012,"§7.5, NP hardness amplification; PDF page 243",https://people.seas.harvard.edu/~salil/pseudorandomness/,https://people.seas.harvard.edu/~salil/pseudorandomness/pseudorandomness-published-Dec12.pdf#page=243
vadhan2012/39,TCS-6703,new_draft,question,Achieve optimal exponential-scale hardness amplification within NP.,Pseudorandomness,2012,"§8.2.3, NP amplification; PDF page 302",https://people.seas.harvard.edu/~salil/pseudorandomness/,https://people.seas.harvard.edu/~salil/pseudorandomness/pseudorandomness-published-Dec12.pdf#page=302
watrous/02,TCS-6828,new_draft,question,Construct explicit quantum channels witnessing non-additivity of Holevo information; existence is established nonconstructively.,The Theory of Quantum Information,2018,"§8.5, discussion of non-additivity; PDF page 547",https://cs.uwaterloo.ca/~watrous/TQI/,https://cs.uwaterloo.ca/~watrous/TQI/TQI.pdf#page=547
wigderson/01,TCS-0001,existing_card,question,Does P equal NP?,Mathematics and Computation,2019,Open Problem 3.5; PDF page 38,https://www.math.ias.edu/avi/book,https://www.math.ias.edu/files/Book-online-Aug0619.pdf#page=38
wigderson/02,TCS-0002,existing_card,conjecture,Does NP differ from coNP?,Mathematics and Computation,2019,Conjecture 3.8; PDF page 43,https://www.math.ias.edu/avi/book,https://www.math.ias.edu/files/Book-online-Aug0619.pdf#page=43
wigderson/03,TCS-0018,existing_card,conjecture,Are there problems in NP∩coNP outside P?,Mathematics and Computation,2019,Conjecture 3.9; PDF page 45,https://www.math.ias.edu/avi/book,https://www.math.ias.edu/files/Book-online-Aug0619.pdf#page=45
wigderson/04,TCS-0006,existing_card,conjecture,Resolve the Unique Games Conjecture.,Mathematics and Computation,2019,Conjecture 4.4; PDF page 58,https://www.math.ias.edu/avi/book,https://www.math.ias.edu/files/Book-online-Aug0619.pdf#page=58
wigderson/05,TCS-0012,existing_card,question,Does worst-case NP hardness imply distributional average-case hardness?,Mathematics and Computation,2019,Open Problem 4.6; PDF page 60,https://www.math.ias.edu/avi/book,https://www.math.ias.edu/files/Book-online-Aug0619.pdf#page=60
wigderson/06,TCS-6953,new_draft,question,"Do worst-case or average-case hardness assumptions imply one-way functions, or trapdoor functions?",Mathematics and Computation,2019,Open Problem 4.10; PDF page 63,https://www.math.ias.edu/avi/book,https://www.math.ias.edu/files/Book-online-Aug0619.pdf#page=63
wigderson/07,TCS-0021,existing_card,conjecture,Is NP outside polynomial-size Boolean circuits?,Mathematics and Computation,2019,Conjecture 5.4; PDF page 66,https://www.math.ias.edu/avi/book,https://www.math.ias.edu/files/Book-online-Aug0619.pdf#page=66
wigderson/08,TCS-0014,existing_card,question,Does majority admit monotone formulas of cubic size?,Mathematics and Computation,2019,Open Problem 5.19; PDF page 71,https://www.math.ias.edu/avi/book,https://www.math.ias.edu/files/Book-online-Aug0619.pdf#page=71
wigderson/09,TCS-0025,existing_card,question,Prove superpolynomial Frege proof-length lower bounds.,Mathematics and Computation,2019,Open Problem 6.10; PDF page 82,https://www.math.ias.edu/avi/book,https://www.math.ias.edu/files/Book-online-Aug0619.pdf#page=82
wigderson/10,TCS-0024,existing_card,question,Would NP circuit lower bounds imply superpolynomial Frege lower bounds?,Mathematics and Computation,2019,Open Problem 6.12; PDF page 84,https://www.math.ias.edu/avi/book,https://www.math.ias.edu/files/Book-online-Aug0619.pdf#page=84
wigderson/11,TCS-0003,existing_card,question,Does BPP equal P?,Mathematics and Computation,2019,Open Problem 7.6; PDF page 88,https://www.math.ias.edu/avi/book,https://www.math.ias.edu/files/Book-online-Aug0619.pdf#page=88
williamson2011/01,TCS-0006,existing_card,conjecture,Resolve the Unique Games Conjecture.,The Design of Approximation Algorithms,2011,Problem 0; PDF page 447,https://www.designofapproxalgs.com/,https://www.designofapproxalgs.com/book.pdf#page=447
williamson2011/04,TCS-6721,new_draft,question,Pack using OPT+1 bins; a constant additive error is a highlighted intermediate goal.,The Design of Approximation Algorithms,2011,Problem 3; continues p.449; PDF page 448,https://www.designofapproxalgs.com/,https://www.designofapproxalgs.com/book.pdf#page=448
williamson2011/07,TCS-6723,new_draft,question,"Beat factor two for generalized Steiner tree, also called Steiner forest.",The Design of Approximation Algorithms,2011,Problem 6; continues p.450; PDF page 449,https://www.designofapproxalgs.com/,https://www.designofapproxalgs.com/book.pdf#page=449
williamson2011/08,TCS-6638,existing_card,question,Beat factor two for makespan scheduling on unrelated machines.,The Design of Approximation Algorithms,2011,Problem 7; PDF page 450,https://www.designofapproxalgs.com/,https://www.designofapproxalgs.com/book.pdf#page=450
williamson2011/09,TCS-6724,new_draft,question,Give a constant approximation for precedence-constrained scheduling on related machines.,The Design of Approximation Algorithms,2011,Problem 8; PDF page 450,https://www.designofapproxalgs.com/,https://www.designofapproxalgs.com/book.pdf#page=450
williamson2011/10,TCS-6725,new_draft,question,Color a promised 3-colorable graph with O(log n) colors in polynomial time.,The Design of Approximation Algorithms,2011,Problem 9; PDF page 450,https://www.designofapproxalgs.com/,https://www.designofapproxalgs.com/book.pdf#page=450
