id	confidence	type	reason
TCS-0042	medium	specialized_target	Computing the stable image of a free-group endomorphism is a particular infinitary subgroup operation; the saved motivation does not establish consequences comparable to the retained general word, conjugacy and isomorphism barriers.
TCS-0633	medium	specialized_target	The saved target is a hardness transfer from ultimate positivity to the nonnegative-power problem for one matrix. Prefer the underlying recurrence and linear-dynamics decision barriers over this additional reduction target.
TCS-1424	high	model_variant	Bounded-width formula simulation over two min-plus semirings adds a specialized representation comparison alongside the broader circuit, formula and branching-program separations.
TCS-2010	high	method_specific	An exponential permanent lower bound conditional on a particular tau conjecture is a quantitative consequence of one conjectural route; retain the tau conjecture and the permanent lower-bound targets themselves.
TCS-3007	high	construction_variant	The quadratic rational rigidity target is restricted to matrices admitting a particular quadratic-field diagonal correction. Its extreme field separation is interesting, but the construction-specific target is lower priority than general explicit rigidity.
TCS-3317	high	specialized_target	Locating the word problem of the single Grigorchuk group exactly at LOGSPACE is a fine classification within algorithmic group theory rather than a broad solvability barrier.
TCS-3731	high	method_specific	The question asks how essential inseparable degree is to an algebraic-independence testing method. Its saved significance remains a dependency of that algorithmic framework rather than an independent major target.
TCS-3866	high	method_specific	Polynomial slide distance concerns certificates obtained through one transformation system for graphs of groups. Prefer the underlying isomorphism problems over a separate bound for this particular witness mechanism.
TCS-4202	medium	method_specific	Reducing group isomorphism to asymmetric instances investigates one normalization route. The unrestricted finite-group isomorphism target is a stronger representative of the main computational obstacle.
TCS-4551	medium	model_variant	Multi-k-ic formulas interpolate between restricted arithmetic models. Keep broad formula and multilinear-circuit lower bounds before adding another syntactic individual-degree restriction.
TCS-4867	medium	cluster_overlap	The AC0 slice of semigroup-membership classification is a narrower component of the retained full finite-semigroup classification; it need not occupy another place alongside that target and the qAC0/NL dichotomy.
TCS-5100	medium	construction_variant	The robust Newton-polytope obstruction asks for hardness persisting under a source-specific relation between polynomials. General monotone and unrestricted arithmetic lower-bound targets provide broader representatives.
TCS-5173	medium	model_variant	Factor closure for constant-depth circuits adds a depth-restricted closure question to an already represented factoring and circuit-class programme. Prefer the more general closure and derandomization barriers.
TCS-5329	high	model_variant	The target simultaneously fixes two noncommuting variables and homogeneous circuits, seeking a superlinear degree bound. Retain unrestricted noncommutative lower bounds before this narrower model threshold.
TCS-5571	medium	specialized_target	Approximating the family of rank-one binary matrices by a linear subspace is tied to systematic linear bilinear-query structures. Its scope is narrower than the retained general matrix-rigidity and data-structure barriers.
TCS-6026	medium	model_variant	The target compares automatic presentations of finitely generated virtually abelian groups. It adds a specialized presentation-effectivity problem beyond the broader group-isomorphism questions already retained.
TCS-6912	medium	method_specific	Deriving permanent lower bounds from arithmetic learning is a particular algorithms-to-hardness implication. Prefer the lower-bound targets and the more general identity-testing connections before this extra route.
TCS-6985	medium	model_variant	Polycyclic conjugacy search is motivated by a particular family of nonabelian cryptographic platforms; its saved rationale is less general than the retained foundational cryptographic assumptions and group decision barriers.
TCS-7269	medium	quantitative_refinement	Upgrading the existing multilinear-formula permanent separation to an exponential bound is substantial, but remains a quantitative strengthening in a restricted model alongside broader unresolved formula and circuit separations.
TCS-0064	medium	model_variant	The saved problem isolates Condorcet outcomes for independent binary issues. Its source-specific preference structure has less demonstrated reach than the retained general distortion and implementability questions.
TCS-2744	medium	model_variant	Value existence for all-pay graph bidding concerns a specialized payment-and-control convention. General stochastic-game and equilibrium barriers are stronger representatives for this smaller pool.
TCS-3867	high	method_specific	Polynomial running time for the source's separable cost-sharing black-box reduction evaluates one transformation procedure rather than the intrinsic possibility of efficient truthful mechanisms.
TCS-4151	high	model_variant	Rational sufficiency for strategies in the source's flow game adds a numerical-representation distinction inside one specialized game model, without a demonstrated wider computational consequence.
TCS-4249	medium	model_variant	Existence for the paper's particular justified-representation variant adds another fairness axiom to the allocation and voting cluster; the saved motivation does not show why this variant deserves a separate benchmark place.
TCS-4515	medium	model_variant	The selected target weakens permitted deviations for a particular infinite-game class. Prefer broad equilibrium-existence and computation barriers over this additional stability convention.
TCS-5941	medium	specialized_target	The saved target bundles complexity classifications for forward-looking agents across dynamic persuasion and mechanism design. It supplies a specialist programme rather than one independently selected major barrier.
TCS-6961	high	bundled_direction	The saved target combines undirected connection and generalized cost-sharing games without choosing an equilibrium-efficiency measure. More importantly for selection, it is a cluster of model-specific bound questions rather than one major shared proposition.
TCS-7201	medium	quantitative_refinement	The exact ordinal MMS denominator adds a second quantitative relaxation of the same goods-allocation fairness programme. Prefer the principal MMS guarantee and EFX barriers in the reduced pool.
TCS-7202	medium	model_variant	Sharp query complexity after allowing disposal is an additional cake-cutting convention beside the retained complete exactly envy-free allocation target; its distinct resource-relaxation question is lower priority for this batch.
TCS-1292	medium	model_variant	Deterministic distance-query reconstruction for bounded-degree graphs is an extra algorithm-and-oracle restriction beside the broader reconstruction targets. Its saved motivation gives limited reason to allocate a separate place to removing randomness in this setting.
TCS-1934	medium	construction_variant	Polynomial aspect ratio under constant-stretch shortest-path preservation asks for a particular numerical normalization of graph representations. Prefer the principal shortest-path and metric-preservation barriers.
TCS-2247	medium	method_specific	Linear-size DAG compression is one proposed representation for exploiting bounded flip-width. The target is narrower than the underlying graph-class algorithmic questions, even though successful compression could support several algorithms.
TCS-4261	medium	quantitative_refinement	The requested super-n^(3/2) bound fixes additive error two and one failure. It is another precise point in the fault-tolerant spanner tradeoff, with less marginal coverage than the principal spanner questions.
TCS-5845	high	consolidation	The saved target is exact treewidth on planar graphs, also represented by TCS-0771. Consolidate this occurrence and preserve its potential-maximal-clique reference there.
TCS-5926	high	consolidation	The saved target is exact treewidth on planar graphs, also represented by TCS-0771. Preserve this paper's cubic-graph hardness context in the retained card rather than keeping another occurrence of the planar question.
TCS-6782	medium	quantitative_refinement	Maximum supported pair count for linear-size constant-additive spanners is a further parameter slice of the size-versus-distance tradeoff. The main all-pairs and spanner-versus-emulator barriers give broader coverage.
TCS-6755	high	quantitative_refinement	The leading coefficient in the optimal Boolean k-CSP approximation scale refines an already established quantitative regime. Prefer qualitative approximability classifications and larger unresolved approximation gaps.
TCS-0094	medium	model_variant	Uniform versus tuned probabilities for memoryless stochastic automaton resolvers isolates a probability-choice convention within one resolver model. The general existence and decidability of stochastic resolution are broader representatives.
TCS-0111	medium	quantitative_refinement	Hardness after decidability of rational weighted-automaton determinization is a finer classification of this representation conversion, with an additional ambiguity subclass. Prioritize the broader quantitative-language decision barriers.
TCS-0168	medium	model_variant	Recognizing serialized tree properties by a word automaton under a well-formedness promise is a specialized constant-memory definability question. Its saved reach is narrower than the main automata equivalence and decidability barriers.
TCS-1670	high	model_variant	Strictness at every alternation level concerns plane-walking automata on two-dimensional subshifts, a specialized computation model. The saved motivation establishes an internal hierarchy rather than wider computational consequences.
TCS-3594	medium	quantitative_refinement	Doubly exponential succinctness for stronger acceptance conditions adds another conversion gap inside alternating good-for-games automata. General recognition and resolution questions have broader marginal value.
TCS-3801	medium	quantitative_refinement	Improving the state lower bound for translating alternating parity automata to weaker acceptance conditions is an additional representation-cost target within the automata translation cluster.
TCS-4251	high	model_variant	Deciding transducer continuity specifically for nilpotent-group language varieties isolates one algebraic subclass of a specialized continuity framework. The general language-definability barriers are stronger representatives.
TCS-4288	high	model_variant	The succinctness comparison between F1 and FO2 over words is a restricted syntactic representation question after their expressive powers coincide. Its saved motivation does not show broader consequences beyond that comparison.
TCS-4491	medium	model_variant	Concatenation closure under the exact real-time budget of one-dimensional cellular automata adds a timing-and-dimension-specific closure question to broader automata and parallel-computation targets.
TCS-4503	high	construction_variant	Effective Wadge comparisons against the source's ordinal-indexed family of unambiguous tree automata concern one constructed hierarchy. Prefer the broader decidability and definability questions for tree languages.
TCS-5314	high	consolidation	This is another statement of ordinary word-equation satisfiability in NP. Preserve the explicit NP frontier and this source under the general complexity card TCS-0163.
TCS-3484	high	consolidation	This repeats the NP-membership frontier of ordinary word-equation satisfiability represented by TCS-0163. Consolidation must retain the plain-equation convention and must not add regular constraints or inversion.
TCS-7126	medium	quantitative_refinement	Tight complexity for two-sided distributive unification with constants adds a signature-specific refinement beside the more basic decidability questions for distributive unification.
TCS-7135	high	consolidation	Polynomial-time negation of deterministic DNNF is already represented by TCS-0306. Transfer the survey reference and its smooth-variant note; retain the separate nonconstructive polynomial-size question TCS-7260.
TCS-2126	medium	method_specific	Polynomial smoothed complexity evaluates value iteration under the source's perturbation model. Prefer the intrinsic game-solving barriers over an additional analysis target for this particular algorithm.
TCS-5453	high	consolidation	This source pointer and TCS-2680 refer to the same paper and page containing the heuristic-average-case implication for UP. Retain the explicit conjecture in TCS-2680 and combine the references.
TCS-3363	medium	model_variant	Testing whether a represented function admits an instance-optimal decision tree is a recognition problem internal to a particular optimality benchmark. It adds less coverage than the principal decision-tree and instance-optimal algorithm targets.
TCS-4666	high	method_specific	Extending the paper's Pareto lower bounds to every sufficiently large feasible set generalizes one construction-based result. Its saved significance remains a follow-up to that bound rather than a broad computational barrier.
TCS-5420	medium	method_specific	The selected task is a planted-clique reduction to one community-testing model. Prefer the principal average-case detection-versus-recovery barriers before adding this particular hardness-transfer route.
TCS-6287	medium	model_variant	Optimal local recovery for two communities with a positive revealed-label fraction adds a supervised-model restriction to the broader community-detection and local-versus-global inference questions.
TCS-0194	high	method_specific	Comparing the maximum-entropy method with the Copy lemma concerns the relative power of two proof frameworks. The entropy-cone and information-inequality validity targets themselves provide broader coverage.
TCS-1444	high	method_specific	The saved target specifically asks for choices in a higher-order Delsarte framework that improve MRRW. Retain the general rate-distance bound questions; this proposal makes no new claim about their current best bounds.
TCS-4572	medium	construction_variant	List decoding unrestricted Gabidulin codes, conditional on manageable list size, is a code-family-specific algorithmic target. General list-decoding and coding-rate barriers take priority in the smaller pool.
TCS-4823	medium	method_specific	A general query-reduction transformation for good LTCs is one route to better local testers. The principal existence and parameter limits for locally testable codes are stronger representatives.
TCS-5034	high	consolidation	This is the same computability question for graph Shannon capacity stated precisely in TCS-7215. Transfer the additional reference to that card and remove the redundant occurrence.
TCS-0309	medium	specialized_target	Recognizing evasiveness of a represented Boolean function is an extra meta-complexity task for one decision-tree property. Prefer the main evasiveness conjectures and general circuit-minimization barriers.
TCS-1050	medium	method_specific	The requested input families must resist partial monotone separation in both directions at a specified thinning scale. This is a strong technical ingredient for limited-negation lower bounds; the underlying circuit separations are broader targets.
TCS-1823	high	method_specific	A shallow tree that locates influential coordinates under restrictions is a particular proposed route to the Aaronson–Ambainis conjecture. Retain that conjecture before a separate card for this search subproblem.
TCS-3146	medium	model_variant	Exact bounded-coefficient linear queries to planted-clique instances impose a specialist access model with unrestricted computation. Prefer the primary planted-clique computational and statistical barriers over this additional query tradeoff.
TCS-3799	medium	quantitative_refinement	The large-error approximate-degree target fixes a linked depth, advantage and exponent regime for AC0. It contributes another quantitative slice beside the broader polynomial-approximation and circuit lower-bound questions.
TCS-3821	medium	quantitative_refinement	Replacing the PPADS communication separation by a SoML separation strengthens one relation inside the total-search class landscape. It is lower priority than the principal class-separation questions.
TCS-3871	medium	model_variant	Replacing shared randomness by private randomness in the source's algorithmic mutual-information protocol adds a resource-convention variant of one operational characterization.
TCS-4084	high	method_specific	Unbounded-round hardness of the source-defined INBA problem in M2 is an intermediate lower-bound target for a direct-sum programme. Prefer the general direct-sum questions over another framework-specific witness problem.
TCS-4330	high	method_specific	The density conjecture for X inside X0 concerns a technical step in a particular approach to KRW composition. The main composition conjecture is the stronger representative for the reduced catalogue.
TCS-4522	medium	model_variant	The maximum quantum–classical gap under the source's zero-information distribution restriction adds a specialized distributional convention to the general communication-separation targets.
TCS-4647	medium	model_variant	Approximate-degree lower bounds specifically for depth-two AC0 with parity add both depth and gate restrictions to the polynomial-method cluster. Broader circuit and approximation barriers take priority.
TCS-4710	medium	bundled_direction	The card asks for any separation among a chain of several certificate-game measures. This is a collection of possible model comparisons; the saved rationale does not select one major separation to represent independently.
TCS-4769	medium	model_variant	Linear versus polynomial query separations for uncertainty-extended functions are tied to an additional input-semantics model. Prefer the principal deterministic, randomized and quantum comparisons for ordinary total functions.
TCS-5108	medium	method_specific	Separating amplification costs for gap-majority and gap-OR composition probes two specific gadgets. The general randomized-composition barriers give broader coverage.
TCS-5711	high	construction_variant	Sparse polynomial representations of the source's OR-of-SUM family are a particular algebraic simulation challenge. Retain broader circuit representation and lower-bound targets before this family-specific construction.
TCS-6074	medium	quantitative_refinement	A larger USBP-versus-SBP communication separation sharpens a distinction between two very weak acceptance-probability conventions after a small separation is already supplied by the source.
TCS-4009	high	model_variant	Undecidability of balance for selected integer-circuit operation sets classifies a specialized set-arithmetic model. Broader arithmetic and recurrence decision problems are stronger representatives.
TCS-4320	medium	model_variant	Weak versus Lutz polynomial-space randomness compares two resource-bounded randomness definitions. The saved motivation is primarily internal to the analysis-inspired weak definition.
TCS-4519	high	method_specific	Removing an extra axiom requirement from the source's inductive-inference arguments concerns the strength of a particular proof. General learning and computability principles take priority over this follow-up.
TCS-0068	medium	model_variant	The proposed AC0 characterization uses circuits indexed by individual unlabeled tree shapes. This adds a specialized nonuniform indexing convention beyond the principal circuit-versus-logic classifications.
TCS-0126	high	method_specific	The parity-subset compatibility property under thinning is a technical combinatorial ingredient for shallow-circuit arguments. Keep the underlying circuit and regular-language lower-bound questions.
TCS-0302	medium	model_variant	Excluding quasilinear-time logarithmic-space Max Clique under random access adds a problem-specific time-space target alongside the central SAT time-space barriers.
TCS-0304	medium	quantitative_refinement	Crossing the n^(5/2) wire exponent for LOGTIME-uniform depth-three majority circuits on SAT fixes several resource restrictions at once. Prefer the broader threshold-circuit and formula lower-bound barriers.
TCS-1039	high	model_variant	Superlinear lower bounds for in-place XOR updates add a fixed-register restriction to explicit linear-circuit complexity. The unrestricted explicit linear-map lower bounds are broader representatives.
TCS-1144	high	method_specific	Superlinear spiky rank for Inner Product or Disjointness tests one newly introduced lower-bound measure. Prefer the main rigidity, circuit and communication barriers to an additional measure-specific witness target.
TCS-2244	medium	model_variant	The Constant Degree Hypothesis fixes a particular AND/MOD/MOD architecture motivated by nilpotent-algebra algorithms. Broader modular-circuit lower bounds cover the central computational obstacle.
TCS-2319	medium	method_specific	Reducing explicit constructions to range avoidance at locality three is a particular reduction route within the avoidance programme. General avoidance and explicit-construction targets have broader marginal coverage.
TCS-2331	medium	quantitative_refinement	Improving NP-oracle certification from a polynomial overhead in Cert(f) to constant-factor length is an additional quantitative optimization of an existing certification guarantee.
TCS-2434	medium	model_variant	A randomness-versus-pseudodeterminism separation specifically for parity decision trees adds a query-model restriction to the broader reproducible-computation question.
TCS-2537	medium	specialized_target	Placing the total version of UniqueTarski in UEOPL is one further membership relation within fixed-point search classes. Prefer the main fixed-point and total-search structural barriers.
TCS-3095	high	model_variant	The exact width-three threshold for unordered CNF games is a clause-width classification inside a specialized strategic assignment model. Its saved reach is narrower than the general game-solving barriers.
TCS-3181	medium	construction_variant	Transferring bounded-repetition branching-program lower bounds from a modified formula to random CNFs improves the hard-instance family for one restricted proof model.
TCS-3743	medium	method_specific	The NQP-or-MCSP disjunction is a particular route to stronger circuit lower bounds. The independent circuit-separation and MCSP-hardness targets already represent its main intended outcomes.
TCS-3873	medium	model_variant	SDD versus deterministic structured-DNNF succinctness compares two closely related compiled representations. More general knowledge-compilation closure and representation barriers take priority.
TCS-3962	medium	method_specific	The implication from small SAT circuits to NP algorithms with an MCSP oracle is a conditional algorithmic route. Prefer the primary circuit-minimization and nonuniform-complexity barriers.
TCS-4076	high	model_variant	Polynomial simulation of monotone real circuits by MLP gates compares two specialized gate semantics. The saved motivation gives less independent reach than the principal monotone and unrestricted circuit targets.
TCS-4205	high	model_variant	Imposing syntactic subspace invariance at fixed formula depth creates an additional symmetry restriction. Its maximal overhead is lower priority than the underlying unrestricted formula lower-bound questions.
TCS-4268	medium	quantitative_refinement	Extending intermediate-complexity evidence to a fixed epsilon in the source's Gap MCSP parameterization refines a particular approximation regime. Retain the main MCSP classification and hardness questions.
TCS-4412	high	method_specific	The target asks what gate elimination can prove for linear maps. Retain explicit linear-map circuit lower bounds themselves before this separate limitation-or-success question for one proof method.
TCS-4466	medium	method_specific	An efficient negation-reduction transformation for formulas is a constructive follow-up to the source's existence arguments. Broader formula power and limited-negation lower bounds take priority.
TCS-4961	medium	quantitative_refinement	The requested faster range-avoidance algorithm fixes bounded locality and polynomial output stretch. It is an additional running-time regime within a programme already represented by more general avoidance targets.
TCS-5149	medium	model_variant	Threshold-circuit size specifically for string matching adds a function-specific restricted-circuit target. General threshold-circuit lower bounds and the main string-algorithm barriers have broader coverage.
TCS-5246	high	consolidation	The selected passage asks ordinary graph isomorphism in polynomial time, already represented by TCS-7222. Preserve its refinement-hierarchy reference in that card.
TCS-5312	high	consolidation	The NP-hardness question for ordinary truth-table MCSP is already part of TCS-4786. Preserve this paper's total-versus-partial circuit-extension context in the retained card.
TCS-5501	high	consolidation	This repeats the NP-hardness frontier for ordinary MCSP represented by TCS-4786. Transfer the sums-of-squares reference without confusing restricted-method lower bounds with NP-hardness.
TCS-5315	medium	construction_variant	The target restricts extremal Forrelation to low-degree F2-polynomial inputs and seeks a degree-dependent randomized bound. Prefer the more general quantum–classical query barriers over this additional hard-family refinement.
TCS-5617	high	bundled_direction	The selected passage proposes PPAq-completeness for several unspecified additional natural problems. It is a programme of classifications rather than one chosen major total-search target.
TCS-6168	medium	method_specific	Strengthening the circuit consequences of MCSP NP-hardness, together with excluding one restricted reduction type, adds another conditional route around the same main meta-complexity barrier.
TCS-6718	medium	model_variant	Exponential lower bounds for weakly read-once nondeterministic branching programs focus on the distinction between consistent and inconsistent paths. Broader branching-program and circuit separations take priority.
TCS-7129	medium	model_variant	Prime-implicate descriptions versus polynomial-size DNNF form one particular entry of the compilation succinctness map. The main decomposition and closure barriers provide broader coverage than this extra representation pair.
TCS-7130	medium	model_variant	Prime-implicate descriptions versus deterministic DNNF add a second closely related comparison from the same compilation map. This is a distinct stronger question, but has lower marginal priority in the smaller pool.
TCS-7131	medium	model_variant	Compiling complete prime-implicant lists into deterministic DNNF is another specific representation comparison. It should not displace broader questions about determinism, decomposability and complement closure.
TCS-7132	high	model_variant	Prime-implicate size relative to explicit model enumeration compares two exhaustive descriptions. Its saved significance is narrower than the principal succinct-circuit representation barriers.
TCS-0423	high	method_specific	The concrete target is preventing sparse-matrix fill-in during a particular persistence basis-change procedure. The broad title overstates its scope; general multiparameter-persistence complexity is a stronger representative.
TCS-2356	high	consolidation	The invariant minimizes dual-graph treewidth over all triangulations, the same general complexity target already covered by TCS-0331. Preserve the JSJ-decomposition reference there.
TCS-4194	medium	construction_variant	An O(n^(k+1))-size approximate Voronoi diagram for affine flats asks for one global representation at a precise size scale. Broader nearest-neighbor and geometric-search barriers take priority.
TCS-4236	medium	specialized_target	Recognizing curve immersions realizable as geodesics for some hyperbolic metric is a specialized geometric realization problem. The saved motivation has less computational reach than the main geometric primitives.
TCS-4269	medium	model_variant	Shortest flip sequences that transport edge labels add an identity-preservation constraint to triangulation reconfiguration. Prefer the more general geometric and topological transformation barriers.
TCS-4427	medium	model_variant	Efficient recognition of k-isohedral polyomino tilings fixes a particular symmetry-orbit convention. General tiling decidability and geometric recognition questions have broader coverage.
TCS-4505	medium	quantitative_refinement	Polynomial geometric size throughout a planar morph adds numerical control to an existing transformation programme. It is lower priority than the main feasibility and complexity barriers for geometric transformations.
TCS-4679	medium	quantitative_refinement	The cost of recognizing strong balance sharpens the meta-complexity of an existing counting-CSP classification. Prefer the unresolved classification principles themselves before this additional GI-equivalence frontier.
TCS-1610	medium	construction_variant	The proposed quadratic hardness assumption singles out one four-edge hypergraph to support a sparse-pattern counting classification. Its broader consequences are narrower than those of the established central counting and fine-grained hypotheses.
TCS-3609	medium	cluster_overlap	A #Wfunc[2]-complete query class is one proposed witness for the broader intermediate query-counting question in TCS-6083. Keep the broader target and record this candidate route there; these formulations are not asserted equivalent.
TCS-3961	high	model_variant	Permanent hardness simultaneously restricted to orthogonal matrices and prime modular arithmetic adds a specialized algebraic input regime. General counting and permanent barriers are stronger representatives.
TCS-4369	medium	model_variant	The conjecture fills one remaining tractability case for well-designed pattern-tree enumeration. Its saved motivation is a specialist query-model classification rather than a wider enumeration principle.
TCS-7087	medium	method_specific	Smoothing an unknown incremental-delay bound in polynomial space is a particular simulation task with an extra lack-of-advice condition. Retain the principal enumeration time-space and delay-class comparisons.
TCS-7088	medium	specialized_target	A strong-delay lower bound specifically for DNF-model enumeration is one proposed witness for refined delay limitations. The broader strong-versus-ordinary delay question remains available.
TCS-1929	medium	model_variant	Statistical or perfect zero knowledge specifically for streaming interactive proofs adds a verifier-memory restriction to the general zero-knowledge existence questions.
TCS-4703	medium	quantitative_refinement	Reducing setup-inclusive communication below linear for streaming zero knowledge is an additional resource optimization within the same restricted-verifier programme.
TCS-1798	medium	model_variant	Fault-tolerant distance oracles for arbitrary requested pairs combine failure handling with another query-set restriction. The saved exact-or-approximate direction has less marginal coverage than the main distance-oracle barriers.
TCS-2730	medium	quantitative_refinement	Worst-case updates for indexed lists ask to remove amortization in one order-maintenance structure. Broader dynamic-data-structure limits take priority.
TCS-3788	high	method_specific	Randomized acceleration of partitioning is an internal route to faster approximate ordered-set operations. Retain the principal data-structure performance targets rather than this specific implementation primitive.
TCS-5706	medium	cluster_overlap	The unified locality bound is a distinct BST guarantee, but adds another specialist access-sequence criterion to an already well-represented adaptive-search cluster. Prioritize dynamic optimality and the canonical independent conjectures.
TCS-5768	medium	quantitative_refinement	Sublogarithmic competitiveness of splay trees is an intermediate quantitative milestone within the dynamic-optimality programme. Preserve it as context for TCS-6498 instead of a separate benchmark card.
TCS-6514	medium	model_variant	The decrease-key target concerns the specifically defined pure pairing-heap discipline. Its minimal-bookkeeping appeal is real, but this additional heap variant has lower priority than general priority-queue and dynamic-data-structure barriers.
TCS-1201	medium	model_variant	The classification fixes quantifier-free dependence logic and its team semantics. It adds a specialist logical-fragment boundary beside broader query-evaluation and definability classifications.
TCS-6089	medium	model_variant	First-order rewritability for the two named consistent-answer frameworks adds another mapping-and-repair-specific recognition question. Broader query rewritability and CSP classification barriers take priority.
TCS-7127	medium	bundled_direction	Bag multiplicities and aggregate-query enumeration combine several output semantics and query extensions. The saved direction has no independently selected central barrier beyond this specialist enumeration programme.
TCS-5236	high	model_variant	Parity learning simultaneously constrained to noninteraction, multiple servers and computational differential privacy is a narrow escape case for one protocol framework. General private-learning and privacy-model separations provide broader coverage.
TCS-0517	medium	quantitative_refinement	The fixed Delta^1.001 palette at O(log-star n) rounds is an additional precise point in the distributed coloring tradeoff. Retain the main coloring and symmetry-breaking barriers before this palette refinement.
TCS-0535	medium	method_specific	The selected task matches actual local-separator running time to an existing O(nu k) query guarantee. It removes computational overhead in one search framework rather than addressing general vertex-connectivity complexity.
TCS-0959	high	model_variant	Approximating simplified RNA folding with polylogarithmic streaming memory combines one application model with a severe access restriction. Core sequence-comparison and general streaming barriers take priority.
TCS-0967	medium	model_variant	A factor below two for one-pass planar Euclidean TSP estimation fixes geometry, memory and accuracy simultaneously. It adds less coverage than the principal TSP and streaming optimization targets.
TCS-1234	high	quantitative_refinement	The remaining exact-histogram pass-space tradeoff distinguishes closely spaced iterated-logarithm bounds. Prefer larger qualitative streaming memory and pass barriers.
TCS-1784	high	model_variant	Improving the Delta log n lower bound for deterministic beeping local broadcast is a model-specific collision-resolution gap. Broader broadcast and distributed communication barriers take priority.
TCS-2097	medium	quantitative_refinement	The unrestricted 3/2 leading bandwidth coefficient is practically meaningful, but remains a sharp-constant target for one Byzantine broadcast model after protocols reach the proposed scale. Marked borderline rather than trivial.
TCS-2540	medium	model_variant	Polynomial certificate lower bounds specifically for MSO2 on bounded-clique-width graphs combine a logical-fragment restriction with a structural promise. General local-certification barriers give broader coverage.
TCS-2688	medium	specialized_target	Optimal rendezvous time on arbitrary possibly infinite graphs is a specialized mobile-agent coordination problem with asynchronous starts and labels. The saved reach is narrower than the main distributed symmetry-breaking targets.
TCS-2896	medium	model_variant	Sublinear-space Euclidean Steiner forest with exactly paired terminals isolates a promise that escapes an existing lower bound. It is lower priority than the broader connectivity and streaming approximation frontiers.
TCS-3436	medium	model_variant	The time lower bound fixes constant visible-message alphabets while allowing larger private population-protocol state. It adds another communication convention to the leader-election resource cluster.
TCS-3726	medium	method_specific	A deterministic message-reduction scheme with no time loss is a derandomization target for one generic simulation method. Prioritize the main time-and-message limits of distributed computation.
TCS-3762	medium	model_variant	Perfect rather than approximate graph-streaming random-walk simulation adds an exact-sampling requirement to a restricted-access model. More general sampling and streaming barriers take priority.
TCS-3806	medium	model_variant	Polynomially many passes for Vertex Cover at O(k log n) bits fixes both parameterized storage and a streaming access convention. This additional three-resource tradeoff has lower marginal coverage.
TCS-3892	medium	model_variant	CONGEST construction lower bounds for all-pairs additive spanners add another bandwidth-restricted realization of the spanner programme. Prefer its main sparsity limits and broader distributed graph barriers.
TCS-3894	medium	model_variant	Polynomial-state leaderless population protocols for systems of inequalities ask for succinct implementation in a particular initialization model. General population-protocol and arithmetic-computation limits take priority.
TCS-4006	medium	quantitative_refinement	The target fills the interval between squared-logarithmic and linear sliding-window space for deterministic context-free languages. This is a finer landscape question inside a specialized access model.
TCS-4121	medium	model_variant	Beating factor two for distributed Tree Augmentation adds a communication-model restriction to a particular approximation objective. Broader approximation and resilient-network barriers are stronger representatives.
TCS-4210	high	method_specific	The selected question adds packet-processing time to the source's compact geometric routing framework. It concerns making one representation operationally efficient rather than a separately selected general routing barrier.
TCS-5425	medium	specialized_target	Parallel construction of a housing allocation or core is a problem-specific NC frontier beyond already parallel verification. The main allocation and parallel-computation barriers have broader coverage.
TCS-5677	medium	quantitative_refinement	A gap between log-log n and log n certificate size on paths refines one interval of the local-certification landscape. General certificate-size and locality tradeoffs take priority.
TCS-6022	medium	specialized_target	Uniform directed Euler-tour sampling in RNC is a parallelization frontier for one combinatorial distribution. General parallel sampling and graph-algorithm barriers take priority.
TCS-6324	high	model_variant	Optimal leaderless-protocol time for eventually natural-linear functions and eventually constant predicates classifies exceptional cases outside the source's main theorem. Its scope is narrower than the general stable-computation barriers.
TCS-0096	medium	quantitative_refinement	The subcubic-versus-superquadratic gap for deterministic PDA emptiness with fixed alphabets refines an efficiently decidable language task. Broader pushdown and reachability barriers take priority.
TCS-1161	medium	method_specific	A conondeterministic sub-2^n MAX-3-SAT algorithm is a particular certificate-based route to conditional circuit, rigidity and tensor consequences. Retain the main exact-SAT and lower-bound targets.
TCS-4317	medium	method_specific	A subexponential reduction family from Feedback Vertex Set to 3-SAT is a particular transfer within ETH-based graph algorithms. The principal graph-cycle and hypothesis-relationship questions have broader coverage.
TCS-6952	medium	model_variant	Strong lower bounds for suitably space-restricted 3SUM add a restricted-resource direction beyond the main unrestricted hypothesis. Its saved motivation does not pick an independently consequential tradeoff.
TCS-0646	medium	model_variant	All-constant-factor parameterized hardness specifically for l1-SVP adds a norm-and-parameter restriction to the lattice-hardness programme. General SVP approximation and cryptographic-factor barriers take priority.
TCS-0668	medium	model_variant	Instance-dependent sample-optimal equilibrium identification in a noisy zero-sum matrix fixes a particular exploration model. General equilibrium computation and sequential-learning barriers have broader coverage.
TCS-0681	medium	quantitative_refinement	The speed of overfitting a reused multiclass test set refines the dependence on label count and adaptive accuracy queries. Prefer the broader adaptive-data-analysis and learning-characterization barriers.
TCS-1157	high	method_specific	Whether ERM achieves the source's relative-smartness benchmark is a follow-up about a preferred learner after another learner establishes feasibility. The general learnability and instance-optimality targets take priority.
TCS-2336	medium	quantitative_refinement	Removing the remaining square-root logarithmic factor from multiclass Littlestone regret sharpens an established learnability characterization. The infinite-label uniformity matters, so this is a borderline quantitative cut.
TCS-2422	medium	model_variant	Hardness of learning sparse parities using small-program outputs adds a representation restriction motivated by a particular PCP-to-learning route. General noisy-parity and computational-learning barriers take priority.
TCS-3450	medium	quantitative_refinement	Extending local-query hardness to polynomial Hamming radii moves the threshold in a particular label-access model. Prefer the principal membership-query and example-only learning comparisons.
TCS-3787	medium	construction_variant	Extending the source's unlabeled compression construction from maximum to ample classes is a structured-family route. Retain the general compression barriers before this additional geometric subclass target.
TCS-4031	high	model_variant	Quasipolynomial self-learning by AC0 circuits constrains both targets and learners to the same shallow model. General efficient learnability of circuit classes has broader marginal coverage.
TCS-4134	medium	specialized_target	Computing the self-directed mistake bound is another meta-problem for a particular learning dimension. Prefer the main statistical and computational learnability characterizations.
TCS-4621	medium	quantitative_refinement	Sharp realizable and agnostic bandit bounds in terms of label count and Littlestone dimension refine an existing feedback-cost programme. The broader price-of-bandit-information target remains represented.
TCS-5118	high	method_specific	Optimality of Majority-of-Three for every confidence level is about one simple ERM-combination procedure after optimal general learning rates are available. Its simplicity is appealing, but the algorithm-analysis follow-up has lower priority.
TCS-5478	medium	bundled_direction	The saved remainder combines bounded hitting-time sample complexity, interactive access and weaker goal-reaching assumptions for stochastic shortest paths. It is a collection of model-specific extensions rather than one selected main planning barrier.
TCS-6040	medium	model_variant	Strong approximation in coverage-function learning under the source's query and distribution restrictions is a specialist function-family target. Broader computational learning and private-release barriers take priority.
TCS-6135	medium	quantitative_refinement	Optimizing the approximation constant against the statistical term in misspecified regression under covariate shift refines one error decomposition. More general learning-under-shift barriers have broader coverage.
TCS-4972	high	consolidation	Learning polynomial-size decision trees from uniform random labeled examples is already stated explicitly in TCS-7294. Preserve the backdoor-defense reference and the distinction from membership-query learning there.
TCS-3392	medium	model_variant	Constant lifetime recourse for every request adds an individual-stability constraint to online matching on the line. General online matching remains represented; this additional recourse convention is a borderline cut.
TCS-3878	high	model_variant	Logarithmic randomized competitiveness for matching with convex delays on a uniform metric combines a specific impatience model with a restricted geometry. Broader matching-with-delay and online metric barriers take priority.
TCS-4132	medium	quantitative_refinement	The exact regret rate for full-permutation bandit ranking fills one boundary case of a combinatorial-feedback analysis. Broader combinatorial bandit and online assignment targets have greater marginal coverage.
TCS-4393	medium	method_specific	Replacing speed augmentation by a new rejection rule asks how to extend the source's nonpreemptive scheduling guarantees. The main scheduling approximability and online feasibility barriers take priority.
TCS-4449	medium	quantitative_refinement	Adapting to easier gap profiles after a worst-case best-arm adaptation lower bound is an additional instance-level refinement. General finite-budget identification and optimal exploration remain represented.
TCS-4582	high	specialized_target	Joint robust appointment timing and ordering is a specialized scheduling model whose saved motivation has limited wider theoretical consequences compared with the principal scheduling objectives.
TCS-5182	high	model_variant	Online metric tours defined by irreversible placement into a fixed-size array impose a particular packing-and-ordering convention. The general online routing and matching barriers provide broader coverage.
TCS-5186	medium	model_variant	Extending a cluster-then-learn regret lower bound to unrestricted algorithms remains tied to the source's adversarial multitask RL model. Broader representation and exploration barriers take priority.
TCS-6833	medium	quantitative_refinement	Leading-constant asymptotic optimality for further nonparametric reward classes sharpens rate-level robust bandit results. General finite-time exploration and heavy-tail learning limits have broader coverage.
TCS-6034	medium	model_variant	Exact classification of edge-capacitated terminal backup isolates one capacity convention within network design. More general flow, connectivity and approximation barriers provide broader coverage.
TCS-1846	medium	quantitative_refinement	A fixed improvement below the 2^m edge-coloring search scale is a quantitative exact-algorithm target. Broader coloring and exponential-time barriers take priority in this batch.
TCS-3339	medium	model_variant	FPT recovery of graph-incidence matrices under binary low-rank perturbations fixes both a representation and a corruption model across several graph classes. Its marginal reach is narrower than general low-rank recovery and graph-recognition barriers.
TCS-3745	high	quantitative_refinement	Approximation at an n^(k−epsilon) Set Cover budget focuses on an almost-exhaustive parameterized running-time slice. Retain the main Set Cover approximability and parameterized-hardness questions.
TCS-4203	medium	quantitative_refinement	The 2^(O(k log k)) Cycle Packing target sharpens parameter growth for one exact graph problem. Larger tractability and directed-cycle barriers take priority.
TCS-4339	medium	model_variant	Removing host-treewidth dependence from a planar subgraph-isomorphism bound fills a structural case left by the source's embedding algorithm. General subgraph-isomorphism and planar complexity barriers have broader coverage.
TCS-6497	high	quantitative_refinement	The source already achieves a single-exponential constant-factor treewidth approximation; its remaining question is a smaller exponential base. Do not retain a second card whose title can suggest the broader existence question is still open.
TCS-0292	medium	model_variant	Low-degree Sherali–Adams proofs of rwPHP(PLS) concern one composed totality principle in a particular proof system. The main total-search and proof-system separation targets take priority.
TCS-3183	medium	model_variant	Coefficient-size necessity in short Res-LinB refutations adds a numerical-encoding tradeoff within a specialized proof calculus. Broader encoded-size and arithmetic-proof barriers remain represented.
TCS-4187	high	construction_variant	Polynomial-calculus lower bounds for graph coloring specifically in the roots-of-unity encoding are an encoding-sensitive version of algebraic proof hardness. Prefer broader proof-system lower bounds.
TCS-4528	medium	model_variant	Constant Cutting Planes line space with polynomial coefficients combines two restrictions on proof storage. The broader total-space and encoded-proof-size questions give better marginal coverage.
TCS-6772	medium	quantitative_refinement	A PSPACE upper bound for deciding resolution variable-space requirements sharpens recognition complexity for one of several proof-memory measures. Principal proof-space and automatability barriers take priority.
TCS-0839	medium	model_variant	AM-versus-NP assistance specifically in distribution proximity testing adds another proof-and-access model comparison. The broader interactive-proof and distribution-testing barriers remain represented.
TCS-3162	medium	quantitative_refinement	The second erasure threshold for connectivity testing refines the phase diagram between known testing and impossibility regimes. It has lower marginal priority than the general missing-data and graph-testing questions.
TCS-3717	medium	model_variant	Constant-round distribution-free junta testing with polynomial queries adds an adaptivity cap to an already specialized testing model. General junta and adaptivity barriers take priority.
TCS-3945	medium	quantitative_refinement	Matching a particular quadratic MA-versus-AM proximity-proof separation sharpens the size of an already studied interaction gap. Broader proof-model separations have greater marginal coverage.
TCS-3960	medium	model_variant	Separating ordinary and tolerant testing specifically under earthmover resilience introduces a specialized robustness condition on ordered structures. General tolerant-testing boundaries take priority.
TCS-4030	medium	method_specific	Sample optimality of the log-concave MLE in dimensions at least four evaluates a particular estimator. General density-learning limits and computational tractability are broader targets.
TCS-5632	medium	model_variant	Support-size estimation with combined conditional-sampling and evaluation access fixes an unusually strong oracle. Broader distribution-learning and conditional-testing barriers provide more coverage.
TCS-6393	medium	quantitative_refinement	Strengthening a log-logarithmic lower bound for conditional equivalence testing is an additional quantitative refinement of a restricted-access comparison.
TCS-6736	medium	quantitative_refinement	Nearly quadratic adaptive-versus-nonadaptive testing gaps seek a particular separation scale. General adaptivity characterizations and stronger model-power barriers take priority.
TCS-0855	medium	method_specific	Optimizing oracle evaluations in the generic OWF-to-PRG construction is an efficiency refinement of an established foundational implication. Broader assumption and derandomization questions take priority.
TCS-2644	high	model_variant	Deterministic NP-oracle avoidance at locality three and near-linear stretch adds several resource restrictions to the range-avoidance cluster. Prefer its general computational and explicit-construction barriers.
TCS-3514	medium	method_specific	The PAC-hardness versus natural-properties equivalence is conditional on the particular Universality Conjecture. It is an additional organizing implication beside the main learning, pseudorandomness and natural-proof barriers.
TCS-3617	high	construction_variant	Reducing the leading size base of parsimonious universal families focuses on balanced set pairs and controlled multiplicities for one approximate-counting construction. Broader explicit randomness tools take priority.
TCS-4003	high	model_variant	Prover complexity for the public-coin version of pseudodeterministic proofs adds a protocol-convention question to a particular canonical-output framework.
TCS-4318	high	construction_variant	The requested quadratic F2 disperser at r=n−o(n) is a particular construction ingredient for a circuit/#SAT framework. General extraction and circuit lower-bound targets are stronger representatives.
TCS-5492	medium	method_specific	A space-efficient search-to-decision reduction for partial pseudorandomness would extend one equivalence to CL and L. Prefer the principal space-bounded derandomization questions before this specific reduction route.
TCS-0028	medium	model_variant	Standard versus erasing access for injective quantum oracles isolates an interface convention. Its saved consequences are narrower than the principal quantum-query and computational-power separations.
TCS-0866	high	model_variant	Quantum-circuit learning through value-injection queries uses a specialized intervention interface motivated by a classical test-path method. General quantum learnability and information-access barriers take priority.
TCS-1955	medium	method_specific	Exponential Fourier-tail decay for shallow quantum preprocessing is a structural route to hybrid-circuit lower bounds. Retain the central parity-versus-hybrid-circuit target before this stronger analytic ingredient.
TCS-2650	medium	method_specific	Deriving quantum circuit/state minimization hardness from QETH or QSETH is a particular conditional reduction programme. The principal quantum meta-complexity and quantum-hardness targets provide broader coverage.
TCS-4469	medium	model_variant	The BP·PP upper bound for qq-QAM is a further containment for a specific two-quantum-message proof convention. Broader quantum interactive-proof class comparisons take priority.
TCS-4509	medium	quantitative_refinement	Exponentially many classical verifications of secret-key quantum money optimizes lifetime under a particular verification interface and security convention. General quantum-money existence and verification barriers have broader coverage.
TCS-4696	high	method_specific	Succinct noninteractive local-Hamiltonian arguments specifically through Quantum Merkle trees ask for one construction route. Retain the broader succinct quantum-verification targets.
TCS-4712	medium	model_variant	Quantum advantage beyond NC0 specifically from one-dimensional local circuits adds a geometry restriction to shallow-quantum separation questions.
TCS-4718	medium	quantitative_refinement	The necessary T-gate count for computationally pseudorandom states quantifies one gate resource after a logarithmic obstruction. Broader pseudorandom-state and quantum computational-power questions take priority.
TCS-4734	medium	method_specific	A locality-preserving quantization of Dinur gap amplification is one technical strategy for quantum PCP. Keep the main conjecture before a separate card demanding the features of this particular classical route.
TCS-4954	medium	model_variant	A communication separation with one clean qubit adds a mixed-state initialization restriction to the general quantum-communication advantage question.
TCS-4992	medium	quantitative_refinement	Keeping entangled bias constant while classical bias vanishes strengthens an existing ratio-separation programme for multiparty XOR games. General nonlocal-game and communication separations have broader marginal coverage.
TCS-5021	medium	method_specific	Asymptotic Max-Cut optimality of QAOA on random regular graphs analyzes one quantum optimization algorithm in a particular random-instance limit. Its physics connection matters, but general quantum optimization barriers take priority.
TCS-5079	medium	model_variant	Pointer quantum PCP adds a structured proof format and an intermediate conjecture to the quantum-PCP cluster. It is distinct from the main conjecture, but has lower marginal priority as another proposed route.
TCS-5106	medium	model_variant	Adding blindness to one-round two-prover quantum delegation combines three protocol constraints. The principal efficient verification and private delegation barriers provide broader coverage.
TCS-5136	medium	model_variant	An exponential gap between quantum distinguishing complexity and approximate degree introduces a specialized state-output measure for partial functions. More general quantum-query and polynomial-method barriers take priority.
TCS-5170	high	method_specific	Using otherwise unstructured output labels in dihedral hidden-subgroup algorithms tests whether a particular discarded data source helps. Retain the hidden-subgroup algorithmic target itself.
TCS-6461	medium	construction_variant	Approximate complexity growth for generic monitored random-circuit outputs extends specially engineered instances within a particular measurement model. Broader explicit quantum complexity and simulation barriers take priority.
TCS-2076	medium	quantitative_refinement	Improving global Kawasaki mixing from quadratic to n log n in the stated fast-mixing regime sharpens the rate of one sampling dynamics. General sampling tractability and phase boundaries have broader coverage.
TCS-4599	high	model_variant	Blanket time for local-search balls-into-bins on vertex-transitive graphs combines one allocation dynamics, one graph symmetry and one load-uniformity criterion. Broader random-walk and load-balancing barriers take priority.
TCS-2824	high	method_specific	The syntactic sufficient condition for reconstructing intuitionistic connectives concerns one truth-table-to-proof-rule procedure. More general constructive semantics and proof-system barriers take priority.
TCS-3332	high	model_variant	Extending a finite-approximation theorem from finitary to accessible set functors concerns a specialized categorical semantics framework. Its saved rationale gives limited independent computational consequences.
TCS-3839	medium	quantitative_refinement	An exponential bound on finite matrix-monoid representations improves a reduction's size in affine integer VASS. The principal affine reachability and counter-system decidability barriers take priority.
TCS-3904	high	model_variant	Propositional resizing specifically in predicative universes of cubical assemblies is a consistency property of one semantic construction. General computational univalence and type-theory foundations remain represented.
TCS-4078	high	model_variant	Finite memory for a robot collecting expiring stochastic rewards concerns a particular reward-generation and routing model. General policy-memory and stochastic-control barriers have broader coverage.
TCS-4081	medium	model_variant	Complete axiomatization of the decidable expanding intuitionistic temporal logic adds a deduction-system target for one temporal semantics. Broader logical decidability and constructive-proof barriers take priority.
TCS-4138	high	model_variant	Properness of specific coalgebraic functors on convex sets tests a technical condition for one rational-fixed-point framework. General behavioral equivalence and probabilistic verification barriers take priority.
TCS-4478	medium	model_variant	Decidability of the Boolean-goal one-counter Strategy Logic fragments adds a specialized strategic logic to the infinite-state verification cluster. Broader counter-system and game-solving barriers have greater marginal coverage.
TCS-4564	high	construction_variant	A univalent presheaf model for the proposed interval-free cubical type theory is a foundation for one alternative formalism. General computational type-theory and univalence questions take priority.
TCS-4577	high	consolidation	This is another occurrence of the unrestricted Skolem decision problem already specified in TCS-5773. Preserve the nonterminating-process information-leakage reference there.
TCS-5737	high	consolidation	Weak convertibility for closed S-only combinator terms is the word problem already covered by TCS-0913. Preserve the normalization and infinite-tree-semantics context from this source.
TCS-5911	medium	bundled_direction	Verification of GNNs under further logical input assumptions is an extension programme of a source's logic-based verification framework. The saved passage does not isolate a major new barrier within it.
TCS-6107	medium	model_variant	Decidability for persistent rather than expanding intuitionistic temporal models adds another semantic compatibility convention. General temporal and constructive-logical barriers take priority.
TCS-6343	medium	model_variant	Finite general memory versus chromatic memory on infinite arenas isolates what strategy updates may observe. This extra memory convention has lower marginal coverage than the main finite-memory determinacy questions.
TCS-3038	medium	model_variant	Logarithmic-distance finger movement in linear grammar space is an additional locality-sensitive navigation guarantee for compressed strings. General compressed random access and grammar-compression barriers take priority.
TCS-3928	high	quantitative_refinement	The joint n,z,alphabet-size gap between greedy and bit-optimal LZ77 refines a particular encoding comparison. General compression approximation and information limits have broader coverage.
TCS-4208	high	model_variant	Truly subquadratic longest common weakly increasing subsequence for each fixed alphabet adds both monotonicity and alphabet restrictions to sequence comparison. Core edit and subsequence barriers take priority.
TCS-5490	medium	specialized_target	Reachability under tandem duplications is a specialized string-rewriting model motivated by duplication histories. General word-equation, rewriting and sequence-algorithm barriers have broader coverage.
TCS-1538	medium	model_variant	Mixed stack-and-queue layouts versus queue-only layouts add an intermediate representation parameter to the broader stack/queue relationship. That extra comparison has lower marginal priority.
TCS-2371	high	construction_variant	Growing exact Ramanujan graphs with only constantly many edge changes adds bounded rewiring to an already demanding spectral target. The source achieves every positive slack; general explicit Ramanujan construction takes priority.
TCS-3915	medium	model_variant	Extending a bounded-expansion transduction characterization from graphs to general relational structures broadens one structural framework by signature arity. Other core graph-structure and finite-model-theory barriers have greater marginal coverage.
TCS-4336	medium	model_variant	The converse characterization for large token-addition/removal thresholds concerns a specific independent-set reconfiguration measure. General reconfiguration complexity and structural tractability barriers take priority.
TCS-4404	medium	quantitative_refinement	Removing a polylogarithmic loss in planar directed grid/crossbar size sharpens a routing-oriented structural theorem. General directed grid and disjoint-path barriers provide broader coverage.
TCS-6875	medium	construction_variant	Two-sided Ramanujan signings and two-lifts demand one particular family-building mechanism. General existence and efficient explicit construction of Ramanujan graphs take priority; no one-sided theorem is treated as resolving this target.
TCS-3324	high	consolidation	Decidability of the real exponential field is stated explicitly in TCS-7230. Preserve the weighted-automaton application reference there and remove the redundant occurrence.
TCS-6319	medium	consolidation	The saved target repeats constant-competitive irrevocable online matching on the line in TCS-5158. Transfer the reference and align the deterministic/randomized convention before any deletion.
TCS-5770	high	consolidation	This is the introductory girth-conjecture occurrence from the same routing paper used by the precise TCS-2783. Consolidate there; do not collapse TCS-2783 with TCS-6500 without checking their different girth and graph-size quantifiers.
TCS-0308	medium	consolidation	The general polynomial formula-versus-circuit gap is represented by nonuniform NC1 versus P/poly in TCS-6712 under the standard bounded-fan-in Boolean convention. Preserve the formula viewpoint and align the basis and size conventions when consolidating.
TCS-6150	medium	model_variant	Combining polynomial computation with subquadratic resistance queries is a reconstruction target in a particular electrical-measurement interface. General graph reconstruction and inverse-problem barriers take priority.
TCS-6783	medium	quantitative_refinement	Exactly +4 additive error and n^(4/3) edges form a single precise point of the spanner tradeoff. Main spanner-size and spanner-versus-emulator questions give broader coverage.
TCS-3865	medium	cluster_overlap	Exponential unambiguous-automaton complementation cost is the proposed hard endpoint of the broader gap-closing target TCS-0128. Keep that endpoint and source as context there, rather than another card for the same conversion programme; no equality of the two propositions is claimed.
TCS-0222	medium	model_variant	Merlin–Arthur communication specifically for graph connectivity adds a certificate-and-randomness convention to one graph-property task. Broader communication and distributed verification barriers take priority.
TCS-1044	medium	method_specific	Explicit robust rectangle-cover matrices are a combinatorial witness target for a particular lower-bound technique. General communication and explicit circuit lower bounds provide broader coverage.
TCS-3512	medium	model_variant	Universal versus weakly universal simultaneous-message protocols compare two function-family information conventions. This extra model conversion is lower priority than the main communication-power comparisons.
TCS-3761	medium	model_variant	ppCDS lower bounds specifically for predicates with easy randomized communication refine one conditional-secret-release model. General secret-sharing and privacy-versus-communication barriers take priority.
TCS-4664	medium	quantitative_refinement	Extending the bipartite matching communication upper bound to general graphs is an additional graph-property bound under deterministic split-input access. General matching and communication barriers have broader coverage.
TCS-5253	medium	method_specific	Uniform equivalence between noisy queries and GapMaj composition for arbitrary block size asks whether one gadget captures the full cost model. Broader noisy-computation and randomized-composition barriers take priority.
TCS-5304	medium	model_variant	The optimal gap between randomized parity decision trees and approximate sparsity adds a particular query-and-representation comparison to the communication lower-bound cluster.
TCS-5594	medium	quantitative_refinement	Extending generalized Karchmer–Wigderson lower bounds beyond logarithmic output length fills the output-dimension range of a specific communication formulation. Prefer principal formula and composition lower bounds.
TCS-1192	medium	model_variant	Worst-case symmetry of information for the source's nondeterministic Kolmogorov measure adds another resource-bounded information identity. Broader symmetry-of-information and meta-complexity barriers take priority.
TCS-3718	medium	method_specific	Equating fixed-polynomial NP circuit lower bounds with a particular infinitely-often Karp–Lipton collapse is an additional conditional characterization. The main lower-bound and hierarchy questions already represent the intended consequences.
TCS-1762	medium	quantitative_refinement	Exact spanner-sparsity optimality for each stretch in fixed lp spaces between l1 and l2 sharpens a particular geometric tradeoff. General metric compression and spanner barriers provide broader coverage.
TCS-4061	medium	model_variant	UGC-based constant-factor hardness for surface homology localization with a factor-dependent coefficient group combines a specific topological objective and algebraic convention. Broader approximation and topology barriers take priority.
TCS-4365	medium	model_variant	Strong homomorphisms and embeddings between first-order definable structures add map-preservation conventions to the source's decidable injective case. General homomorphism and definability barriers have broader coverage.
TCS-4535	medium	model_variant	Evaluating conjunctive positive queries on finite groups fixes both a logical fragment and an algebraic input class. General group computation and query-evaluation barriers take priority.
TCS-4563	medium	model_variant	Containment of Datalog inside regular graph queries is a specific cross-language verification target. Broader query-rewritability and recursive-language decision barriers provide more coverage.
TCS-1169	medium	quantitative_refinement	The exact deterministic pass count for semi-streaming O(Delta)-coloring refines one palette-memory regime. General streaming derandomization and distributed coloring barriers take priority.
TCS-4307	medium	model_variant	Dynamic maintenance of extended conjunctive regular path queries adds a specialized navigational query language to the dynamic-logic cluster. Broader dynamic reachability and query-maintenance principles have greater marginal coverage.
TCS-0660	medium	model_variant	Sub-square-root SVP approximation in coMA adds a particular randomized-certificate convention to the lattice-certification cluster. Broader approximation hardness and certificate frontiers take priority.
TCS-1051	medium	quantitative_refinement	Logarithmic negation depth for efficient monotone-function computation isolates one nesting resource within limited-negation circuits. More general circuit separations provide broader coverage.
TCS-5618	medium	construction_variant	Hitting sets for affine orbits of determinant and iterated matrix multiplication concern two structured polynomial families under hidden coordinates. General identity testing and arithmetic-circuit derandomization barriers take priority.
TCS-4586	medium	quantitative_refinement	Instance-optimal quantum oracle identification refines worst-case candidate-count and input-length bounds for a particular known hypothesis set. General quantum learnability and query-power barriers have broader coverage.
TCS-1062	medium	method_specific	Balancing tree-like Cutting Planes proofs is a structural transformation inside one restricted proof format. Principal arithmetic-proof lower bounds and encoded-size questions take priority.
TCS-4221	medium	model_variant	Sum-of-squares automatability specifically after replacing interval constraints by Boolean equalities isolates a domain restriction within a proof-search framework. Broader automatability barriers provide more coverage.
TCS-4124	medium	model_variant	Comparing modular-separator hardness with full VAS reachability studies one restricted periodic invariant language. The main reachability and invariant-synthesis barriers take priority.
TCS-1656	medium	model_variant	Polynomial-time solving of explicitly represented McNaughton games adds a winning-condition representation case next to the general regular-game barriers.
TCS-3530	medium	model_variant	Finite-state descriptions of all winning strategies under synchronous-automaton observation equivalence extend a particular imperfect-information presentation model. General strategy-existence and synthesis barriers take priority.
TCS-4072	medium	model_variant	Classifying coalgebraic functors that admit a disjunctive basis asks when one modal normal-form framework applies. Broader modal expressiveness, equivalence and decidability principles have greater marginal coverage.
TCS-7204	medium	quantitative_refinement	The minimum final-cut count of finite envy-free protocols optimizes fragmentation separately from query cost. This is a meaningful geometric resource, but an additional quantitative cake-cutting frontier beside the main complete-allocation target.
