id,title,authors,year,publication_year,edition_note,kind,area,category_ids,entries,pages,source_url,pdf_url,pdf,note,sha256,inventory_target
vadhan2012,Pseudorandomness,Salil P. Vadhan,2012,,"Downloaded author or publisher PDF; annotations refer to this exact saved file, identified by SHA-256.",monograph,Pseudorandomness and derandomization,S04,40,339,https://people.seas.harvard.edu/~salil/pseudorandomness/,https://people.seas.harvard.edu/~salil/pseudorandomness/pseudorandomness-published-Dec12.pdf,pdf/vadhan2012.pdf,notes/vadhan2012.md,bf2ce542208824ebf39ce132aae2d26a3b90bc04d3496a4ec05361f27e62118c,all_explicit_unresolved_statements_in_downloaded_work
odonnell2021,Analysis of Boolean Functions (updated author edition),Ryan O’Donnell,2021,,May 2021 arXiv edition of the 2014 textbook.,book,Analysis of Boolean functions,,8,419,https://arxiv.org/abs/2105.10386,https://arxiv.org/pdf/2105.10386,pdf/odonnell2021.pdf,notes/odonnell2021.md,624b33577351086b7d8140d288af81ea9d60150ee1e56c5645060a45b4c9acb6,selected_explicit_unresolved_statements
raoyehudayoff,Communication Complexity (early author draft),Anup Rao; Amir Yehudayoff,,2020,"120-page early author draft; date not stated, not the complete 2020 published edition.",book_draft,Communication complexity,S06,7,120,https://yehudayoff.net.technion.ac.il/files/2016/03/book.pdf,https://yehudayoff.net.technion.ac.il/files/2016/03/book.pdf,pdf/raoyehudayoff.pdf,notes/raoyehudayoff.md,ae7bc14f02e08a82969b6f1ec7f2141f2574e1b51be368da1453ffff9b2d5771,all_explicit_unresolved_statements_in_downloaded_work
jukna2012,Boolean Function Complexity: Advances and Frontiers (author's early draft),Stasys Jukna,2012,,"Downloaded author or publisher PDF; annotations refer to this exact saved file, identified by SHA-256.",book_draft,Computational and circuit complexity,,10,587,https://web.vu.lt/mif/s.jukna/boolean/index.html,https://web.vu.lt/mif/s.jukna/boolean/bool-V7.pdf,pdf/jukna2012.pdf,notes/jukna2012.md,c8eef12631c393e1947a82b088670da8445d1a438e2a1b95de2c51d577f1ded7,selected_explicit_unresolved_statements
williamson2011,The Design of Approximation Algorithms,David P. Williamson; David B. Shmoys,2011,,"Electronic web edition, copyright 2011 in page footers; cover carries 2010 prepublication copyright.",book,Approximation algorithms,S01,11,500,https://www.designofapproxalgs.com/,https://www.designofapproxalgs.com/book.pdf,pdf/williamson2011.pdf,notes/williamson2011.md,f890311c5c9f5e6bcee863b59d08d143d79caf79013d8edca80ad426e5d53db3,all_explicit_unresolved_statements_in_downloaded_work
cygan2015,Parameterized Algorithms,Marek Cygan; Fedor V. Fomin; Łukasz Kowalik; Daniel Lokshtanov; Dániel Marx; Marcin Pilipczuk; Michał Pilipczuk; Saket Saurabh,2016,2015,Author manuscript dated 30 May 2016; published book 2015.,book,Parameterized and exact algorithms,,11,629,https://parameterized-algorithms.mimuw.edu.pl/,https://parameterized-algorithms.mimuw.edu.pl/parameterized-algorithms.pdf,pdf/cygan2015.pdf,notes/cygan2015.md,ec57506fc78a31c1c717562de834313b553b5a71200000c64b27c3a09fa2699d,selected_explicit_unresolved_statements
goldreich2017,Introduction to Property Testing (April 2017 manuscript),Oded Goldreich,2017,,"Downloaded author or publisher PDF; annotations refer to this exact saved file, identified by SHA-256.",book_draft,Property testing and distribution learning,S14,21,466,https://www.wisdom.weizmann.ac.il/~oded/pt-intro.html,https://www.wisdom.weizmann.ac.il/~oded/PDF/pt-v3.pdf,pdf/goldreich2017.pdf,notes/goldreich2017.md,b92fff61d58b2073857e090c6ad1f1d744b0f5c24ed7e94c7d0c1e7ab02200ef,all_explicit_unresolved_statements_in_downloaded_work
cspbook2017,The Constraint Satisfaction Problem: Complexity and Approximability,Andrei Krokhin; Stanislav Živný (editors),2017,,"Downloaded author or publisher PDF; annotations refer to this exact saved file, identified by SHA-256.",edited_book,Constraint satisfaction,,11,358,https://drops.dagstuhl.de/entities/volume/DFU-volume-7,https://drops.dagstuhl.de/storage/02dagstuhl-follow-ups/dfu-vol007/DFU.Vol7.15301/DFU.Vol7.15301.pdf,pdf/cspbook2017.pdf,notes/cspbook2017.md,948670b57b6afac5022446081b373fab318160876f20540e5c342b41d91c8cd4,selected_explicit_unresolved_statements
nordstrom2013,"Pebble Games, Proof Complexity, and Time-Space Trade-offs",Jakob Nordström,2013,,"Downloaded author or publisher PDF; annotations refer to this exact saved file, identified by SHA-256.",survey,Proof complexity and logic,S05,19,63,https://arxiv.org/abs/1307.3913,https://arxiv.org/pdf/1307.3913,pdf/nordstrom2013.pdf,notes/nordstrom2013.md,9c773f87376b96e3ad4e46acf0adc2d82b4cf378b847fe3703bddb9588dfbd34,all_explicit_unresolved_statements_in_downloaded_work
spanners2020,Graph spanners: a tutorial review,Reyan Ahmed; Greg Bodwin; Faryad Darabi Sahneh; Keaton Hamm; Mohammad Javad Latifi Jebelli; Stephen Kobourov; Richard Spence,2020,,"Downloaded author or publisher PDF; annotations refer to this exact saved file, identified by SHA-256.",survey,Graph theory and graph algorithms,,12,75,https://arxiv.org/abs/1909.03152,https://arxiv.org/pdf/1909.03152,pdf/spanners2020.pdf,notes/spanners2020.md,9ad3545e49a9d9e57c9f14fa663abd1030772c79c1e263a89607bac3708db91b,selected_explicit_unresolved_statements
fair2022,Fair Division of Indivisible Goods: A Survey,Georgios Amanatidis; Georgios Birmpas; Aris Filos-Ratsikas; Alexandros A. Voudouris,2022,,"arXiv v2, 4 March 2022, downloaded from a university course page.",survey,Algorithmic game theory and fair division,S16,10,17,https://arxiv.org/abs/2202.07551,https://www.cs.toronto.edu/~nisarg/teaching/2556s22/papers/fair-division-survey.pdf,pdf/fair2022.pdf,notes/fair2022.md,c9c1905f8c3f2db85e32662e061385a1118a7a5e170bb79b7f1728fc113215c2,all_explicit_unresolved_statements_in_downloaded_work
reconfig2020,Reconfiguration of Colourings and Dominating Sets in Graphs: a Survey,C. M. Mynhardt; S. Nasserasr,2020,,"Downloaded author or publisher PDF; annotations refer to this exact saved file, identified by SHA-256.",survey,Reconfiguration algorithms,S25,10,20,https://arxiv.org/abs/2003.05956,https://arxiv.org/pdf/2003.05956,pdf/reconfig2020.pdf,notes/reconfig2020.md,4fe00c3eeef78277f2288fdd44d99e48e50a0d7864197d6367e961f14c86f8b1,all_explicit_unresolved_statements_in_downloaded_work
temporal2015,An Introduction to Temporal Graphs: An Algorithmic Perspective,Othon Michail,2015,,"Downloaded author or publisher PDF; annotations refer to this exact saved file, identified by SHA-256.",survey,Temporal graph algorithms,,1,42,https://arxiv.org/abs/1503.00278,https://arxiv.org/pdf/1503.00278,pdf/temporal2015.pdf,notes/temporal2015.md,e91e525fbc110e50ab488f335e22e637b5364799b026b8b604c6b261479836ef,selected_explicit_unresolved_statements
scheduling2017,Parameterized complexity of machine scheduling: 15 open problems,Matthias Mnich; René van Bevern,2017,,arXiv submission began in 2017; the downloaded revision includes references from 2018.,survey,Scheduling and packing,S18,15,9,https://arxiv.org/abs/1709.01670,https://arxiv.org/pdf/1709.01670,pdf/scheduling2017.pdf,notes/scheduling2017.md,5898ff544c61d47b37e23b70befca7e2c55bdf0add57b8fcbdf11b796ee1f5c5,all_explicit_unresolved_statements_in_downloaded_work
arora_barak,Computational Complexity: A Modern Approach,Sanjeev Arora; Boaz Barak,2007,2009,January 2007 Internet draft of the book published in 2009.,book_draft,Computational complexity,,10,489,https://theory.cs.princeton.edu/complexity/,https://theory.cs.princeton.edu/complexity/book.pdf,pdf/arora_barak.pdf,notes/arora_barak.md,da0881782a35bde6a0779a2eb1a8d480f39fbddf70bbb92824d1dc5550a033b2,selected_explicit_unresolved_statements
dwork_roth,The Algorithmic Foundations of Differential Privacy,Cynthia Dwork; Aaron Roth,2014,,"Downloaded author or publisher PDF; annotations refer to this exact saved file, identified by SHA-256.",monograph,Differential privacy,S15,3,281,https://www.cis.upenn.edu/~aaroth/privacybook.html,https://www.cis.upenn.edu/~aaroth/Papers/privacybook.pdf,pdf/dwork_roth.pdf,notes/dwork_roth.md,599bb0add9a0ec7bf85a6561dbc7619f45403892a19084eb1fe622352ef91ef7,all_explicit_unresolved_statements_in_downloaded_work
watrous,The Theory of Quantum Information,John Watrous,2018,,2018 prepublication manuscript in standard layout; personal use only.,book_draft,Quantum information,,2,598,https://cs.uwaterloo.ca/~watrous/TQI/,https://cs.uwaterloo.ca/~watrous/TQI/TQI.pdf,pdf/watrous.pdf,notes/watrous.md,c8f30116586435fc265273b09ca2d63f4912a5d4b8901db1ada84b03373c6325,selected_explicit_unresolved_statements
understanding_ml,Understanding Machine Learning: From Theory to Algorithms,Shai Shalev-Shwartz; Shai Ben-David,2014,,"Downloaded author or publisher PDF; annotations refer to this exact saved file, identified by SHA-256.",book,Learning theory,L05,4,449,https://www.cs.huji.ac.il/~shais/UnderstandingMachineLearning/,https://www.cs.huji.ac.il/~shais/UnderstandingMachineLearning/understanding-machine-learning-theory-algorithms.pdf,pdf/understanding_ml.pdf,notes/understanding_ml.md,5ad0c69c922e47e423f6b469e8cfbaf07beae6933185af746b670911a8d163f2,all_explicit_unresolved_statements_in_downloaded_work
bandit_algorithms,Bandit Algorithms,Tor Lattimore; Csaba Szepesvári,2020,,"Downloaded author or publisher PDF; annotations refer to this exact saved file, identified by SHA-256.",book,Bandits and online learning,,6,597,https://banditalgs.com/,https://tor-lattimore.com/downloads/book/book.pdf,pdf/bandit_algorithms.pdf,notes/bandit_algorithms.md,b71acb03034d73ca0ea148c9c6a91c34a88dd8c7ab8471af38035b34399bad9f,selected_explicit_unresolved_statements
markov_mixing,"Markov Chains and Mixing Times, Second Edition",David A. Levin; Yuval Peres; contributions by Elizabeth L. Wilmer,2017,,"Downloaded author or publisher PDF; annotations refer to this exact saved file, identified by SHA-256.",book,Randomized algorithms and mixing,S10,19,461,https://pages.uoregon.edu/dlevin/MARKOV/,https://pages.uoregon.edu/dlevin/MARKOV/mcmt2e.pdf,pdf/markov_mixing.pdf,notes/markov_mixing.md,9ef39f9467d9647ff3f5e8747b9ce24b7a90d13be2f8156fbd827b95b661a772,all_explicit_unresolved_statements_in_downloaded_work
coding_theory,Essential Coding Theory,Venkatesan Guruswami; Atri Rudra; Madhu Sudan,2026,,"Accessible author draft, 19 April 2026. Only the currently released stable chapters; not a complete published book.",partial_book_draft,Coding theory,S07,3,226,https://cse.buffalo.edu/faculty/atri/courses/coding-theory/book/,https://cse.buffalo.edu/faculty/atri/courses/coding-theory/book/ada-coding-book.pdf,pdf/coding_theory.pdf,notes/coding_theory.md,7251cb8e4bc5048cfd6ad113f14bc6d6d3c5a079e5dc33430b1cf36df5c21005,all_explicit_unresolved_statements_in_downloaded_work
peikert,A Decade of Lattice Cryptography,Chris Peikert,2016,,"Downloaded author or publisher PDF; annotations refer to this exact saved file, identified by SHA-256.",monograph,Lattices and cryptography,S09,12,90,https://eprint.iacr.org/2015/939,https://eprint.iacr.org/2015/939.pdf,pdf/peikert.pdf,notes/peikert.md,1a9802b66031a2b863fd498a5de4a71cdb1bd46ac1d47dc1f4a67ae341357488,all_explicit_unresolved_statements_in_downloaded_work
bubeck_convex,Convex Optimization: Algorithms and Complexity,Sébastien Bubeck,2015,,"Downloaded author or publisher PDF; annotations refer to this exact saved file, identified by SHA-256.",monograph,Optimization,,0,130,https://arxiv.org/abs/1405.4980,https://arxiv.org/pdf/1405.4980,pdf/bubeck_convex.pdf,notes/bubeck_convex.md,4d5cd5428a8e627fa2b7ee80791259c2f17e6ae5bf68cf7c78aee1fcefdc05f2,selected_explicit_unresolved_statements
expanders,Expander Graphs and Their Applications,Shlomo Hoory; Nathan Linial; Avi Wigderson,2006,,"Author draft dated 3 May 2006, not the final journal typesetting.",survey,Expanders and pseudorandomness,,8,124,https://www.math.ias.edu/avi/node/974,https://www.math.ias.edu/~avi/BOOKS/expanderbookr1.pdf,pdf/expanders.pdf,notes/expanders.md,77e6bfec9438162512891df56af534f4c3e5df4a0fe27090ec6b690224e70b13,selected_explicit_unresolved_statements
arithmetic_circuits,Arithmetic Circuits: A Survey of Recent Results and Open Questions,Amir Shpilka; Amir Yehudayoff,2010,,"Downloaded author or publisher PDF; annotations refer to this exact saved file, identified by SHA-256.",monograph,Algebraic computation,S08,35,123,https://www.cs.tau.ac.il/~shpilka/publications/SY10.pdf,https://www.cs.tau.ac.il/~shpilka/publications/SY10.pdf,pdf/arithmetic_circuits.pdf,notes/arithmetic_circuits.md,68e88d3878c19d38d26f1f1e91e632d0cb4f4bbc758da5265cded23c6880e4b2,all_explicit_unresolved_statements_in_downloaded_work
local_algorithms,Survey of Local Algorithms,Jukka Suomela,2013,,"Downloaded author or publisher PDF; annotations refer to this exact saved file, identified by SHA-256.",survey,Distributed algorithms,L07,4,46,https://www.cs.helsinki.fi/local-survey/,https://jukkasuomela.fi/doc/local-survey.pdf,pdf/local_algorithms.pdf,notes/local_algorithms.md,5dc3b688f6c66944530b149b2acfe7ca63e23ea00f4626ebf92ce3a633bbe4be,all_explicit_unresolved_statements_in_downloaded_work
repetitive_strings,Indexing Highly Repetitive String Collections,Gonzalo Navarro,2021,,"arXiv v10, 23 November 2022; survey associated with the 2021 publication.",survey,String algorithms and data structures,S11,11,76,https://arxiv.org/abs/2004.02781,https://arxiv.org/pdf/2004.02781,pdf/repetitive_strings.pdf,notes/repetitive_strings.md,7b50e0287518458ab0cd51e10dce37633e9011d40e756f252e4b433347d57bf1,all_explicit_unresolved_statements_in_downloaded_work
quantum_algorithms,Quantum Algorithms: An Overview,Ashley Montanaro,2016,,December 2015 author version (arXiv v2); journal publication 2016.,survey,Quantum algorithms,L01,3,17,https://arxiv.org/abs/1511.04206,https://arxiv.org/pdf/1511.04206,pdf/quantum_algorithms.pdf,notes/quantum_algorithms.md,056dc8461e2a93cb1a54ba44c8450177e7a7ed5acc26248319610e7d38614e0c,all_explicit_unresolved_statements_in_downloaded_work
fine_grained,On Some Fine-Grained Questions in Algorithms and Complexity,Virginia Vassilevska Williams,2018,,"Downloaded author or publisher PDF; annotations refer to this exact saved file, identified by SHA-256.",survey,Fine-grained complexity,S03,21,32,https://people.csail.mit.edu/virgi/,https://people.csail.mit.edu/virgi/eccentri.pdf,pdf/fine_grained.pdf,notes/fine_grained.md,2f9dcf780203d467d6e108872aefbbcb188e2b31d95387927d48b4e45f69c06c,all_explicit_unresolved_statements_in_downloaded_work
wigderson,Mathematics and Computation,Avi Wigderson,2019,,Final author draft dated 6 August 2019.,book_draft,Complexity and mathematical foundations,,11,340,https://www.math.ias.edu/avi/book,https://www.math.ias.edu/files/Book-online-Aug0619.pdf,pdf/wigderson.pdf,notes/wigderson.md,c6b72d0487d31b7d7173266c8d6706649607c6615defb7e2b6c2395782ab1829,selected_explicit_unresolved_statements
online_convex,"Introduction to Online Convex Optimization, Second Edition",Elad Hazan,2023,,"Second edition; arXiv v3, 6 August 2023. First edition 2016.",monograph,Online optimization,,0,260,https://arxiv.org/abs/1909.05207,https://arxiv.org/pdf/1909.05207,pdf/online_convex.pdf,notes/online_convex.md,0c0678244a56006734f9114dc57b0fa9d5ff06ad62cbe4ca3222b6c61acd4e9e,selected_explicit_unresolved_statements
algorithmic_game_theory,Algorithmic Game Theory,Noam Nisan; Tim Roughgarden; Éva Tardos; Vijay V. Vazirani (editors),2007,,"Downloaded author or publisher PDF; annotations refer to this exact saved file, identified by SHA-256.",edited_book,Algorithmic game theory,,9,775,https://www.cs.cmu.edu/~sandholm/cs15-892F13/algorithmic-game-theory.pdf,https://www.cs.cmu.edu/~sandholm/cs15-892F13/algorithmic-game-theory.pdf,pdf/algorithmic_game_theory.pdf,notes/algorithmic_game_theory.md,83084d9996024ca92f313c5ae55fec7b3b379f06172a4c24b62229da9c558543,selected_explicit_unresolved_statements
geometry_cabello,Some Open Problems in Computational Geometry,Sergio Cabello,2020,,"Invited survey, MFCS 2020.",survey,Computational geometry,L02,7,6,https://drops.dagstuhl.de/entities/document/10.4230/LIPIcs.MFCS.2020.2,https://drops.dagstuhl.de/storage/00lipics/lipics-vol170-mfcs2020/LIPIcs.MFCS.2020.2/LIPIcs.MFCS.2020.2.pdf,pdf/geometry_cabello.pdf,notes/geometry_cabello.md,c47bb7be3975a2ccbcb1057423e88cc640e46abcfc7ff5fadb01dcbf231fc2cc,all_explicit_unresolved_statements_in_downloaded_work
compact_databases,Compact Data Structures Meet Databases,Gonzalo Navarro,2023,,"Invited survey, ICDT 2023.",survey,Data structures,L04,4,16,https://drops.dagstuhl.de/entities/document/10.4230/LIPIcs.ICDT.2023.2,https://drops.dagstuhl.de/storage/00lipics/lipics-vol255-icdt2023/LIPIcs.ICDT.2023.2/LIPIcs.ICDT.2023.2.pdf,pdf/compact_databases.pdf,notes/compact_databases.md,e5e895d91cd43d39189a7b1df7020cb90dd0cc91eebe8f1ff234ab7567a2dc27,all_explicit_unresolved_statements_in_downloaded_work
pnp_fortnow,The Status of the P versus NP Problem,Lance Fortnow,2009,,"Author-hosted survey, CACM 2009.",survey,Computational complexity,L03,14,8,https://lance.fortnow.com/papers/files/pnp-cacm.pdf,https://lance.fortnow.com/papers/files/pnp-cacm.pdf,pdf/pnp_fortnow.pdf,notes/pnp_fortnow.md,7268ee2dbd9e90fc1088ca142c7f1dc5693b4702ea6b5809ca517f19e8efb992,all_explicit_unresolved_statements_in_downloaded_work
nonabelian_crypto,Aspects of Nonabelian Group Based Cryptography: A Survey and Open Problems,Benjamin Fine; Maggie Habeeb; Delaram Kahrobaei; Gerhard Rosenberger,2011,,"ArXiv v2, 22 March 2011.",survey,Cryptography,L06,13,31,https://arxiv.org/abs/1103.4093,https://arxiv.org/pdf/1103.4093,pdf/nonabelian_crypto.pdf,notes/nonabelian_crypto.md,b5c6aa8478fa5dff75a24ddac8cad77fa79499e004f7fc97fedc628a93ee4b5c,all_explicit_unresolved_statements_in_downloaded_work
sync_automata,Synchronizing Automata: Open Problems,Marek Szykuła,2026,,"ArXiv v1, 25 August 2026; EPTCS 451.",survey,Automata and formal languages,L08,14,15,https://arxiv.org/abs/2608.24245,https://arxiv.org/pdf/2608.24245,pdf/sync_automata.pdf,notes/sync_automata.md,62fcce9693c7e44f209f65c95939c48a08d5cf035627ffe67f56b7da59889208,all_explicit_unresolved_statements_in_downloaded_work
regular_model_checking,A Survey of Regular Model Checking,Parosh Aziz Abdulla; Bengt Jonsson; Marcus Nilsson; Mayank Saksena,2004,,"University-hosted survey chapter, CONCUR 2004.",survey,Logic and verification,L09,0,14,https://homes.cs.aau.dk/~srba/courses/FS-07/rmc_survey.pdf,https://homes.cs.aau.dk/~srba/courses/FS-07/rmc_survey.pdf,pdf/regular_model_checking.pdf,notes/regular_model_checking.md,07e985aa5b0fb96cfbe704dfe149df3ca298b4bfa4da2b35f362d0ad05a78692,all_explicit_unresolved_statements_in_downloaded_work
numerical_sketching,Sketching as a Tool for Numerical Linear Algebra,David P. Woodruff,2015,2014,"ArXiv v2, 11 February 2015; Foundations and Trends publication 2014.",survey,Optimization and numerics,L10,5,139,https://arxiv.org/abs/1411.4357,https://arxiv.org/pdf/1411.4357,pdf/numerical_sketching.pdf,notes/numerical_sketching.md,eeedd3668a59ef6eee51967184bca22a3c8cbb86d5b6367d68b910aae1138071,all_explicit_unresolved_statements_in_downloaded_work
edge_modification,A Survey of Parameterized Algorithms and the Complexity of Edge Modification,Christophe Crespelle; Pål Grønås Drange; Fedor V. Fomin; Petr A. Golovach,2020,,"ArXiv v2, 18 February 2020; PDF dated 19 February 2020.",survey,Parameterized algorithms,S02,67,49,https://arxiv.org/abs/2001.06867,https://arxiv.org/pdf/2001.06867,pdf/edge_modification.pdf,notes/edge_modification.md,2c0786cb72bb28b2d9210885994111696f43253b7a46066842fd30d22efce3e5,all_explicit_unresolved_statements_in_downloaded_work
dynamic_graphs,Recent Advances in Fully Dynamic Graph Algorithms,Kathrin Hanauer; Monika Henzinger; Christian Schulz,2022,,"Invited survey, SAND 2022.",survey,Dynamic graph algorithms,S12,4,47,https://drops.dagstuhl.de/entities/document/10.4230/LIPIcs.SAND.2022.1,https://eprints.cs.univie.ac.at/7316/1/Recent_Advances.pdf,pdf/dynamic_graphs.pdf,notes/dynamic_graphs.md,c3f543e6bcbe64eac731ffdb64c37b8fda021149644652f549afb5a7fa4e92dc,all_explicit_unresolved_statements_in_downloaded_work
enumeration_strozecki,"Enumeration Complexity: Incremental Time, Delay and Space",Yann Strozecki,2021,,Habilitation defended 23 November 2021; arXiv v1 deposited 29 September 2023.,monograph,Counting and enumeration,S13,32,96,https://arxiv.org/abs/2309.17042,https://arxiv.org/pdf/2309.17042,pdf/enumeration_strozecki.pdf,notes/enumeration_strozecki.md,9a902df6ff9c024cc38492b886d5a4cc8e390394778435452e8ac4b9be6642ca,all_explicit_unresolved_statements_in_downloaded_work
infinite_csp,Constraint Satisfaction Problems with Infinite Templates,Manuel Bodirsky,2008,,Author-hosted survey chapter.,survey,Constraint satisfaction,S17,11,29,https://www.lix.polytechnique.fr/~bodirsky/publications/csp-survey.pdf,https://www.lix.polytechnique.fr/~bodirsky/publications/csp-survey.pdf,pdf/infinite_csp.pdf,notes/infinite_csp.md,c29f7f5d4f025f4bdd15095e87243ab13b81cb9e52c434a37040537bad3f0464,all_explicit_unresolved_statements_in_downloaded_work
unification,Unification Theory,Franz Baader; Wayne Snyder,2001,,Author-hosted Handbook of Automated Reasoning chapter; draft pagination.,survey,Automated reasoning and unification,S19,3,88,https://www.cs.bu.edu/fac/snyder/pubs.html,https://www.cs.bu.edu/fac/snyder/publications/UnifChapter.pdf,pdf/unification.pdf,notes/unification.md,8faac8ec12a5841ccb08c125773e38c0a1b2eb9ced305d35a8a0fecb42bf219e,all_explicit_unresolved_statements_in_downloaded_work
query_enumeration,Constant Delay Enumeration for Conjunctive Queries,Luc Segoufin,2015,,"SIGMOD Record 44(1), survey.",survey,Database theory,S20,2,8,https://databasetheory.org/sites/default/files/2016-06/segoufin.pdf,https://databasetheory.org/sites/default/files/2016-06/segoufin.pdf,pdf/query_enumeration.pdf,notes/query_enumeration.md,a6eb1be9a0fa831c0a226e289d85deb889f0ef8d28c75533a4994ddde6c3a935,all_explicit_unresolved_statements_in_downloaded_work
algorithmic_randomness,Key Developments in Algorithmic Randomness,Johanna N. Y. Franklin; Christopher P. Porter,2020,,Introductory historical survey; arXiv version.,survey,Computability and algorithmic information,S21,1,43,https://arxiv.org/abs/2004.02851,https://arxiv.org/pdf/2004.02851,pdf/algorithmic_randomness.pdf,notes/algorithmic_randomness.md,bd0c347145df826217c987442e9964197fb88ff53b89e1dfc3ba3850269d6a51,all_explicit_unresolved_statements_in_downloaded_work
knowledge_compilation,A Knowledge Compilation Map,Adnan Darwiche; Pierre Marquis,2002,,JAIR 17 (2002); deposited on arXiv in 2011. Comparative map and foundational survey with original results.,survey,Knowledge representation and reasoning,S22,7,36,https://arxiv.org/abs/1106.1819,https://arxiv.org/pdf/1106.1819,pdf/knowledge_compilation.pdf,notes/knowledge_compilation.md,e521e1d0bd3e670b5b31cac5caa8111d9b154c88809f57c5af2a9a5c8b095a12,all_explicit_unresolved_statements_in_downloaded_work
rank_width,Rank-width: Algorithmic and Structural Results,Sang-il Oum,2016,,"ArXiv v2, 27 July 2016.",survey,Structural graph theory,S23,11,14,https://arxiv.org/abs/1601.03800,https://arxiv.org/pdf/1601.03800,pdf/rank_width.pdf,notes/rank_width.md,c08d60a472e92f133f247342cc93dff29615689099056613f009771b2afb8a72,all_explicit_unresolved_statements_in_downloaded_work
beyond_worst_case,Beyond Worst-Case Analysis,Tim Roughgarden,2018,,Author arXiv survey; CACM publication 2019.,survey,Beyond worst-case and average-case analysis,S24,6,14,https://arxiv.org/abs/1806.09817,https://arxiv.org/pdf/1806.09817,pdf/beyond_worst_case.pdf,notes/beyond_worst_case.md,a812c8e8af38b47ecca95428c46d3d5735598268b2eb8c8a838b07b2ca019592,all_explicit_unresolved_statements_in_downloaded_work
loop_termination,On Linear Recurrence Sequences and Loop Termination,Joël Ouaknine; James Worrell,2015,,"Author-hosted survey, 2015.",survey,Logic and verification,L09,7,9,https://people.mpi-sws.org/~joel/publications/lrs-survey15abs.html,https://people.mpi-sws.org/~joel/publications/lrs-survey15.pdf,pdf/loop_termination.pdf,notes/loop_termination.md,3bcab0cdf58db4aba7a5a7bfe56594edff2996d03ded4e03914656dd7bb635d9,all_explicit_unresolved_statements_in_downloaded_work
