TCS-6448	Does a quantum witness have more power than a classical witness?	Is $\mathrm{QMA}=\mathrm{QCMA}$? Both classes have a polynomial-time quantum verifier and bounded error. QMA permits a polynomial-size quantum witness; QCMA permits only a polynomial-length classical string. The question concerns the standard classes without an oracle.
TCS-3102	In fact, if minimizing distance is not a concern, we conjecture that no reversals are necessary.	In fact, if minimizing distance is not a concern, we conjecture that no reversals are necessary.
TCS-4210	A final open question concerns routing schemes in general: what is the time needed by a data packet to travel through the graph?	A final open question concerns routing schemes in general: what is the time needed by a data packet to travel through the graph?
TCS-5650	Computational Complexity of Swish Is Solved — Explicit open question on PDF page 2	The second concern is the role of geometric transformations: how does the complexity change when flip and rotation are selectively allowed or forbidden?
TCS-5314	An Improved Version of Hmelevskii’s Theorem on Three-Variable Word Equations — Explicit open question on PDF page 1	It is also known to be NP-hard, but it is an open question whether it is in NP.
TCS-0475	Does ordinary median-of-medians selection with groups of three run in linear time?	Is there an absolute constant C such that the fixed deterministic comparison algorithm Select3 below uses at most Cn key comparisons on every sequence A of n distinct ordered keys and every requested rank $1\le k\le n$? Its output must be the k-th smallest key. The question concerns the one-grouping
TCS-1184	A natural question that remains open is the cut-off: if there is a number n such that we cannot synchronize almost surely n tokens, how […]	A natural question that remains open is the cut-off: if there is a number n such that we cannot synchronize almost surely n tokens, how […]
TCS-2300	Concerning the problems studied in this paper, we leave two main open questions:	Concerning the problems studied in this paper, we leave two main open questions:
TCS-2316	Finally, we end this paper by leaving the biggest open problem concerning mim-width: Given a graph G, is there a polynomial-time algorithm that computes a […]	Finally, we end this paper by leaving the biggest open problem concerning mim-width: Given a graph G, is there a polynomial-time algorithm that computes a […]
TCS-5775	How to Meet at a Node of Any Connected Graph — Unresolved-question passage on page 14	For approach, three problems remain open: the first concerns the scope, the second concerns information available to the agents, and the third concerns complexity.
TCS-5906	Random Subgroups of Rationals — Explicit open question on PDF page 2	Concerning question (C), it is still unknown whether the first order theory of algorithmically random graphs (or trees) is decidable.
TCS-1284	As an orthogonal concern, it remains open whether more sophisticated classifiers (e. g. graph neural networks) with less interpretable features may boost Claim sensitivity.	As an orthogonal concern, it remains open whether more sophisticated classifiers (e. g. graph neural networks) with less interpretable features may boost Claim sensitivity.
TCS-1575	Finding efficient ways to explore multiple discrepancy choices for globally optimal distributions remains an open challenge for future work.	Finding efficient ways to explore multiple discrepancy choices for globally optimal distributions remains an open challenge for future work.
TCS-3114	Thus, the case that remains open concerns uncountable X and general (random) sequences X.	Thus, the case that remains open concerns uncountable X and general (random) sequences X.
TCS-3427	Although they concern causal learning problems that involve only categorical variables, we conjecture that they can be generalized to cover some other causal learning problems, […]	Although they concern causal learning problems that involve only categorical variables, we conjecture that they can be generalized to cover some other causal learning problems, […]
TCS-4988	An Oracle with no UP-Complete Sets, but NP = PSPACE — Explicit open question on PDF page 3	The search for a complete problem in TFNP is of primary concern to certain fields such as cryptography, but it remains open whether such a […]
TCS-1591	First, extending auditability to a broader range of shared objects beyond registers and LL/SC remains an open challenge.	First, extending auditability to a broader range of shared objects beyond registers and LL/SC remains an open challenge.
TCS-1835	It is intriguing to explore the issue of “optimality” further, e.g., can one argue that no algorithm can use less strong synchronization?	It is intriguing to explore the issue of “optimality” further, e.g., can one argue that no algorithm can use less strong synchronization?
TCS-2442	We conjecture that there are reductions between DenyList and and registers with atomic audit.	We conjecture that there are reductions between DenyList and and registers with atomic audit.
TCS-4059	Another open question concerns the role of leaders in a dynamic network: does the existence of a leader could be useful for achieving or improving […]	Another open question concerns the role of leaders in a dynamic network: does the existence of a leader could be useful for achieving or improving […]
TCS-4271	Do these complexities capture all possibilities, when natural global graph problems are concerned?	Do these complexities capture all possibilities, when natural global graph problems are concerned?
TCS-5393	Parallel Algorithms for Group Isomorphism via Code Equivalence — Explicit open question on PDF page 7	It is known that AC0 ⊊ FOLLO(1) ⊊ AC1 , the former by a simple diagonalization argument on top of Sipser’s result [50], and the […]
TCS-0163	Complexity of satisfiable word equations	Complexity of satisfiable word equations
TCS-0146	Complexity of universality for unambiguous context-free grammars	Complexity of universality for unambiguous context-free grammars
TCS-0161	Word Equations with Loops	Word Equations with Loops
TCS-0093	Complexity of deciding conjugacy of rational relations	Complexity of deciding conjugacy of rational relations
TCS-0119	Completing Partial DFAs to Synchronizing DFAs	Completing Partial DFAs to Synchronizing DFAs
TCS-1559	Given (α, ℓα ), (β, ℓβ ) ∈ PatΣ,CLen , is it generally decidable to answer whether LN E (α, ℓα ) = LN E […]	Given (α, ℓα ), (β, ℓβ ) ∈ PatΣ,CLen , is it generally decidable to answer whether LN E (α, ℓα ) = LN E […]
TCS-2887	Notice that the corresponding basic decision problem (given a DFA A and an integer k, is there a synchronizing word of length at most k?	Notice that the corresponding basic decision problem (given a DFA A and an integer k, is there a synchronizing word of length at most k?
TCS-3371	However, we leave it as an open question if the synchronization complexity of DPBCAs is non-elementary.	However, we leave it as an open question if the synchronization complexity of DPBCAs is non-elementary.
TCS-3402	Further, it remains open whether for the other orders a drop in the complexity can be observed, when R is strict and total, as it […]	Further, it remains open whether for the other orders a drop in the complexity can be observed, when R is strict and total, as it […]
TCS-3570	We conjecture that a PSPACE-membership proof similar to the one for the short synchronizing word problem presented in [14] can be obtained if exponential upper […]	We conjecture that a PSPACE-membership proof similar to the one for the short synchronizing word problem presented in [14] can be obtained if exponential upper […]
TCS-3642	We also leave open the characterization for closure under complement and intersection for k-ary relations.	We also leave open the characterization for closure under complement and intersection for k-ary relations.
TCS-3856	We conjecture that the bounded MSO resynchronizers defined here strictly capture the rational resynchronizers introduced in [15].	We conjecture that the bounded MSO resynchronizers defined here strictly capture the rational resynchronizers introduced in [15].
TCS-4250	We conjecture that our approach can also be extended to the two-way case and that deterministic two-way transducers can be made reversible using only a […]	We conjecture that our approach can also be extended to the two-way case and that deterministic two-way transducers can be made reversible using only a […]
TCS-5818	Lower Bounds on Avoiding Thresholds — Conjecture 15	For an n-state synchronizing automaton, the k-avoiding threshold is at most O(kn) (when k is a variable).
TCS-6177	The Equivalence Problem of E-Pattern Languages with Length Constraints Is Undecidable — Unresolved-question passage on page 15	As mentioned at the end of Section 3, similar to [26], the decidability of the equivalence problem for non-erasing pattern languages with length constraints remains […]
TCS-6268	A Unifying Framework for Deciding Synchronizability — Explicit open question on PDF page 2	The decidability results for k-synchronizability have been extended to p2p communications [14], but it is unknown whether the decidability results for existentially bounded systems extend […]
TCS-6345	Synchronizability of Communicating Finite State Machines is not Decidable — Explicit open question on PDF page 2	Existentially-bounded systems are systems of communicating finite state machines that were studied in a languagetheoretic perspective: in [12], in particular, correspondences have been established among […]
TCS-6437	The Synchronization Game on Subclasses of Automata — Unresolved-question passage on page 10	For general commutative input automata, we do not know if this problem is also in NP. QP The best we can show here is that […]
TCS-2854	The last problem that we deliberately leave open concerns the notion of generalized circuits used in this paper.	The last problem that we deliberately leave open concerns the notion of generalized circuits used in this paper.
TCS-3636	The decidability status, however, remains open in the functional two-way case, as well as in the unrestricted (non-functional) two-way case.	The decidability status, however, remains open in the functional two-way case, as well as in the unrestricted (non-functional) two-way case.
TCS-5920	On Synthesis of Resynchronizers for Transducers — Unresolved-question passage on page 14	In the two-way setting, the decidability status remains open already when the transducers are not unambiguous (be them functional or not).
TCS-6250	On the Encodability of Reversible Process Calculi — Unresolved-question passage on page 17	Concerning behavioural equivalence, we conjecture that our last result can be made stronger by using instead of weak mutual simulation a relation inspired by correspondence […]
TCS-4566	Another interesting question concerns the decision problems left open in Section 6: can one decide if Player I has an omnipotent o.t. (l.c., i.o.t.) strategy […]	Another interesting question concerns the decision problems left open in Section 6: can one decide if Player I has an omnipotent o.t. (l.c., i.o.t.) strategy […]
TCS-1464	What is the complexity of finding a parametric solution for a given constant-free equation on three variables?	What is the complexity of finding a parametric solution for a given constant-free equation on three variables?
TCS-3942	If it has also the empty solution, then we are done, but we do not know yet whether this is the case.	If it has also the empty solution, then we are done, but we do not know yet whether this is the case.
TCS-5163	Hardness Results for Constant-Free Pattern Languages and Word Equations — Explicit open question on PDF page 1	In the erasing case, however, the decidability of the equivalence problem is an open question.
TCS-5697	Solving Word Equations (And Other Unification Problems) by Recompression (Invited Talk) — Explicit open question on PDF page 4	It is easy to show that solving equations in free groups reduces to the above-mentioned problem of word equations with regular constraints and inversion [8] […]
TCS-3484	Is the satisfiability problem of word equations in NP?	Is the satisfiability problem of word equations in NP?
TCS-6142	Randomness Versus Superspeedability — Explicit open question on PDF page 13	The first two open questions concern the positions marked 1 and 2 in Figure 1; in both cases it is unknown whether any such numbers […]
TCS-2401	We leave as an open question whether a similar characterization of monadically NIP classes exists.	We leave as an open question whether a similar characterization of monadically NIP classes exists.