TCS-0001	Does P equal NP?	The P versus NP Problem
TCS-0021	Polynomial-size circuits for NP	Mathematics and Computation (2018 draft)
TCS-0002	NP versus coNP	Mathematics and Computation (2018 draft)
TCS-0015	Explicit superlinear Boolean circuit lower bounds	Mathematics and Computation (2018 draft)
TCS-0016	Exponential circuit lower bounds for SAT	Mathematics and Computation (2018 draft)
TCS-0004	L versus NL	Mathematics and Computation (2018 draft)
TCS-0020	Polynomial-size circuits for EXP	Mathematics and Computation (2018 draft)
TCS-0018	P versus NP intersect coNP	Mathematics and Computation (2018 draft)
TCS-0481	Do single-pair shortest paths require cubic-size min-plus circuits?	Lower Bounds for Tropical Circuits and Dynamic Programs
TCS-0017	Karchmer–Raz–Wigderson formula composition conjecture	Mathematics and Computation (2018 draft)
TCS-0019	Polynomial formulas versus linear circuits	Mathematics and Computation (2018 draft)
TCS-0305	Supercubic uniform formula lower bounds for SAT	SIGACT Open Problems Column
TCS-1039	Explicit superlinear in-place XOR lower bounds	Complexity of Linear Boolean Operators
TCS-0293	Improving SPACE versus NSPACE via Tree Evaluation	Computational Complexity of Discrete Problems
TCS-0301	Excluding one-sided randomized quasilinear-time log-space SAT	SIGACT Open Problems Column
TCS-0302	Excluding quasilinear-time log-space Max Clique	SIGACT Open Problems Column
TCS-0303	Stronger log-space time lower bounds for SAT	SIGACT Open Problems Column
TCS-0304	Stronger uniform depth-three majority lower bounds for SAT	SIGACT Open Problems Column
TCS-1021	Promise-BPP derandomization implying EXP circuit hardness	Pseudorandomness
TCS-1022	Derandomization implying exponential nondeterministic circuit hardness	Pseudorandomness
TCS-0308	Formula versus circuit succinctness	Antoine Amarilli: research questions
TCS-0310	Is weighted falsifiability of unambiguous DNFs in polynomial time?	Is this problem on unambiguous DNFs hard?
TCS-1035	Cost of restricting linear circuits to depth two	Complexity of Linear Boolean Operators
TCS-1037	Asymmetry of XOR complexity under matrix inversion	Complexity of Linear Boolean Operators
TCS-1040	Nonlinear-gate advantages for binary linear operators	Complexity of Linear Boolean Operators
TCS-1034	Largest separation between SUM and OR circuits	Complexity of Linear Boolean Operators
TCS-1036	Unbounded XOR-over-OR complexity separations	Complexity of Linear Boolean Operators
TCS-0306	Efficient negation of d-DNNFs	Antoine Amarilli: research questions
TCS-0307	Efficient smoothing of structured circuits	Antoine Amarilli: research questions
TCS-0014	Cubic monotone formulas for majority	Mathematics and Computation (2018 draft)
TCS-1023	Natural complete problems for randomized classes	Pseudorandomness
TCS-0068	AC0 on trees	Circuits, Logic and Games
TCS-0069	Perfect matchings for grid graphs and AC0	Circuits, Logic and Games
TCS-0070	Prefix diversity bounds for Boolean languages	Circuits, Logic and Games
TCS-0292	Can Sherali–Adams prove the totality of rwPHP(PLS) in low degree?	Computational Complexity of Discrete Problems
TCS-0294	Expected circuit complexity of detecting half the cliques	SIGACT Open Problems Column
TCS-0295	Sampling modular distributions locally	Computational Complexity of Discrete Problems
TCS-0296	Explicit ternary functions resisting ten binary gates	Algorithmic Aspects of Information Theory
TCS-0297	A counting function capturing exactly P with NP access	SIGACT Open Problems Column
TCS-0298	SAT multi-prover proofs using efficient SAT-oracle provers	SIGACT Open Problems Column
TCS-0299	The direct sum of the fork relation	Computational Complexity of Discrete Problems
TCS-0300	The randomized complexity of online labeling	Computational Complexity of Discrete Problems
TCS-1038	Sharp complexity constant for bounded-fanout XOR circuits	Complexity of Linear Boolean Operators
TCS-1144	Is it true that spr(IPn ) = ω(n) or spr(Disjn ) = ω(n)?	Spiky Rank and Its Applications to Rigidity and Circuits
TCS-1150	For example, can one find feasible solutions to prove that any Z with {−1, 0, 1} as its range is good?	Lower Bounds and Separations for Torus Polynomials
TCS-1164	Is Flat Cover(P, ∼E , Q) NP-complete?	Covering a Polyomino-Shaped Stain with Non-Overlapping Identical Stickers
TCS-1172	Describe subgroups Γ ≤ Sn such that under the following restrictions: setting variables equal to each other, setting variables as 1, the group collapses to […]	On CC⁰ Lower Bounds for AND via Torus Polynomials
TCS-1215	For some constant c ≥ 1, there exists an online coloring algorithm that achieves O(nc/g ) colors for graphs with constant odd girth g.	Online Coloring for Graphs of Large Odd Girth
TCS-1216	We do not know if the separation problem is polynomial-time solvable or NP-hard.	Strong ILP Formulations for the p-Regions Problem
TCS-1231	What can be said about other similar types of quantifiers?	A Bookworm Climbs up the Polynomial Hierarchy: Meta-Restoration Complexity in Arithmetic Puzzles
TCS-1233	Some of the open problems in [7] and [14] still remain open.	Tetris Is Hard with Just One Piece Type
TCS-1235	It remains open whether the [ inclusion LDLk ⊊ LDLk is still proper if the depth restriction is removed.	Alternation Depth of Threshold Decision Lists
TCS-1286	We do not know whether St≥3 0 term still belongs to uAC .	On the Complexity of Computing Strahler Numbers
TCS-1332	Since the rules do not contain an analogue of the 50-move rule in chess to limit potential game length, we conjecture that Hive is in […]	Hive Is PSPACE-Hard
TCS-1369	However, it remains open whether there exist functions that exhibit even stronger condensation barriers than what is established in this work (see Table 1).	Bounds for Hardness Condensation in the Query Model
TCS-1556	If π is a pspace-random permutation and T (n) = o(2n/3 ), is NLINπ ∩coNLINπ not contained in BQTIMEπ (T (n))?	Random Permutations in Computational Complexity
TCS-1571	We leave open the intriguing possibility that the information complexity approach can be adapted to parity decision trees.	Direct Sums for Parity Decision Trees
TCS-1602	The most interesting question that remains open is to determine the deterministic query complexity of finding a king in an n-vertex tournament.	Hardness of Finding Kings and Strong Kings
TCS-1603	It remains an open question how the computational complexity would change under more realistic physical constraints, including damping, friction, finite ball diameters and random disturbances.	How Pinball Wizards Simulate a Turing Machine
TCS-1644	Can ideas about nearest neighbor complexity such as connections to mpPTFs be used to obtain new algorithms for nearest neighbor classification and search?	Nearest Neighbor Complexity and Boolean Circuits
TCS-1648	Proving/disproving the conjecture for general circuits is an amazing problem that we leave open.	Polynomial Size, Short-Circuit Resilient Circuits for NC
TCS-1652	Both problems are NP-hard, but we do not know if they are ΣP2 -complete.	A Note on the Complexity of Defensive Domination
TCS-1680	Is One-Sided k-Planarity NP-hard?	Recognizing 2-Layer and Outer k-Planar Graphs
TCS-1754	If ∆ ≥ 3 and T ↑d is constructed as above, then the T ↑d -Cover problem is NP-complete even for simple input graphs.	Computational Complexity of Covering Regular Trees
TCS-1807	Do finite-domain RCSPs (with possibly infinite restriction) exhibit a P vs. NP-hard dichotomy?	Restricted CSPs and F-Free Digraph Algorithmics
TCS-1814	Problem 1: Given k, what is the value of os(k) ?	On the Complexity of Client-Waiter and Waiter-Client Games
TCS-1830	That is, is there a single proof for the sensitivity theorem that works for all k?	Sensitivity and Query Complexity Under Uncertainty
TCS-1857	Is the strict variant of the (s,z,ℓ)-Temporal Cut NP-hard?	Novel Complexity Results for Temporal Separators with Deadlines
TCS-1918	Is it possible to translate our results to these more general cases?	The Complexity of Computing Second Solutions
TCS-1936	Does n2 -Ramsey belong to TFAP?	Total NP Search Problems with Abundant Solutions
TCS-1952	Is it NP-hard to decide whether a simple drawing of an arbitrary graph is pseudospherical?	Separable Drawings: Extendability and Crossing-Free Hamiltonian Cycles
TCS-1953	Is QCSP(B) in NP whenever B is a temporal structure contained in the ππ fragment?	Identifying Tractable Quantified Temporal Constraints Within Ord-Horn
TCS-1998	Whereas the sum of superstars has been shown to be NP-hard to solve, its precise complexity remains open.	A Tractability Gap Beyond Nim-Sums: It’s Hard to Tell Whether a Bunch of Superstars Are Losers
TCS-2123	The situation is already much more complicated with two winning sets of size 1 – we leave this as an open problem.	Poset Positional Games
TCS-2124	This does not rule out all other possible reductions, but at the moment we do not know how they would look.	Arimaa Is PSPACE-Hard
TCS-2145	It has been proven that many of these models are NP-hard, although the difficulty of the gene network problem itself is an open question.	An Efficient Algorithm for the Reconciliation of a Gene Network and Species Tree
TCS-2156	Over C, does there exist a t-parity representation of dimension 2(0.5+o(1))t ?	A Subquadratic Upper Bound on Sum-Of-Squares Composition Formulas
TCS-2176	Can we prove Theorem 1.14 without relying on Conjecture 3.3?	PosSLP and Sum of Squares
TCS-2178	Can we show that every sparse S2 P language is also in O2 P?	Oblivious Complexity Classes Revisited: Lower Bounds and Hierarchies
TCS-2184	For example, can we establish results for 2-piece subsets, similar to those in Section 4, for Tetris survival?	Tetris with Few Piece Types
TCS-2213	How tight is transversal hardness linked to the NP-hardness of a related extension problem?	Roman Hitting Functions
TCS-2234	Is the Hom(H) problem NP-hard?	C_{2k+1}-Coloring of Bounded-Diameter Graphs
TCS-2243	Is there is a TC0 /NC1 complexity dichotomy?	The AC⁰-Complexity of Visibly Pushdown Languages
TCS-2244	Does Constant Degree Hypothesis hold?	Circuit Equivalence in 2-Nilpotent Algebras
TCS-2291	Regarding Pudlák’s research program, all implications that are not presented in Figure 1 fail relative to some oracle, except for one single implication, which we […]	An Oracle with no UP-Complete Sets, but NP = PSPACE
TCS-2292	Also, we may ask the following: are there properties Π such that Π-NWS is NP-hard but can be solved in 2O(n) · poly(n + c) […]	On the Complexity of Community-Aware Network Sparsification
TCS-2319	Can we reduce explicit construction problems to solving NC03 -Avoid?	Range Avoidance for Constant Depth Circuits: Hardness and Algorithms
TCS-2329	Is it NP-hard to test whether a given graph has a 1-planar drawing without ×-crossing?	On Computing the Vertex Connectivity of 1-Plane Graphs
TCS-2331	Is there a BPPNP certification algorithm that returns certificates of length O(Cert(f ))?	Certification with an NP Oracle
TCS-2333	Is every PLS-complete problem downward self-reducible?	Downward Self-Reducibility in TFNP
TCS-2373	First, we leave several open problems; e.g., for MVPP k-grabbing pawn games, we only show NP-hardness and membership in PSPACE.	A Game of Pawns
TCS-2399	Is it because such parametrization does not exist or because we could not find it ?	Revisiting Mulmuley: Simple Proof That Maxflow Is Not in the Algebraic Version of NC
TCS-2418	An easier open problem might be the complexity of Branchwidth for graphs of bounded degree, and we conjecture that Branchwidth is NP-complete on cubic graphs.	Treewidth Is NP-Complete on Cubic Graphs
TCS-2434	Establishing a super-polynomial separation between randomness and pseudo-determinism remains open for Parity decision trees.	Query Complexity of Search Problems
TCS-2464	For every d ∈ N, ε ∈ (0, 1) for all large enough n, if X is samplable by a d-local function and is ε-close […]	Sampling and Certifying Symmetric Functions
TCS-2517	It remains open if we can compute the convex rank exactly in polynomial time or if this problem is NP-hard.	Fast Convolutions for Near-Convex Sequences
TCS-2533	But it is unknown whether, even with the stronger class of alternating algorithms, if	Efficient Interactive Proofs for Non-Deterministic Bounded Space
TCS-2538	For example, are there natural sampling tasks or similar tasks such that efficient solutions imply NP ̸⊆ BPP?	An Algorithmic Approach to Uniform Lower Bounds
TCS-2539	For example, can we show that EXPH-relativizing techniques cannot prove MA ̸⊆ SIZE[nk ]?	Bounded Relativization
TCS-2550	Can the termination of earlier encodings of the battle be established with manysorted semantic labeling followed by some standard simplification order?	Hydra Battles and AC Termination
TCS-2584	Could we possibly use the P/poly log space analogue L/poly?	Covert Computation in the Abstract Tile-Assembly Model
TCS-2598	While our argument only requires that there exists a constant c′ such that AMTIME[nc ] ⊆ NTIME[nc ], we use the assumption prAM ⊆ NP […]	Instance-Wise Hardness Versus Randomness Tradeoffs for Arthur-Merlin Protocols
TCS-2613	Although our results establish that computing mh(G) is NP-hard, the computational complexity of computing/deciding h(G) remains open, even if G is restricted to be a […]	Recontamination Helps a Lot to Hunt a Rabbit
TCS-2625	For all ε, η > 0, given an undirected graph G = (V, E), it is NP-hard to distinguish between: Yes case: iCol3 (G) ⩾ […]	NP-Hardness of Almost Coloring Almost 3-Colorable Graphs
TCS-2645	Is it NP-complete to decide whether a given unlabeled sparse configuration can be pushed into a given compact configuration?	Pushing Blocks by Sweeping Lines
TCS-2652	Is there a relativized world where GapMINKT ̸∈ coNP/poly , and GapMINKT is not NP-complete under robust coNP/poly -Turing reductions?	A Relativization Perspective on Meta-Complexity
TCS-2657	– any proof that depth-3 circuits for Majn require size 2 must prove Theorem 2 as well.	The Composition Complexity of Majority
TCS-2668	Can the construction from the first speed-up theorem (Theorem 12) be carried out for a non-constant number k of iterations?	Superlinear Lower Bounds Based on ETH
TCS-2681	As mentioned in the introduction, it remains open whether UEOPL = EOPL.	Further Collapses in TFNP
TCS-2695	What about a star with two subdivided edges?	Hardness of Token Swapping on Trees
TCS-2702	Can we prove a complexity lower bound on the problem for large E?	Complexity of Fault Tolerant Query Complexity
TCS-2712	Already for k = 1, we do not know, whether the problem is in P or is NP-hard.	(Re)packing Equal Disks into Rectangle
TCS-2762	It remains open whether DS or IS can be solved in polynomial time when restricted to RCGs, RNGs, or GGs with maximum degree 3.	Most Classic Problems Remain NP-Hard on Relative Neighborhood Graphs and Their Relatives
TCS-2797	We leave as an open question whether the ETH lower bound of computing twin-width can be brought from 2Ω(n/ log n) to 2Ω(n) , or […]	Deciding Twin-Width at Most 4 Is NP-Complete
TCS-2804	No XNLP-hard problem has an algorithm that runs in nf (k) time and f (k)nc space, with f a computable function, k the parameter, n […]	On the Complexity of Problems on Tree-Structured Graphs
TCS-2818	It also shows that synthetic instances slightly tend to have more white cells, fewer black cells, and smaller solutions than handcrafted instances; however, it is […]	Solving and Generating Nagareru Puzzles
TCS-2822	Even the complexity (P versus NP) of deciding whether a directed graph contains an (s, t)-path longer than distG (s, t) (the case of k […]	Detours in Directed Graphs
TCS-2835	We leave an open problem of improving our lower bound to i.o.pr-BPTIME(2ϵn ).	Symmetry of Information from Meta-Complexity
TCS-2880	It poses a question: does lifting any restriction permit an efficient algorithm?	Complexity of Spatial Games
TCS-2906	In particular, does there exist a constant r such that Perfect Matching Cut is NP-complete for Pr -free graphs?	Finding Matching Cuts in H-Free Graphs
TCS-2908	Are there interesting upper and lower bounds for generalized Karchmer–Wigderson outside of the scope of KRW conjecture?	Super-Cubic Lower Bound for Generalized Karchmer-Wigderson Games
TCS-2914	Namely, can one find a distribution that cannot be sampled in AC0 but can be sampled by ROBPs?	The Space Complexity of Sampling
TCS-2927	There is one obvious open question: can the complexity actually be reduced to ΣP2 or even to some smaller class?	The Isomorphism Problem for Plain Groups Is in Σ₃^{𝖯}
TCS-2959	Our NP-hardness proof can be adapted to show APX-hardness in the 3D sliding cube model and we conjecture that the problem is also APX-hard for […]	Compacting Squares: Input-Sensitive In-Place Reconfiguration of Sliding Squares
TCS-3007	Is it true that for infinitely many r there exists a matrix A ∈ Cr (Q, 2) with RQ (A, r) = r2 ?	Matrix Rigidity Depends on the Target Field
TCS-3026	We conjecture that the bound for both FIND1 and SC can be improved to Ω(n) for pseudodetermnistic query complexity.	On the Pseudo-Deterministic Query Complexity of NP Search Problems
TCS-3073	Finally, we leave as an open problem deriving such a natural statement regarding gap amplification for the ACAC problem.	Two Combinatorial MA-Complete Problems
TCS-3095	We conjecture that even G3 might be tractable, but again the only known general upper bound is PSPACE.	6-Uniform Maker-Breaker Game Is PSPACE-Complete
TCS-3105	However, the question of whether Max Cut is polynomial-time solvable or NP-hard on unit interval graphs still remains open.	Complexity of Maximum Cut on Interval Graphs
TCS-3107	We leave open the complexity of the FDSC problem (e.g. bring it in P, or classify it as NP-complete).	Flow Decomposition with Subpath Constraints
TCS-3125	The agent can traverse door 1 and leave via port O, but they can also open and then traverse door 3 and then do the […]	Walking Through Doors Is Hard, Even Without Staircases: Proving PSPACE-Hardness via Planar Assemblies of Door Gadgets
TCS-3129	The problems studied are efficiently solvable in the classes shown in white, while they are NP-hard and/or APX-hard in the classes shown in gray (∗ […]	On the Kernel and Related Problems in Interval Digraphs
TCS-3165	We conjecture that one can adapt the proof of Theorem 21 (ii) to show the NP-hardness of this problem.	Binary Matrix Completion Under Diameter Constraints
TCS-3166	It is easy to see that this problem is NP-hard (reduction from subset sum) and we conjecture that there exists an NP algorithm.	Subgroup Membership in GL(2,Z)
TCS-3181	More difficult question: can we prove a lower bound on random ∆-CNF formulas?	Branching Programs with Bounded Repetitions and Flow Formulas
TCS-3186	Is there a generic ways to convert lower bounds for classical communication into half-duplex and partially half-duplex?	Toward Better Depth Lower Bounds: The XOR-KRW Conjecture
TCS-3204	Finally, can one provide more evidence supporting the Weak Exponential Time Hypothesis for AC0d -MCSP?	Lifting for Constant-Depth Circuits and Applications to MCSP
TCS-3228	Does SAPEPP have natural complete problems?	Total Functions in the Polynomial Hierarchy
TCS-3235	What Other Lower Bounds Are Implied by Black-Box Hypotheses?	Black-Box Hypotheses and Lower Bounds
TCS-3288	Do there exist graphs H1 and H2 , both without semi-edges, such that H1 covers H2 , and such that the H1 -Cover is polynomial-time […]	Computational Complexity of Covering Multigraphs with Semi-Edges: Small Cases
TCS-3301	That is, what isomorphism problems stand as crucial bottlenecks to further improvements on GI, and what isomorphism problems should naturally draw our attention for further […]	On the Complexity of Isomorphism Problems for Tensors, Groups, and Polynomials I: Tensor Isomorphism-Completeness
TCS-3308	For example, here is an open question that we have not addressed: for (say) the game Hex, does there necessarily exist a polynomial-size circuit that […]	Strategy-Stealing Is Non-Constructive
TCS-3379	The complexity of k-LH on a 1D line remains open for local dimension 2 ≤ d ≤ 7.	Oracle Complexity Classes and Local Measurements on Physical Hamiltonians
TCS-3394	In the MCSP problem, the instance is a string x together with a parameter s, and the question is whether x is the truth table […]	Circuit Lower Bounds from NP-Hardness of MCSP Under Turing Reductions
TCS-3458	Can Qk -communication game for THRkn+1 n+1 be solved in O(log n) bits of communication for k ≥ 3?	Multiparty Karchmer - Wigderson Games and Threshold Circuits
TCS-3525	Can one decide in polynomial time whether S ⇒∗ T ?	The Tandem Duplication Distance Is NP-Hard
TCS-3568	Is there a total function g : {0, 1}m → {0, 1} such that BPP(Xor ◦ g n ) ≥ Ω(n log n · BPP(g)) […]	When Is Amplification Necessary for Composition in Randomized Query Complexity?
TCS-3581	Can one extend any of our results to these more general classes?	Lower Bounds for (Non-Monotone) Comparator Circuits
TCS-3644	The question of how (if at all) the orientation width of DeMorgan circuits is related to their negation width remains open.	Lower Bounds for DeMorgan Circuits of Bounded Negation Width
TCS-3681	Nevertheless, it remains open to show more efficient protocols for other functions, such as matrix exponentiation, and to allow sequences of operations to be easily […]	Efficient Interactive Proofs for Linear Algebra
TCS-3718	Formally, is NP 6⊂ SIZE[nk ] for all k equivalent to (NP ⊂ P/poly =⇒ PH ⊂ i.o.-NP/n )?	Relations and Equivalences Between Circuit Lower Bounds and Karp-Lipton Theorems
TCS-3732	Is Theorem 8 true with a better bound on ?	On the AC^0[oplus] Complexity of Andreev’s Problem
TCS-3743	Can we show that either NQP 6⊆ P/poly or MCSP 6∈ ACC0 ?	AC^0[p] Lower Bounds Against MCSP via the Coin Problem
TCS-3765	Does there exist an integer d such that Colouring is NP-complete for K1,3 -free graphs of diameter d?	Colouring H-Free Graphs of Bounded Diameter
TCS-3809	Does either Alice or Bob ever have a low-space winning strategy for any (a, b) game when a and b are both larger than 1 […]	The Space Complexity of Mirror Games
TCS-3837	Can one show that all such circuits are difficult to simulate classically (say exactly)?	Complexity Classification of Conjugated Clifford Circuits
TCS-3859	3 spinners are the only size of spinner for which motion planning remains open.	Computational Complexity of Motion Planning of a Robot through Simple Gadgets
TCS-3861	We leave open the problem of setting the computational complexity of the game when the instance has both a constant number of colors and columns.	On the Complexity of Two Dots for Narrow Boards and Few Colors
TCS-3889	Currently, we do not know whether such an expander can be built from known constructions of expanders in the usual sense.	Depth Two Majority Circuits for Majority and List Expanders
TCS-3890	We conjecture that computing backup path schemes with maximal resiliency is NP-hard on general graphs.	Local Fast Segment Rerouting on Hypercubes
TCS-3945	Does this exist a property Π that has an MAP with complexity O( n) but every AMP for Π must have complexity Ω(n)?	An Exponential Separation Between MA and AM Proofs of Proximity
TCS-3967	Can such restricted symmetries give rise to interesting logics in between FPR and P?	Symmetric Circuits for Rank Logic
TCS-3984	Can we show that coloring a 2-colorable 3-uniform hypergraph with ω(log log n) colors is NP-hard, or even quasi-NP-hard?	NP-Hardness of Coloring 2-Colorable Hypergraph with Poly-Logarithmically Many Colors
TCS-3985	For graph metrics, given two graphs G and H, is it NP-hard to decide if G has an H-obstacle representation?	Geodesic Obstacle Representation of Graphs
TCS-4013	Is it NP-hard to compute the maximum area anchored rectangle packing of a given set S ⊂ [0, 1]2 ?	Maximum Area Axis-Aligned Square Packings
TCS-4037	In fact, while we have made progress on many natural questions in this paper, a few remain open: As for caps, the gaps for the […]	SUPERSET: A (Super)Natural Variant of the Card Game SET
TCS-4075	Is it possible to prove (Ω( ), 0) close for Test 1 with t = 12 ?	Exponentially Small Soundness for the Direct Product Z-Test
TCS-4077	Can we prove P 6⊂ PNP -uniform SIZE(O(n))?	Easiness Amplification and Uniform Circuit Lower Bounds
TCS-4113	Note that we do not know whether there is an analog of the second type of output for binary inputs.	TC^0 Circuits for Algorithmic Problems in Nilpotent Groups
TCS-4123	In particular, we conjecture that the Token Swapping problem remains NP-complete even if the input graph is a tree.	Complexity of Token Swapping and its Variants
TCS-4160	Currently, we do not know how to construct MAJk ◦ MAJk circuits computing MAJn on all inputs even for k = n − 2 (though […]	Computing Majority by Constant Depth Majority Circuits with Low Fan-in Gates
TCS-4175	Our result can extend to other constant size characteristics but we do not know how to extend it to arbitrary fields.	A Hierarchy Theorem for Interactive Proofs of Proximity
TCS-4184	For example, does PM ⊆ PSPACEcc hold?	Query-to-Communication Lifting for P^NP
TCS-4185	Are there strings that do not possess simple optimal hypotheses?	Stochasticity in Algorithmic Statistics for Polynomial Time
TCS-4205	What is the maximum gap, if any, between U -invariant [depth d] formula size and non-invariant [depth d] formula size?	Subspace-Invariant AC^0 Formulas
TCS-4226	Is Stable(D∆−2 ) NP-complete for graphs of maximum degree ∆ + 1?	Recognizing Graphs Close to Bipartite Graphs
TCS-4258	If yes, then can we take α ≈ 2, or more precisely, is it true that ICν (IPn , ν, ) = (1 − 2 […]	Trading Information Complexity for Error
TCS-4260	Less ambitiously, if we believe but cannot prove that a doubly exponential number of copies is necessary, can we show that a construction with fewer […]	A Note on Amortized Branching Program Complexity
TCS-4268	Is there evidence that Gap MCSP has intermediate complexity when is a fixed constant, similar to the evidence that we present for the case when […]	New Insights on the (Non-)Hardness of Circuit Minimization and Related Problems
TCS-4273	Unfortunately, we do not know how to carry out step (c), because we currently lack a simulation lemma for BPP. (We believe that such a […]	Randomized Communication vs. Partition Number
TCS-4286	While we expect that the first problem can be solved efficiently, we conjecture that the second one is NP-Complete.	Factorizing a String into Squares in Linear Time
TCS-4331	One interesting consequence is that if MCSP itself is reducible to Gapk MCSP for all k ≥ 1 via a polynomial-time Turing reduction, then PMCSP […]	Limits of Minimum Circuit Size Problem as Oracle
TCS-4356	Improving the dependence on these parameters is an open problem which might require new ideas.	Lower Bounds for Constant Query Affine-Invariant LCCs and LTCs
TCS-4357	We do not know whether this √ dependence is necessary for p = 1/2.	Harmonicity and Invariance on Slices of the Boolean Cube
TCS-4361	Does this circuit hierarchy lead to a logical hierarchy within #Πsk 1 ?	Descriptive Complexity of #AC^0 Functions
TCS-4381	Can we improve the lower bound of Theorem 1.1 for small ε?	On the Sum-of-Squares Degree of Symmetric Quadratic Functions
TCS-4384	Is there an efficient separation oracle for (Dual)?	A Composition Theorem for Conical Juntas
TCS-4385	What can be done if Alice and Bob switch roles, and the shared randomness should be a function of Y ?	Tight Bounds for Communication-Assisted Agreement Distillation
TCS-4398	Is Super Mario Bros. PSPACE-complete also for levels of constant height that do not contain pipes?	Super Mario Bros. is Harder/Easier Than We Thought
TCS-4399	For example, is the game still NP-complete if we bound the number of colors instead of the hand-size?	Hanabi is NP-complete, Even for Cheaters who Look at Their Cards
TCS-4412	Can gate elimination prove non-linear bounds here?	On the Limits of Gate Elimination
TCS-4418	Are the 2-tt-complete sets for NP 2-tt-autoreducible?	Autoreducibility of NP-Complete Sets
TCS-4466	We leave open the question whether one can come up with an explicit and efficient transformation from any formula to a formula with few negations.	Negation-Limited Formulas
TCS-4468	The best separation between subcube partition complexity and query complexity remains open, even in the deterministic case.	Separating Decision Tree Complexity from Subcube Partition Complexity
TCS-4526	What about a property of removing advice of polynomial length?	Identifying an Honest EXP^NP Oracle Among Many
TCS-4527	Can the bound be improved to exp(n1−Ω(1/d) ) ?	Subexponential Size Hitting Sets for Bounded Depth Multilinear Formulas
TCS-4529	For instance, do the formulas become easier if we have n2 pigeons and n holes?	A Generalized Method for Proving Polynomial Calculus Degree Lower Bounds
TCS-4543	Does there exist an XP algorithm for b-Chromatic Number?	B-Chromatic Number: Beyond NP-Hardness
TCS-4551	Can we prove super-polynomial lower bounds for multi-k-ic formulas?	Multi-k-ic Depth Three Circuit Lower Bound
TCS-4576	It is an open question whether O(|S|2−ε 2o(d) ) time is possible for some fixed ε > 0.	The Polynomial Method in Circuit Complexity Applied to Algorithm Design (Invited Talk)
TCS-4608	Can we achieve the separation under the assumption that there n exists a language in NE that can not be solved in deterministic/probabilistic time O(2δ2 […]	Separating Cook Completeness from Karp-Levin Completeness Under a Worst-Case Hardness Hypothesis
TCS-4641	Can it be that k-LS-FI is solvable in time O(2o(k) nc ) for some small constant c?	Searching for better fill-in
TCS-4960	Theoretical Limitations of Multi-Layer Transformer — Open Question 2	Theoretical Limitations of Multi-Layer Transformer
TCS-4961	Range Avoidance and Remote Point: New Algorithms and Hardness — Open Problem 1	Range Avoidance and Remote Point: New Algorithms and Hardness
TCS-4987	On Pigeonhole Principles and Ramsey in TFNP — Explicit open question on PDF page 4	On Pigeonhole Principles and Ramsey in TFNP
TCS-5023	Range Avoidance for Constant Depth Circuits: Hardness and Algorithms — Open Problem 4	Range Avoidance for Constant Depth Circuits: Hardness and Algorithms
TCS-5050	Pushing Blocks by Sweeping Lines — Open Problem 2	Pushing Blocks by Sweeping Lines
TCS-5165	Covering a Polyomino-Shaped Stain with Non-Overlapping Identical Stickers — Question 3	Covering a Polyomino-Shaped Stain with Non-Overlapping Identical Stickers
TCS-5174	Matching Cuts in Graphs of High Girth and H-Free Graphs — Open Problem 1	Matching Cuts in Graphs of High Girth and H-Free Graphs
TCS-5175	Tournaments, Johnson Graphs and NC-Teaching — Open Problem 1	Tournaments, Johnson Graphs and NC-Teaching
TCS-5194	Random Permutations in Computational Complexity — Question 8.2	Random Permutations in Computational Complexity
TCS-5225	Identifying Tractable Quantified Temporal Constraints Within Ord-Horn — Question 1	Identifying Tractable Quantified Temporal Constraints Within Ord-Horn
TCS-5312	Simple Circuit Extensions for XOR in PTIME — Explicit open question on PDF page 2	Simple Circuit Extensions for XOR in PTIME
TCS-5313	Space Complexity of Reachability in Simple Path Graphs — Explicit open question on PDF page 2	Space Complexity of Reachability in Simple Path Graphs
TCS-5314	An Improved Version of Hmelevskii’s Theorem on Three-Variable Word Equations — Explicit open question on PDF page 1	An Improved Version of Hmelevskii’s Theorem on Three-Variable Word Equations
TCS-5315	Forrelation Is Extremally Hard — Conjecture 8	Forrelation Is Extremally Hard
TCS-5316	A Bounded Parallel Intersection Type System — Explicit open question on PDF page 2	A Bounded Parallel Intersection Type System
TCS-5317	Hardness of the Binary Covering Radius Problem in Large l_p Norms — Explicit open question on PDF page 7	Hardness of the Binary Covering Radius Problem in Large l_p Norms
TCS-5329	New Lower Bounds Against Homogeneous Non-Commutative Circuits — Open Problem 1	New Lower Bounds Against Homogeneous Non-Commutative Circuits
TCS-5342	Direct Sums for Parity Decision Trees — Explicit open question on PDF page 4	Direct Sums for Parity Decision Trees
TCS-5343	Planar Network Diversion — Explicit open question on PDF page 4	Planar Network Diversion
TCS-5344	Containment for Guarded Monotone Strict NP — Explicit open question on PDF page 7	Containment for Guarded Monotone Strict NP
TCS-5365	Computing Inductive Invariants of Regular Abstraction Frameworks — Explicit open question on PDF page 2	Computing Inductive Invariants of Regular Abstraction Frameworks
TCS-5366	Quantifiying the Robustness of Dynamical Systems. Relating Time and Space to Length and Precision — Explicit open question on PDF page 4	Quantifiying the Robustness of Dynamical Systems. Relating Time and Space to Length and Precision
TCS-5367	A Tractability Gap Beyond Nim-Sums: It’s Hard to Tell Whether a Bunch of Superstars Are Losers — Conjecture 13	A Tractability Gap Beyond Nim-Sums: It’s Hard to Tell Whether a Bunch of Superstars Are Losers
TCS-5368	The Bit Complexity of Dynamic Algebraic Formulas and Their Determinants — Explicit open question on PDF page 7	The Bit Complexity of Dynamic Algebraic Formulas and Their Determinants
TCS-5395	Downward Self-Reducibility in TFNP — Unresolved-question passage on page 15	Downward Self-Reducibility in TFNP
TCS-5396	Symmetric Formulas for Products of Permutations — Explicit open question on PDF page 4	Symmetric Formulas for Products of Permutations
TCS-5397	New Sampling Lower Bounds via the Separator — Explicit open question on PDF page 4	New Sampling Lower Bounds via the Separator
TCS-5398	Depth-Three Circuits for Inner Product and Majority Functions — Explicit open question on PDF page 6	Depth-Three Circuits for Inner Product and Majority Functions
TCS-5422	Superlinear Lower Bounds Based on ETH — Explicit open question on PDF page 3	Superlinear Lower Bounds Based on ETH
TCS-5454	A Majority Lemma for Randomised Query Complexity — Explicit open question on PDF page 4	A Majority Lemma for Randomised Query Complexity
TCS-5455	One-Tape Turing Machine and Branching Program Lower Bounds for MCSP — Explicit open question on PDF page 2	One-Tape Turing Machine and Branching Program Lower Bounds for MCSP
TCS-5456	On CC0 Lower Bounds for AND via Torus Polynomials — Explicit open question on PDF page 4	On CC0 Lower Bounds for AND via Torus Polynomials
TCS-5457	P-Time Algorithms for Typical #EO Problems — Explicit open question on PDF page 3	P-Time Algorithms for Typical #EO Problems
TCS-5485	Edge-Minimum Walk of Modular Length in Polynomial Time — Unresolved-question passage on page 20	Edge-Minimum Walk of Modular Length in Polynomial Time
TCS-5486	PSPACE-Hard 2D Super Mario Games: Thirteen Doors — Explicit open question on PDF page 3	PSPACE-Hard 2D Super Mario Games: Thirteen Doors
TCS-5487	Computing Oriented Spanners and Their Dilation — Unresolved-question passage on page 16	Computing Oriented Spanners and Their Dilation
TCS-5488	Recognizing Proper Tree-Graphs — Unresolved-question passage on page 14	Recognizing Proper Tree-Graphs
TCS-5489	U-Bubble Model for Mixed Unit Interval Graphs and Its Applications: The MaxCut Problem Revisited — Explicit open question on PDF page 3	U-Bubble Model for Mixed Unit Interval Graphs and Its Applications: The MaxCut Problem Revisited
TCS-5490	The Tandem Duplication Distance Is NP-Hard — Explicit open question on PDF page 4	The Tandem Duplication Distance Is NP-Hard
TCS-5520	PosSLP and Sum of Squares — Unresolved-question passage on page 14	PosSLP and Sum of Squares
TCS-5521	H-Clique-Width and a Hereditary Analogue of Product Structure — Unresolved-question passage on page 14	H-Clique-Width and a Hereditary Analogue of Product Structure
TCS-5522	Towards Stronger Depth Lower Bounds — Unresolved-question passage on page 20	Towards Stronger Depth Lower Bounds
TCS-5523	Circuit Equivalence in 2-Nilpotent Algebras — Unresolved-question passage on page 15	Circuit Equivalence in 2-Nilpotent Algebras
TCS-5558	Most Classic Problems Remain NP-Hard on Relative Neighborhood Graphs and Their Relatives — Unresolved-question passage on page 17	Most Classic Problems Remain NP-Hard on Relative Neighborhood Graphs and Their Relatives
TCS-5559	Computational Complexity of Motion Planning of a Robot through Simple Gadgets — Unresolved-question passage on page 19	Computational Complexity of Motion Planning of a Robot through Simple Gadgets
TCS-5560	Complexity of Fault Tolerant Query Complexity — Unresolved-question passage on page 7	Complexity of Fault Tolerant Query Complexity
TCS-5561	Bounded Relativization — Unresolved-question passage on page 41	Bounded Relativization
TCS-5592	On the Pseudo-Deterministic Query Complexity of NP Search Problems — Unresolved-question passage on page 12	On the Pseudo-Deterministic Query Complexity of NP Search Problems
TCS-5593	Does Looking Inside a Circuit Help? — Explicit open question on PDF page 4	Does Looking Inside a Circuit Help?
TCS-5594	Super-Cubic Lower Bound for Generalized Karchmer-Wigderson Games — Unresolved-question passage on page 12	Super-Cubic Lower Bound for Generalized Karchmer-Wigderson Games
TCS-5595	Further Collapses in TFNP — Unresolved-question passage on page 13	Further Collapses in TFNP
TCS-5617	On the Complexity of Modulo-q Arguments and the Chevalley - Warning Theorem — Explicit open question on PDF page 3	On the Complexity of Modulo-q Arguments and the Chevalley - Warning Theorem
TCS-5618	Hitting Sets for Orbits of Circuit Classes and Polynomial Families — Unresolved-question passage on page 16	Hitting Sets for Orbits of Circuit Classes and Polynomial Families
TCS-5619	Symmetric Computation (Invited Talk) — Unresolved-question passage on page 8	Symmetric Computation (Invited Talk)
TCS-5620	Size Bounds on Low Depth Circuits for Promise Majority — Explicit open question on PDF page 3	Size Bounds on Low Depth Circuits for Promise Majority
TCS-5662	Tetris with Few Piece Types — Unresolved-question passage on page 17	Tetris with Few Piece Types
TCS-5663	On the Complexity of Avoiding Heavy Elements — Explicit open question on PDF page 3	On the Complexity of Avoiding Heavy Elements
TCS-5714	The Isomorphism Problem for Finite Extensions of Free Groups Is In PSPACE — Unresolved-question passage on page 13	The Isomorphism Problem for Finite Extensions of Free Groups Is In PSPACE
TCS-5715	Stochasticity in Algorithmic Statistics for Polynomial Time — Explicit open question on PDF page 6	Stochasticity in Algorithmic Statistics for Polynomial Time
TCS-5716	Deterministic Regular Expressions with Back-References — Unresolved-question passage on page 12	Deterministic Regular Expressions with Back-References
TCS-5717	Query-to-Communication Lifting for P^NP — Explicit open question on PDF page 5	Query-to-Communication Lifting for P^NP
TCS-5718	Complexity Classification of Conjugated Clifford Circuits — Unresolved-question passage on page 21	Complexity Classification of Conjugated Clifford Circuits
TCS-5752	TC^0 Circuits for Algorithmic Problems in Nilpotent Groups — Unresolved-question passage on page 13	TC^0 Circuits for Algorithmic Problems in Nilpotent Groups
TCS-5753	Lower Bounds for Constant Query Affine-Invariant LCCs and LTCs — Unresolved-question passage on page 14	Lower Bounds for Constant Query Affine-Invariant LCCs and LTCs
TCS-5789	Autoreducibility of NP-Complete Sets — Unresolved-question passage on page 11	Autoreducibility of NP-Complete Sets
TCS-5790	Super Mario Bros. is Harder/Easier Than We Thought — Unresolved-question passage on page 14	Super Mario Bros. is Harder/Easier Than We Thought
TCS-5805	Tetris Is Hard with Just One Piece Type — Unresolved-question passage on page 21	Tetris Is Hard with Just One Piece Type
TCS-5843	Polynomial-Time Tractable Problems over the p-Adic Numbers — Explicit open question on PDF page 2	Polynomial-Time Tractable Problems over the p-Adic Numbers
TCS-5844	B-Chromatic Number: Beyond NP-Hardness — Unresolved-question passage on page 12	B-Chromatic Number: Beyond NP-Hardness
TCS-5845	A Polynomial Delay Algorithm Generating All Potential Maximal Cliques in Triconnected Planar Graphs — Explicit open question on PDF page 2	A Polynomial Delay Algorithm Generating All Potential Maximal Cliques in Triconnected Planar Graphs
TCS-5926	Treewidth Is NP-Complete on Cubic Graphs — Unresolved-question passage on page 12	Treewidth Is NP-Complete on Cubic Graphs
TCS-5927	Simultaneous Representation of Interval Graphs in the Sunflower Case — Unresolved-question passage on page 14	Simultaneous Representation of Interval Graphs in the Sunflower Case
TCS-5963	The Complexity of Homomorphism Reconstruction Revisited — Explicit open question on PDF page 11	The Complexity of Homomorphism Reconstruction Revisited
TCS-5964	Making Life More Confusing for Firefighters — Explicit open question on PDF page 7	Making Life More Confusing for Firefighters
TCS-5965	Rerouting shortest paths in planar graphs — Unresolved-question passage on page 11	Rerouting shortest paths in planar graphs
TCS-5966	On the Complexity of Computing Strahler Numbers — Unresolved-question passage on page 18	On the Complexity of Computing Strahler Numbers
TCS-5967	Colouring Probe H-Free Graphs — Explicit open question on PDF page 2	Colouring Probe H-Free Graphs
TCS-5968	Improved Low-Depth Set-Multilinear Circuit Lower Bounds — Explicit open question on PDF page 4	Improved Low-Depth Set-Multilinear Circuit Lower Bounds
TCS-5969	Efficient Recognition of Subgraphs of Planar Cubic Bridgeless Graphs — Unresolved-question passage on page 13	Efficient Recognition of Subgraphs of Planar Cubic Bridgeless Graphs
TCS-5996	Chess Is Hard Even for a Single Player — Unresolved-question passage on page 19	Chess Is Hard Even for a Single Player
TCS-6000	Complexity of Token Swapping and its Variants — Unresolved-question passage on page 12	Complexity of Token Swapping and its Variants
TCS-6005	6-Uniform Maker-Breaker Game Is PSPACE-Complete — Unresolved-question passage on page 13	6-Uniform Maker-Breaker Game Is PSPACE-Complete
TCS-6006	A Subexponential Algorithm for ARRIVAL — Explicit open question on PDF page 4	A Subexponential Algorithm for ARRIVAL
TCS-6007	Separating ABPs and Some Structured Formulas in the Non-Commutative Setting — Explicit open question on PDF page 2	Separating ABPs and Some Structured Formulas in the Non-Commutative Setting
TCS-6008	Classification of OBDD Size for Monotone 2-CNFs — Unresolved-question passage on page 14	Classification of OBDD Size for Monotone 2-CNFs
TCS-6034	Node-Connectivity Terminal Backup, Separately-Capacitated Multiflow, and Discrete Convexity — Explicit open question on PDF page 2	Node-Connectivity Terminal Backup, Separately-Capacitated Multiflow, and Discrete Convexity
TCS-6035	On the Complexity of Establishing Hereditary Graph Properties via Vertex Splitting — Explicit open question on PDF page 2	On the Complexity of Establishing Hereditary Graph Properties via Vertex Splitting
TCS-6036	Invariants for Continuous Linear Dynamical Systems — Explicit open question on PDF page 4	Invariants for Continuous Linear Dynamical Systems
TCS-6065	Strategy-Stealing Is Non-Constructive — Unresolved-question passage on page 9	Strategy-Stealing Is Non-Constructive
TCS-6069	Recontamination Helps a Lot to Hunt a Rabbit — Explicit open question on PDF page 1	Recontamination Helps a Lot to Hunt a Rabbit
TCS-6070	Lower Bounds for Choiceless Polynomial Time via Symmetric XOR-Circuits — Explicit open question on PDF page 4	Lower Bounds for Choiceless Polynomial Time via Symmetric XOR-Circuits
TCS-6071	Upward Pointset Embeddings of Planar st-Graphs — Unresolved-question passage on page 15	Upward Pointset Embeddings of Planar st-Graphs
TCS-6091	NP-hardness of Minimum Circuit Size Problem for OR-AND-MOD Circuits — Explicit open question on PDF page 3	NP-hardness of Minimum Circuit Size Problem for OR-AND-MOD Circuits
TCS-6092	Reconfiguration of Spanning Trees with Degree Constraint or Diameter Constraint — Unresolved-question passage on page 16	Reconfiguration of Spanning Trees with Degree Constraint or Diameter Constraint
TCS-6102	An Exponential Separation Between MA and AM Proofs of Proximity — Unresolved-question passage on page 12	An Exponential Separation Between MA and AM Proofs of Proximity
TCS-6115	Computing Majority by Constant Depth Majority Circuits with Low Fan-in Gates — Explicit open question on PDF page 7	Computing Majority by Constant Depth Majority Circuits with Low Fan-in Gates
TCS-6116	Decidable Logics with Associative Binary Modalities — Explicit open question on PDF page 6	Decidable Logics with Associative Binary Modalities
TCS-6117	Infinite-Duration Bidding Games — Explicit open question on PDF page 7	Infinite-Duration Bidding Games
TCS-6139	A Note on the Advice Complexity of Multipass Randomized Logspace — Explicit open question on PDF page 2	A Note on the Advice Complexity of Multipass Randomized Logspace
TCS-6140	Trainyard is NP-hard — Explicit open question on PDF page 5	Trainyard is NP-hard
TCS-6141	Degree and Sensitivity: Tails of Two Distributions — Explicit open question on PDF page 9	Degree and Sensitivity: Tails of Two Distributions
TCS-6166	Subexponential Size Hitting Sets for Bounded Depth Multilinear Formulas — Explicit open question on PDF page 4	Subexponential Size Hitting Sets for Bounded Depth Multilinear Formulas
TCS-6167	Elimination Distance to Bounded Degree on Planar Graphs — Unresolved-question passage on page 11	Elimination Distance to Bounded Degree on Planar Graphs
TCS-6168	On the (Non) NP-Hardness of Computing Circuit Complexity — Explicit open question on PDF page 4	On the (Non) NP-Hardness of Computing Circuit Complexity
TCS-6218	New Insights on the (Non-)Hardness of Circuit Minimization and Related Problems — Explicit open question on PDF page 4	New Insights on the (Non-)Hardness of Circuit Minimization and Related Problems
TCS-6219	Fractional Coverings, Greedy Coverings, and Rectifier Networks — Explicit open question on PDF page 4	Fractional Coverings, Greedy Coverings, and Rectifier Networks
TCS-6238	A Composition Theorem for Conical Juntas — Explicit open question on PDF page 7	A Composition Theorem for Conical Juntas
TCS-6382	Oblivious Complexity Classes Revisited: Lower Bounds and Hierarchies — Explicit open question on PDF page 5	Oblivious Complexity Classes Revisited: Lower Bounds and Hierarchies
TCS-6492	Folklore Sampling is Optimal for Exact Hopsets: Confirming the $\sqrt{n}$ Barrier — Open Question 1	Folklore Sampling is Optimal for Exact Hopsets: Confirming the $\sqrt{n}$ Barrier
TCS-6494	Integer Multiplication is at Least as Hard as Matrix Transposition — Unresolved-question passage on page 15	Integer Multiplication is at Least as Hard as Matrix Transposition