TCS-6504	Is perfect matching in general graphs in deterministic NC?	The Matching Problem in General Graphs Is in Quasi-NC
TCS-6507	Can directed reachability have near-linear work and polylogarithmic depth?	Parallel Reachability and Shortest Paths on Non-Sparse Digraphs: Near-Linear Work and Sub-Square-Root Depth
TCS-6499	Can distributed MIS be solved in sublogarithmic time on every graph?	Breaking Barriers for Distributed MIS by Faster Degree Reduction
TCS-6505	One cycle versus two: is logarithmic time necessary in low-memory MPC?	O(1)-Round MPC Algorithms for Multi-Dimensional Grid Graph Connectivity, Euclidean MST and DBSCAN
TCS-6506	Can deterministic LOCAL algorithms find an MIS in O(log n) rounds?	Near-Optimal Deterministic Network Decomposition and Ruling Set, and Improved MIS
TCS-0998	Sketching vs. Streaming	Sublinear.info
TCS-0949	Data Structure Lower Bound in the Cell Probe Model	Sublinear.info
TCS-0986	Characterizing Sketchable Distances	Sublinear.info
TCS-0469	What is the deterministic round complexity of maximum independent set in the congested clique?	Adaptive and Scalable Data Structures (Dagstuhl Seminar 25191)
TCS-0940	Lifting sketching resistance to sublinear streaming resistance	SIGACT Open Problems Column
TCS-0996	Relations between Streaming Models	Sublinear.info
TCS-2997	How many rounds does triangle detection require in CONGEST?	Distributed Subgraph Finding — ADGA 2025
TCS-0984	“Ultimate” Deterministic Sparse Recovery	Sublinear.info
TCS-6501	Can a congested clique find a maximal independent set in constant rounds?	When MIS and Maximal Matching are Easy in the Congested Clique
TCS-0533	Local Computation Algorithm for MIS	Sublinear.info
TCS-0994	Graph Matchings	Sublinear.info
TCS-0513	Deciding deterministic LCL complexity on unrooted trees	Jukka Suomela: locality problems
TCS-0514	Deciding randomized LCL complexity on unrooted trees	Jukka Suomela: locality problems
TCS-0524	Can deterministic (Delta+1)-coloring beat square-root dependence on degree?	Open problems related to locality in distributed graph algorithms
TCS-0946	Cut-Sparsification of Hypergraphs	Sublinear.info
TCS-0950	Linear Sketching Over $F_2$	Sublinear.info
TCS-0968	“For All” Guarantee for Computationally Bounded Adversaries	Sublinear.info
TCS-0983	Universal Sketching	Sublinear.info
TCS-0977	Linear Algebra Computation	Sublinear.info
TCS-0987	Deterministic Heavy-Hitters & Fast Matrix Algorithms	Sublinear.info
TCS-0993	Graph Distances	Sublinear.info
TCS-0938	An n log n space barrier for streaming Max-Cut	SIGACT Open Problems Column
TCS-0942	Linear-space lower bounds for two-pass Max-Cut approximation	SIGACT Open Problems Column
TCS-0943	Polynomial-pass barriers to near-exact streaming Max-Cut	SIGACT Open Problems Column
TCS-0944	Square-root pass-space tradeoffs for Max-Cut	SIGACT Open Problems Column
TCS-0515	Intermediate deterministic LCL volume complexities	Jukka Suomela: locality problems
TCS-0517	Can deterministic LOCAL coloring use a near-linear palette in log-star n rounds?	Open problems related to locality in distributed graph algorithms
TCS-0518	Non-signaling LCLs beyond iterated-logarithmic deterministic LOCAL	Jukka Suomela: locality problems
TCS-0520	Promise-free linear-versus-constant dynamic/online-LOCAL separation	Jukka Suomela: locality problems
TCS-0521	Promise-free linear-versus-constant LOCAL/dynamic-LOCAL separation	Jukka Suomela: locality problems
TCS-0523	Randomized LCL volume between log-star and logarithmic	Jukka Suomela: locality problems
TCS-0936	A square-root space barrier for Max-3And	SIGACT Open Problems Column
TCS-0937	A square-root space barrier for Max-kMonarchy	SIGACT Open Problems Column
TCS-0939	Beyond-square-root sketching space for near-half Max-DiCut approximation	SIGACT Open Problems Column
TCS-0948	Streaming Algorithms for Approximating the Number of $H$-Subgraphs	Sublinear.info
TCS-0951	Rényi Entropy Estimation	Sublinear.info
TCS-0954	Metric TSP Cost Approximation	Sublinear.info
TCS-0965	Low Expansion Encoding of Edit Distance	Sublinear.info
TCS-0967	TSP in the Streaming Model	Sublinear.info
TCS-0969	Approximating LIS Length in the Streaming Model	Sublinear.info
TCS-0970	Fast JL Transform for Sparse Vectors	Sublinear.info
TCS-1813	Is the known exponent for distributed even-cycle detection optimal?	Deterministic Even-Cycle Detection in Broadcast CONGEST
TCS-0525	Can bipartite maximal fractional matching be found in sublinear-in-degree rounds?	Open problems related to locality in distributed graph algorithms
TCS-0511	Constant-locality dynamic three-coloring of unrooted trees	Jukka Suomela: locality problems
TCS-0512	Constant-locality non-signaling versus quantum LCL separation	Jukka Suomela: locality problems
TCS-0516	Logarithmic-locality dynamic three-coloring of bipartite graphs	Jukka Suomela: locality problems
TCS-0519	Polynomial-volume maximal matching on bipartite graphs	Jukka Suomela: locality problems
TCS-0522	Quantum speedup for cycle three-coloring	Jukka Suomela: locality problems
TCS-0526	Sublinear-degree LOCAL time for fractional maximal matching	Jukka Suomela: locality problems
TCS-0535	Vertex Connectivity in the LOCAL Model	Sublinear.info
TCS-0729	Stable matching in the semi-streaming model	Frontiers of Parameterized Algorithmics of Matching under Preferences
TCS-0947	Locally Private Heavy Hitters and Other Problems in Streaming	Sublinear.info
TCS-0955	Streaming Online Algorithms	Sublinear.info
TCS-0962	Coding Theory in the Streaming Model	Sublinear.info
TCS-0976	Equivalence of Two MapReduce Models	Sublinear.info
TCS-0979	Modeling of Distributed Computation	Sublinear.info
TCS-0980	Random Walks	Sublinear.info
TCS-0982	The Value of a Reverse Pass	Sublinear.info
TCS-0985	$L_\infty$ Estimation	Sublinear.info
TCS-0988	Deterministic Summary Structures	Sublinear.info
TCS-0527	A self-stabilizing chemical reaction network implementation of a modular clock	Algorithmic Foundations of Programmable Matter
TCS-0528	Computational Complexity of Recent Slide-and-Pack Puzzles	Algorithmic Foundations of Programmable Matter
TCS-0529	Fast parallel reconfiguration without scaling	Algorithmic Foundations of Programmable Matter
TCS-0530	Leader election in grids with faults	Algorithmic Foundations of Programmable Matter
TCS-0531	Minimum number of control alterations (squares in polygon, discs in curved workspace)	Algorithmic Foundations of Programmable Matter
TCS-0532	When can a structure self-fold?	Algorithmic Foundations of Programmable Matter
TCS-0534	Making Edges Happy in the LOCAL Model	Sublinear.info
TCS-0945	Ads, Impressions, and Statistics	Sublinear.info
TCS-0952	Sample Stretching	Sublinear.info
TCS-0953	Separating PDF and CDF Query Models	Sublinear.info
TCS-0956	Succinct Representation for Functions on Graphs	Sublinear.info
TCS-0957	Approximating Rank in the Bounded-Degree Model	Sublinear.info
TCS-0958	Principal Component Analysis with Nonnegativity Constraints	Sublinear.info
TCS-0959	RNA Folding	Sublinear.info
TCS-0960	Submodular Matching Maximization	Sublinear.info
TCS-0961	Applications of Clifford Algebras in Graph Streams	Sublinear.info
TCS-0963	Efficient Measures of “Surprisingness” of Sequences	Sublinear.info
TCS-0964	Homomorphic Hash Functions	Sublinear.info
TCS-0966	Signatures for Set Equality	Sublinear.info
TCS-0971	Graph Frequency Vectors	Sublinear.info
TCS-0972	Rank Lower Bound	Sublinear.info
TCS-0974	Sketching Shift Metrics	Sublinear.info
TCS-0975	Sparse Recovery for Tree Models	Sublinear.info
TCS-0978	Maximal Complex Equiangular Tight Frames	Sublinear.info
TCS-0981	Randomness of Partially Random Streams	Sublinear.info
TCS-0989	Effects of Subsampling	Sublinear.info
TCS-0991	Filtering Irrelevant Data	Sublinear.info
TCS-0992	Finite Cursor Machines	Sublinear.info
TCS-0995	Mixed Norms	Sublinear.info
TCS-0999	The Massive, Unordered, Distributed-Data Model	Sublinear.info
TCS-1169	What is the smallest number of passes required for computing O(∆)-colorings deterministically in the semi-streaming setting?	Faster Deterministic Streaming Vertex Coloring
TCS-1171	Is dependence sublinear in τ possible?	Robust Streaming Against Low-Memory Adversaries
TCS-1234	We also leave as an open problem characterizing the exact trade-off between the number of passes and memory required for exactly computing a stream’s histogram.	Tight Bounds for Low-Error Frequency Moment Estimation and the Power of Multiple Passes
TCS-1244	The space complexity of π-PPMn is Θ( e √n) for π ∈ {312, 132, 213, 231}.	Permutation Patterns in Streams
TCS-1275	In particular we conjecture that analogous to asymptotic consensus in rooted adversaries, the dependency on the dimension d can be removed.	Asymptotic Subspace Consensus in Dynamic Networks
TCS-1276	We conjecture that randomized algorithms can come closer to the currently best known lower bound of Ω(log n) [17].	Broadcasts in Anonymous, Dynamic Networks: A New Algorithm and Impossibility Results
TCS-1321	Combining this strong tool with other useful sketching and sampling techniques known in the streaming literature, can we resolve the streaming complexities of important tournament […]	The Power of the Score Sequence of a Tournament
TCS-1330	For instance, we leave open whether Gps can be adopted to Gillespie simulations [10] of chemical reaction networks in the same spirit as [15] did […]	No Time to Interact: Simulating Population Protocols at Scale
TCS-1417	Can heavy hitters be computed exactly using a constant number of passes in the catalytic model?	Streaming with Catalytic Memory
TCS-1504	Proving matching regret lower bounds to establish the tightness of our results also remains an open problem. • We plan to extend out framework to […]	Statistical Learning from Attribution Sets
TCS-1531	What about monadic second-order (MSO) properties?	Complexity Landscape for Local Certification
TCS-1532	Is it possible to obtain an r-round protocol for e.g., outerplanarity, with a proof size of o(log n) for some 1 < r < 5?	New Distributed Interactive Proofs for Planarity: A Matter of Left and Right
TCS-1553	Construct an explicit family of boolean functions fn : {0, 1}n → {0, 1} such that there exist constants δ1 , δ2 > 0 such […]	Distributed Complexity of P_k-Freeness: Decision and Certification
TCS-1587	Could there be a 4-agent algorithm for graphs of maximum degree 3?	Perpetual Exploration in Anonymous Synchronous Networks with a Byzantine Black Hole
TCS-1588	We conjecture the positive results are tight, i.e., exactly the multithreshold predicates and robustly piecewise floor-affine functions are robustly computable.	Robust Predicate and Function Computation in Continuous Chemical Reaction Networks
TCS-1589	Whether protocols that rely on P or ♢P can be systematically translated to use ∼ P – preserving their guarantees w.h.p.– remains an open question.	Byzantine Consensus in the Random Asynchronous Model
TCS-1590	It is an open question if there exists an algorithm that solves RB[2].	Brief Announcement: Weaker Assumptions for Asymmetric Trust
TCS-1591	First, extending auditability to a broader range of shared objects beyond registers and LL/SC remains an open challenge.	Auditable Shared Objects: From Registers to Synchronization Primitives
TCS-1647	Does the Fourier-Hahn-Lévy method capture all tractable f -moments?	Sketching, Moment Estimation, and the Lévy-Khintchine Representation Theorem
TCS-1660	Those questions remain open, but the paper and related work provide some initial clues.	Solving Tasks with Fewer Registers Than Processes
TCS-1661	The existence of an algorithm to solve RB[2] remains an open question.	Weaker Assumptions for Asymmetric Trust
TCS-1674	We leave the computation of the approximation factor of Algorithm 4 as a challenging open problem.	Improved Approximation Algorithms for (1,2)-TSP and Max-TSP Using Path Covers in the Semi-Streaming Model
TCS-1745	While our work provides a complete answer for solvability, we leave a number of exciting problems open.	Validity in Network-Agnostic Byzantine Agreement
TCS-1759	Despite these results, the solvability of the SS-PGAT without global knowledge remains an open problem.	Self-Stabilizing Weakly Byzantine Perpetual Gathering of Mobile Agents
TCS-1772	Are there definition principles that relate the length |f (α)| to the number of steps it takes to compute f (α)?	A Coinductive Representation of Computable Functions
TCS-1779	Can we improve the round complexity in the CD model while getting the optimal O(log n) energy bound?	Energy-Efficient Maximal Independent Sets in Radio Networks
TCS-1780	If so, how can we leverage the structural properties of the hard instances to establish such a lower bound?	Content-Oblivious Leader Election in 2-Edge-Connected Networks
TCS-1781	Can stronger lower bounds be established for networks with higher degrees?	The Complexity Landscape of Dynamic Distributed Subgraph Finding
TCS-1782	What is the solution of it for agents with restricted tanks and how large tanks are needed?	Approach of Agents with Restricted Fuel Tanks
TCS-1784	Second, could a lower bound on any deterministic local broadcast algorithm, better than Ω(∆ log n), be proved?	Beeping Deterministic CONGEST Algorithms in Graphs
TCS-1785	Second, for undirected graphs, are there multi-pass semi-streaming algorithms that compute paths longer than Θ(d), where d is the average degree of the input graph?	Constructing Long Paths in Graph Streams
TCS-1820	What is the complete tradeoff?	Deterministic Local Problems in Radio Networks: On the Impact of Local Domination and a Bit of Advice
TCS-1834	What is the time of the fastest gossiping algorithm using a labeling scheme of optimal length O(log ∆)?	Optimal-Length Labeling Schemes for Fast Deterministic Communication in Radio Networks
TCS-1835	It is intriguing to explore the issue of “optimality” further, e.g., can one argue that no algorithm can use less strong synchronization?	Resolving Conflicts with Grace: Dynamically Concurrent Universality
TCS-1856	More specifically, we are curious if SubseqSketch is an LSH, and if so, does it offer better hash collision probabilities?	Sequence Similarity Estimation by Random Subsequence Sketching
TCS-1865	Since the number of ties among the maxima increases when hp1 gets smaller, we conjecture that, for hp1 ≪ 1, Pr(W1,strict ) = o(p1 ), […]	On the h-Majority Dynamics with Many Opinions
TCS-1879	In future work, it would be interesting to establish a lower bound revealing whether this locking time bound is tight; if so, it remains an […]	On the Runtime of Local Mutual Exclusion for Anonymous Dynamic Networks
TCS-1937	Is Θ(log k) optimal for k-colorability certification?	Local Certification of Local Properties: Tight Bounds, Trade-Offs and New Parameters
TCS-1965	A question that we leave open is whether any problem that admits a O(t)-round algorithm in the LOCAL model, for any t ≤ D, can […]	The Singular Optimality of Distributed Computation in LOCAL
TCS-1968	And if so, is the separation exponential?	Refining the Adaptivity Notion in the Huge Object Model
TCS-1979	We leave open the question of whether the O(cd) dependency can be improved to O(c + d) (see Problem 3 in Section 5 for more).	Decentralized Distributed Graph Coloring II: Degree+1-Coloring Virtual Graphs
TCS-1981	However, the feasibility of an O(k)-time algorithm in the general setting remains open.	Near-Linear Time Dispersion of Mobile Agents
TCS-2049	While for curves streaming algorithms for simplification are known, it remains open is to find such an algorithm that works in O(ℓ) space.	Dynamic L-Budget Clustering of Curves
TCS-2059	Generally, it is not known whether Marçais’ lower bound is close to the true optimal density, although we conjecture it is not.	The mod-minimizer: A Simple and Efficient Sampling Algorithm for Long k-mers
TCS-2097	We conjecture that the lower bound of 3/2, which has been shown for a specific class of algorithms, holds more generally, i.e., with one or […]	Byzantine Reliable Broadcast with Low Communication and Time Complexity
TCS-2117	Our content-oblivious leader election for non-oriented rings does not terminate, and we conjecture that this is inherent to the model.	Content-Oblivious Leader Election on Rings
TCS-2161	Can HashExt be optimized to achieve O(nL) bit complexity for a wider range of proposal sizes L?	Efficient Signature-Free Validated Agreement
TCS-2162	In particular, what could (t) be said for sets of failure patterns Φ other than Φall ?	Brief Announcement: Agreement Tasks in Fault-Prone Synchronous Networks of Arbitrary Structures
TCS-2163	Is there a (2∆ + 1)-coloring algorithm for graphs with maximum degree ∆ in the ASYNC LOCAL model, for every ∆ ≥ 2?	Asynchronous Fault-Tolerant Distributed Proper Coloring of Graphs
TCS-2164	Does a linear time PTAS exists?	Freeze-Tag in L₁ Has Wake-Up Time Five with Linear Complexity
TCS-2222	In particular, can we improve the round complexity to O(log2 n) rounds while keeping Õ(n) communication?	Time- and Communication-Efficient Overlay Network Construction via Gossip
TCS-2235	What is the minimum number of colors to achieve perpetual exploration with optimal number of robots?	Crash-Tolerant Perpetual Exploration with Myopic Luminous Robots on Rings
TCS-2236	Are constant-size lights sufficient to always avoid the phenomenon of false elections?	Computational Power of Opaque Robots
TCS-2280	A natural next step would be to investigate the removal of agents: can a protocol provide guarantees in the case that a small number of […]	Breaking Through the Ω(n)-Space Barrier: Population Protocols Decide Double-Exponential Thresholds
TCS-2283	For example, which graph problems can be solved equally well in the sliding window model as in the one-pass streaming setting, and which problems are […]	Interval Selection in Sliding Windows
TCS-2325	Is there a lower bound of Ω(n log3 n) memory for solving graph connectivity in the turnstile model?	Distributed Sketching Lower Bounds for k-Edge Connected Spanning Subgraphs, BFS Trees, and LCL Problems
TCS-2360	Does there exists a view synchronisation protocol for the partial synchrony model that achieves the same efficiency bounds as Fever, but which can accommodate unbounded […]	Fever: Optimal Responsive View Synchronisation
TCS-2381	The same has not yet been achieved for message-passing systems: is there a consensus hierarchy based on specific broadcast abstractions?	Send/Receive Patterns Versus Read/Write Patterns in Crash-Prone Asynchronous Distributed Systems
TCS-2382	Whether there is an algorithm that tolerates a growing adversary remains open.	Brief Announcement: Byzantine Consensus Under Dynamic Participation with a Well-Behaved Majority
TCS-2383	Actually, it remains open whether by assuming just one common direction is enough for solving the problem.	Brief Announcement: Line Formation in Silent Programmable Matter
TCS-2384	Determining the exact space complexity of solving obstruction-free k-set agreement using swap objects when k > 1 remains an open problem.	Brief Announcement: The Space Complexity of Set Agreement Using Swap
TCS-2432	It is still an open question whether, in analogy to Hanf’s theorem, Gaifman normal forms exist over all fully idempotent semirings.	Locality Theorems in Semiring Semantics
TCS-2433	Since COND-EVAL subsumes COND-PR, we have the upper bound of O(log log n + ϵ12 ), and the ensuing gap leaves open an interesting question.	Support Size Estimation: The Power of Conditioning
TCS-2441	Second, we do not know if it is possible to decide the online round complexity in polynomial time given the description of the LCL.	Local Recurrent Problems in the SUPPORTED Model
TCS-2442	We conjecture that there are reductions between DenyList and and registers with atomic audit.	The Synchronization Power of Auditable Registers
TCS-2469	It is an open problem whether a stabilizing algorithm for FGC or FR can use a finite amount of memory with no knowledge of T […]	Optimal Computation in Leaderless and Multi-Leader Disconnected Anonymous Dynamic Networks
TCS-2470	While there has been progress on solving the natural list and defective coloring variants of O(β 2 ) coloring, it is still unknown if a […]	List Defective Colorings: Distributed Algorithms and Applications
TCS-2496	Furthermore, it may be interesting to relax the assumptions of instantaneous fault detection and recovery (of the protocol), to investigate whether the assumption of digitally […]	Reliable Broadcast Despite Mobile Byzantine Faults
TCS-2522	We conjecture that, in any of the above cases, agents cannot solve the problem or require more total number of moves than the proposed algorithms.	Partial Gathering of Mobile Agents in Dynamic Tori
TCS-2540	Is there an MSO2 property requiring certificates of Ω(nϵ ) bits, for some ϵ > 0, on graphs of bounded clique-width?	Distributed Certification for Classes of Dense Graphs
TCS-2541	Is there a practical permissionless protocol that can achieve deterministic safety and tolerate fewer than a half Byzantine nodes?	Gorilla: Safe Permissionless Byzantine Consensus
TCS-2583	Is there a way to render the system back to a consistent state?	A Tight Bound on Multiple Spending in Decentralized Cryptocurrencies
TCS-2591	Is there a 2.99-approximation semi-streaming space sliding window algorithm for MM?	Improved Weighted Matching in the Sliding Window Model
TCS-2601	It would be interesting to know whether the equivalence between the two techniques holds for arbitrary colorless tasks, and not only for the 1-dimensional ones, […]	One Step Forward, One Step Back: FLP-Style Proofs and the Round-Reduction Technique for Colorless Tasks
TCS-2614	We do not know whether this can be generalized to k-partial k-coloring every graph for which there exist a k-partial coloring using a palette with […]	Distributed Partial Coloring via Gradual Rounding
TCS-2632	An intriguing open question is whether there is an inherent cost for satisfying the binding property: is there some measure, perhaps time, in which solving […]	Multi-Valued Connected Consensus: A New Perspective on Crusader Agreement and Adopt-Commit
TCS-2689	Regardless, whether there exists a protocol that achieves deterministic safety and termination in a hybrid synchronous model remains an open question.	Safe Permissionless Consensus
TCS-2690	We do not know whether the gathering problem in the adversarial (4,2)-defected model is solvable or not yet.	Brief Announcement: Gathering Despite Defected View
TCS-2732	Is there a perfectly secure 3-server DPF with key size N o(1) ?	Information-Theoretic Distributed Point Functions
TCS-2735	We leave the understanding of the uniform complexity landscape in the regime Ω(log 1/ε) as an exciting open problem.	Local Problems on Trees from the Perspectives of Distributed Algorithms, Finitary Factors, and Descriptive Combinatorics
TCS-2736	Without it, we do not know how many sketches to initialize at the start of the stream.	Adversarially Robust Coloring for Graph Streams
TCS-2753	The question of whether a fully adaptive strong BA with optimal resilience exists or not remains open.	Make Every Word Count: Adaptive Byzantine Agreement with Fewer Words
TCS-2761	We leave as an open question whether for matroids more general than considered in the paper, a larger τ can always yield the kernel.	Matroid-Constrained Maximum Vertex Cover: Approximate Kernels and Streaming Algorithms
TCS-2780	We do not know if there is an alternative encoding for order-preserving matching that fulfills the condition and is computationally as cheap as the nearest […]	Parallel Algorithm for Pattern Matching Problems Under Substring Consistent Equivalence Relations
TCS-2783	However, M2k+2 (n) ∈ Ω n1+ k has only been proven for k = 1, 2, 3, 5; for other k it remains an open […]	Space-Stretch Tradeoff in Routing Revisited
TCS-2798	We leave open the question of closing the gap between upper and lower bounds for the worker-task assignment problem: the upper bound is polylog(wt) and […]	Memoryless Worker-Task Assignment with Polylogarithmic Switching Cost
TCS-2816	It remains an open question whether it is possible to implement an exact wait-free linearizable FIFO queue with worst-case logarithmic step complexity without restriction on […]	Efficient Wait-Free Queue Algorithms with Multiple Enqueuers and Multiple Dequeuers
TCS-2841	We do not know whether the mi in the above corollary can be different from 1.	Semilinear Representations for Series-Parallel Atomic Congestion Games
TCS-2846	This is an open problem in the area (see [14] for some recent results), so we leave this for future work.	Streaming Enumeration on Nested Documents
TCS-2850	It is an open question if these, too can be solved in O(1/ϵ2 ) rounds.	Adaptive Massively Parallel Constant-Round Tree Contraction
TCS-2852	Understanding this variant of Avalanche remains open and is subject of future work.	When Is Spring Coming? A Security Analysis of Avalanche Consensus
TCS-2869	If so, could we lower the energy requirement by allowing slightly smaller throughput, and if so, how much smaller?	Contention Resolution Without Collision Detection: Constant Throughput And Logarithmic Energy
TCS-2870	That is, can we achieve optimality within a polylog(n) factor in both time and messages?	An Almost Singularly Optimal Asynchronous Distributed MST Algorithm
TCS-2896	We leave it as an open problem whether a constant-factor approximation in sublinear (in n = 2k) space is possible	Streaming Algorithms for Geometric Steiner Forest
TCS-2902	What is the streaming complexity of computing Distance to ℓ Cliques?	Parameterized Complexity of Streaming Diameter and Connectivity Problems
TCS-2921	What is the space complexity of randomized streaming algorithms for hyperbolic groups?	Streaming Word Problems
TCS-2923	For example, how fast can we gather when the number of good agents is asymptotically smaller than the number of Byzantine agents?	Randomized Byzantine Gathering in Rings
TCS-2924	Does a similar tradeoff hold for the dynamic size counting problem?	Dynamic Size Counting in Population Protocols
TCS-2941	Such a model seems to be quite relevant to our work since one of the main challenges in our approximation algorithms is to find the […]	Massively Parallel Algorithms for Small Subgraph Counting
TCS-2945	We conjecture that our line formation protocol is optimal, i.e., no population protocol can construct a line containing all agents in parallel time o(n log […]	Brief Announcement: New Clocks, Fast Line Formation and Self-Replication Population Protocols
TCS-2973	So if one is to believe that α-fractionally log-concave distributions behave like distributions over (1/α)-sized sets, does that mean order-(1/α) marginals are sufficient to get […]	Domain Sparsification of Discrete Distributions Using Entropic Independence
TCS-2974	However, we do not know whether the classes i=1 Bβi Cγi and Qk βi′ γi′ i=1 B C are systematically incomparable for all distinct sequences […]	Computing Power of Hybrid Models in Synchronous Networks
TCS-2998	Are there any non-symmetric rules that do not ultimately converge up to a shift and are poly(1/ϵ)-testable?	Testing Dynamic Environments: Back to Basics
TCS-3003	Is it the case that for every GSF-local property P = ∪n∈N Pn , there is a sequence F = (Fn )n∈N that is non-propagating […]	GSF-Locality Is Not Sufficient For Proximity-Oblivious Testing
TCS-3008	Is there an efficient distributed algorithm to minimize disagreements with an approximation guarantee strictly better than 3 (in expectation), or worst-case guarantees for general graphs?	Massively Parallel Correlation Clustering in Bounded Arboricity Graphs
TCS-3020	In other words, does there exist a stencil 𝐻 such that rkF (𝐻) > Υ(𝐻) for every field F?	Visible Rank and Codes with Locality
TCS-3075	In particular, for the list of problems with determinant-based counting in Section 1, designing RNC sampling algorithms remains open.	Sampling Arborescences in Parallel
TCS-3087	Similarly, we conjecture that Twins can cover timing violations in a class of “lock-step” synchronous protocols.	Twins: BFT Systems Made Robust
TCS-3093	We remark that it uses instances with optk = 1, and we do not know how to scale it to larger values of optk .	Round-Competitive Algorithms for Uncertainty Problems with Parallel Queries
TCS-3134	For example, the complexity of k-independent set detection in CONGEST remains open, whereas in the centralized setting, it is equivalent to k-clique – a correspondence […]	Beyond Distributed Subgraph Detection: Induced Subgraphs, Multicolored Problems and Graph Parameters
TCS-3150	However, many interesting collective behaviors for programmable matter require movement, and it remains an open problem to identify if any of these algorithms satisfy monotonicity.	The Canonical Amoebot Model: Algorithms and Concurrency Control
TCS-3192	First, is it possible to obtain near singularly optimal bounds using a deterministic algorithm?	Singularly Near Optimal Leader Election in Asynchronous Networks
TCS-3240	Is the word problem of the Baumslag group with power circuit representations as input P-complete?	Parallel Algorithms for Power Circuits and the Word Problem of the Baumslag Group
TCS-3243	What is the time complexity of graph class identification problems?	Population Protocols for Graph Class Identification Problems
TCS-3244	For future works, an interesting question would be: how fast can it converge to zero?	Arbitrarily Accurate Aggregation Scheme for Byzantine SGD
TCS-3245	What is the exact set of initial configurations that are gatherable?	Asynchronous Gathering in a Torus
TCS-3269	While, as discussed below, also for maximum weighted matching, it is in principle possible to find augmenting paths and cycles, in the weighted case, we […]	Distributed CONGEST Approximation of Weighted Vertex Covers and Matchings
TCS-3297	Second, is there a two-pass √ semistreaming algorithm for MBM that improves on the approximation factor of 2 − 2 and operates differently in the […]	On Two-Pass Streaming Algorithms for Maximum Bipartite Matching
TCS-3305	Are Dasf or DAsf included in dAsF?	A Classification of Weak Asynchronous Models of Distributed Computing
TCS-3320	It is unknown whether the logic LocTL[Si ] is as expressive as LocTL[Yi , Si ].	Wreath/Cascade Products and Related Decomposition Results for the Concurrent Setting of Mazurkiewicz Traces
TCS-3326	We conjecture that a characterization is possible for an extension with randomness covering at least the Ben-Or algorithm.	Characterizing Consensus in the Heard-Of Model
TCS-3351	We conjecture that there exists a majorization argument which is based on how often the process performs the averaging step.	Dynamic Averaging Load Balancing on Cycles
TCS-3353	For unary filters, we conjecture that SO-CEL+ has the same expressive power as MSO over unary filters.	On the Expressiveness of Languages for Complex Event Recognition
TCS-3375	In other words, is the (s)-DEDP problem FPT for fixed d?	A Relaxation of the Directed Disjoint Paths Problem: A Global Congestion Metric Helps
TCS-3377	What, if any, is the connection between RME and abortable mutual exclusion?	Recoverable, Abortable, and Adaptive Mutual Exclusion with Sublogarithmic RMR Complexity
TCS-3384	We do not know whether it is possible to compute approximate matchings, let alone set packings, using AC0 -circuits.	Kernelizing the Hitting Set Problem in Linear Sequential and Constant Parallel Time
TCS-3416	As there are only non-blocking linearizable (not relaxed) queue implementations using objects with consensus number two, it is an open question if there is such […]	Relaxed Queues and Stacks from Read/Write Operations
TCS-3434	While we derive similar bounds for Byzantine failures, it remains open if these are optimal or can be further improved.	Making Byzantine Consensus Live
TCS-3435	The question whether it is possible to relax this bound to allow better resilience remains open.	Not a COINcidence: Sub-Quadratic Asynchronous Byzantine Agreement WHP
TCS-3436	Based on this, we conjecture that probability-1 leader election using O(1) messages requires Ω(n) time to stabilize.	Message Complexity of Population Protocols
TCS-3439	We leave open the question of whether this gap can be tightened.	Graph Coloring via Degeneracy in Streaming and Other Space-Conscious Models
TCS-3468	Is there a protocol that achieves both an optimal number of agents and polynomial time exploration?	Tight Bounds for Deterministic High-Dimensional Grid Exploration
TCS-3469	Can they provide good estimates for the TWF policies, and if so, how much benefit can they bring?	Distributed Dispatching in the Parallel Server Model
TCS-3490	Can one design an algorithm that stores only poly(k) elements and beats 1/2 by a significant constant or, even better, gets 1 − 1/e?	Robust Algorithms Under Adversarial Injections
TCS-3521	What is the time complexity of the uniform bipartition problem?	Uniform Bipartition in the Population Protocol Model with Arbitrary Communication Graphs
TCS-3544	Moreover, replacing the σk+1 with εα, it almost answers the kernel PCA nnz(X) question of Musco and Woodruff [34] – however our algorithm does not […]	The GaussianSketch for Almost Relative Error Kernel Distance
TCS-3559	While the construction techniques presented in this paper can be easily extended to upper bound the access cost of some parameter values outside the merge […]	Convertible Codes: New Class of Codes for Efficient Conversion of Coded Data in Distributed Storage
TCS-3599	A few cases remain open questions; we conjecture that they should be unsolvable.	Wait-Free Solvability of Equality Negation Tasks
TCS-3612	What is the 1-round bandwidth complexity of MemDetect(K3 ) under edge insertions?	Distributed Detection of Cliques in Dynamic Networks
TCS-3614	Second, can one reduce the running time or provide a matching lower bound?	Deterministic Leader Election in Programmable Matter
TCS-3615	However, we conjecture, for sub-Gaussian noise that P |Xi − ∅(t) | ≥ x = O(exp−x ) (cf.	Noidy Conmunixatipn: On the Convergence of the Averaging Population Protocol
TCS-3620	Can Chaink be used to form novel lower bounds for other kinds of problems?	Independent Sets in Vertex-Arrival Streams
TCS-3624	Unfortunately, we do not know if the exponential size of ϕ′ is unavoidable.	A Formal Framework for Complex Event Processing
TCS-3640	The following question is also open: does there exist an efficient algorithm to check if a given directed graph satisfies condition SC?	Exact Byzantine Consensus on Arbitrary Directed Graphs Under Local Broadcast Model
TCS-3723	Can we find any problem that can uses the benefit of bounded clique-width?	Low-Congestion Shortcut and Graph Parameters
TCS-3725	Are there resilient asynchronous algorithms that solve the problem for non-chordal graphs?	Byzantine Approximate Agreement on Graphs
TCS-3726	Is it possible to obtain a deterministic message-reduction scheme with no degradation of time?	Message Reduction in the LOCAL Model Is a Free Lunch
TCS-3735	Can a better complexity be found for general graphs?	Distributed Reconfiguration of Maximal Independent Sets
TCS-3757	What about multi-dimensional arrays?	Testing Local Properties of Arrays
TCS-3762	What if the output is required to be perfectly random, i.e., ε = 0?	Simulating Random Walks on Graphs in the Streaming Model
TCS-3767	How can we extend the class of graphs on which we can solve MVC and MIS within a small approximation factor even further?	Distributed Minimum Vertex Coloring and Maximum Independent Set in Chordal Graphs
TCS-3774	What is the time complexity of the uniform k-partition problem?	Uniform Partition in Population Protocol Model Under Weak Fairness
TCS-3784	We leave as an open question whether this challenge can be overcome with poly(log ∆) overhead. “Backtracking” on faulty progress has been the subject of […]	Erasure Correction for Noisy Radio Networks
TCS-3792	We conjecture that for all n > k > 2 there is no deterministic linearizable (n, k)-set agreement object that is equivalent to the (n, […]	On Deterministic Linearizable Set Agreement Objects
TCS-3793	We leave it as an open problem to determine whether these guarantees can also be extended to wise processes for asymmetric reliable broadcast and the […]	Asymmetric Distributed Trust
TCS-3803	Can we improve it, even at the cost of some constant congestion in the path P (i.e., allow P to visit every vertex a constant […]	Packing Directed Circuits Quarter-Integrally
TCS-3806	Can we reduce the number of passes to poly(k), or instead show that we need passes which are superpolynomial in k if we restrict space […]	Towards a Theory of Parameterized Streaming Algorithms
TCS-3813	Are there any deterministic algorithms for the case where Minit and Oinit are even (such solutions would have to avoid starting or ending up in […]	Gathering on Rings for Myopic Asynchronous Robots With Lights
TCS-3845	In other words, while there exist good multicommodity routing solutions, we do not know how to find them efficiently in a distributed fashion.	New Distributed Algorithms in Almost Mixing Time via Transformations from Parallel Algorithms
TCS-3891	But determining which model implements a given Heard-Of predicate is an open question.	Characterizing Asynchronous Message-Passing Models Through Rounds
TCS-3892	Finding a lower bound for the construction of all-pairs spanners in the congest model is still an open question.	The Sparsest Additive Spanner via Multiple Weighted BFS Trees
TCS-3894	We conjecture that systems of linear inequalities can be computed by leaderless protocols with a polynomial number of states.	Large Flocks of Small Birds: on the Minimal Size of Population Protocols
TCS-3910	We leave as a great open question whether the complexity of clique detection in the CONGEST model is sublinear, or one needs Θ(n) e communication […]	Detecting Cliques in CONGEST Networks
TCS-3939	Whether there are algorithms that achieve this lower cost remains an open question.	Integrated Bounds for Disintegrated Storage
TCS-3950	We do not have a formal proof of this, however, and thus it is still an open question whether or not this algorithm is optimal.	Linear Rendezvous with Asymmetric Clocks
TCS-3960	In particular, does there exist an earthmover resilient property that is testable but not tolerantly testable?	Earthmover Resilience and Testing in Ordered Structures
TCS-3972	Is there a proof-labeling scheme for diam that scales by a factor greater than t in all graphs where b(t) t?	Redundancy in Distributed Proofs
TCS-3983	What are the trade-offs among the ratio good/Byzantine agents, the time complexity and the amount of global knowledge to solve f -Byzantine gathering?	Byzantine Gathering in Polynomial Time
TCS-4012	How many passes are required to obtain a 2/3-approximation?	A Simple Augmentation Method for Matchings with Applications to Streaming Algorithms
TCS-4033	Ω(n) is a clear lower bound on the number of states required for any protocol computing the exact population size, since log n bits are […]	Brief Announcement: Exact Size Counting in Uniform Population Protocols in Nearly Logarithmic Time
TCS-4034	We do not have a lower bound demonstrating that this particular trade-off is necessary, so the exact complexity of simulating allocate-on-update in the simpler allocate-on-access […]	Allocate-On-Use Space Complexity of Shared-Memory Algorithms
TCS-4045	As we saw, this implies A[j] = j − 1, but in that case we cannot just subtract (pj − qi )ωj : We do […]	Collective Fast Delivery by Energy-Efficient Agents
TCS-4059	Another open question concerns the role of leaders in a dynamic network: does the existence of a leader could be useful for achieving or improving […]	The Firing Squad Problem Revisited
TCS-4095	We conjecture that similar negative results hold for convergence for leaderless population protocols.	Hardness of Computing and Approximating Predicates and Functions with Leaderless Population Protocols
TCS-4099	It remains open to find a pseudo-deterministic NC algorithm for perfect matching in general (non-bipartite) graphs.	Bipartite Perfect Matching in Pseudo-Deterministic NC
TCS-4102	1 The problem of communication lower bounds for general functions under the cash-register model remains open.	Distributed Query Monitoring through Convex Analysis: Towards Composable Safe Zones
TCS-4118	Finding tight bounds for the evacuation time in the face-to-face model remains an open problem.	Evacuating an Equilateral Triangle in the Face-to-Face Model
TCS-4119	How many agents are needed and what would be the speedup?	Treasure Hunt with Barely Communicating Agents
TCS-4120	To clarify the matching lower and upper bounds of the number of states is an open problem.	Constant-Space Population Protocols for Uniform Bipartition
TCS-4121	First, can we get efficient distributed algorithms for TAP with an approximation ratio better than 2?	Fast Distributed Approximation for TAP and 2-Edge-Connectivity
TCS-4141	We do not know whether the factor 2 is tight for the ASTRAL algorithm - we conjecture that ASTRAL can actually achieve a better approximation […]	On the Weighted Quartet Consensus Problem
TCS-4143	We do not know whether there exists a distributed language admitting error-sensitive proof-labeling schemes, but such that all error-sensitive proof-labeling schemes for that language use […]	Error-Sensitive Proof-Labeling Schemes
TCS-4145	We do not know whether there exists a stretch-3 name-independent routing scheme, with tables of size O( e √n) bits, that can be verified using […]	Certification of Compact Low-Stretch Routing Schemes
TCS-4193	First, can the MIS lower bounds in the Local model shown by Kuhn et al. [15] be extended to 2-ruling sets?	Symmetry Breaking in the Congest Model: Time- and Message-Efficient Algorithms for Ruling Sets
TCS-4230	Is there a more general definition than the existence of an inhibitory protocol?	Asynchronous Message Orderings Beyond Causality
TCS-4231	What is the complexity of general subgraph detection?	Deterministic Subgraph Detection in Broadcast CONGEST
TCS-4247	The first is to understand whether better performance is possible for approximate one-round walks in weighted symmetric load balancing games (we conjecture this is not […]	On the Impact of Singleton Strategies in Congestion Games
TCS-4255	It is an open problem to develop Monte Carlo algorithms for Arbitrary and Common PRAMs for the case when the amount of shared memory is […]	Anonymous  Processors with Synchronous Shared Memory:  Monte Carlo Algorithms
TCS-4271	Do these complexities capture all possibilities, when natural global graph problems are concerned?	Quadratic and Near-Quadratic Lower Bounds for the CONGEST Model
TCS-4274	In our view, the main open question raised by our work is the following: is there a 2-connected graph H such that H-freeness can be […]	Lower Bounds for Subgraph Detection in the CONGEST Model
TCS-4290	We leave open the problem of determining whether one can get an improved approximation ratio when the parameter m is “small”.	Distributed Signaling Games
TCS-4299	It is unknown whether the capacity for collision detection improves deterministic broadcast time, as it does for randomized algorithms [12].	Faster Deterministic Communication in Radio Networks
TCS-4342	Several interesting problems in the setting remain open, the most interesting one being to give tight upper and lower bounds in the case n = […]	Search on a Line by Byzantine Robots
TCS-4346	We conjecture that the claim of Theorem 5 is also true for f = 2 and 3f + 1 ≤ n < (d + 1)f […]	Relaxed Byzantine Vector Consensus
TCS-4404	In particular, is there a cylindrical grid minor of size Ω(h)?	Constant Congestion Routing of Symmetric Demands in Planar Directed Graphs
TCS-4437	Therefore, if a party has input 0, the differentially-private output would be completely useless for this party, while there could be additional leakage from the […]	Do Distributed Differentially-Private Protocols Require Oblivious Transfer?
TCS-4454	Specifically, we conjecture that there exist Dp ∈ [1, ∞) such that for every finite metric space (X, dX ) we have p cPp (R3 […]	Impossibility of Sketching of the 3D Transportation Metric with Quadratic Cost
TCS-4518	It is unknown if handling anonymity in G(1-IC) requires this exponential cost.	Non Trivial Computations in Anonymous Dynamic Networks
TCS-4546	What kind of functors may we apply to general tasks?	The Relative Power of Composite Loop Agreement Tasks
TCS-4547	Indeed, when facing a problem the guiding question should be: what is the weakest assumption that makes the problem solvable?	Time to Change: On Distributed Computing in Dynamic Networks (Keynote)
TCS-4562	We leave as an open problem whether a similar approach can be applied to our algorithm, which produces a bicriteria solution with between k and […]	Clustering on Sliding Windows in Polylogarithmic Space
TCS-4570	This raises an interesting question for future work: can we efficiently implement mutable priorities in the more scalable skip list-based priority queues without compromising on […]	A Heap-Based Concurrent Priority Queue with Mutable Priorities for Faster Parallel Algorithms
TCS-4606	Although it seems that such restrictions can be relaxed to encompass a small amount of recomputation or input replication, it is an open question to […]	Communication Lower Bounds for Distributed-Memory Computations
TCS-4763	Parallel (1+e)-Approximate Multi-Commodity Min-Cost Flow in Almost Optimal Depth and Work — Open Problem 1	Parallel (1+e)-Approximate Multi-Commodity Min-Cost Flow in Almost Optimal Depth and Work
TCS-4989	Robust Streaming Against Low-Memory Adversaries — Question 34	Robust Streaming Against Low-Memory Adversaries
TCS-5105	A Polynomial Space Lower Bound for Diameter Estimation in Dynamic Streams — Explicit open question on PDF page 2	A Polynomial Space Lower Bound for Diameter Estimation in Dynamic Streams
TCS-5233	Maximum Coverage in Random-Arrival Streams — Explicit open question on PDF page 5	Maximum Coverage in Random-Arrival Streams
TCS-5234	Distributed Subgraph Finding: Progress and Challenges (Invited Talk) — Open Problem 4.1	Distributed Subgraph Finding: Progress and Challenges (Invited Talk)
TCS-5262	Dynamic and Streaming Algorithms for Union Volume Estimation — Explicit open question on PDF page 6	Dynamic and Streaming Algorithms for Union Volume Estimation
TCS-5296	Distributed Sketching Lower Bounds for k-Edge Connected Spanning Subgraphs, BFS Trees, and LCL Problems — Open Problem 1	Distributed Sketching Lower Bounds for k-Edge Connected Spanning Subgraphs, BFS Trees, and LCL Problems
TCS-5323	A Coinductive Representation of Computable Functions — Unresolved-question passage on page 14	A Coinductive Representation of Computable Functions
TCS-5346	Depth First Search in the Semi-streaming Model — Explicit open question on PDF page 1	Depth First Search in the Semi-streaming Model
TCS-5372	Towards Optimal Approximate Streaming Pattern Matching by Matching Multiple Patterns in Multiple Streams — Explicit open question on PDF page 7	Towards Optimal Approximate Streaming Pattern Matching by Matching Multiple Patterns in Multiple Streams
TCS-5378	Fully Scalable MPC Algorithms for WSPD in Doubling and Euclidean Spaces — Explicit open question on PDF page 4	Fully Scalable MPC Algorithms for WSPD in Doubling and Euclidean Spaces
TCS-5393	Parallel Algorithms for Group Isomorphism via Code Equivalence — Explicit open question on PDF page 7	Parallel Algorithms for Group Isomorphism via Code Equivalence
TCS-5402	Permutation Patterns in Streams — Unresolved-question passage on page 18	Permutation Patterns in Streams
TCS-5425	Parallel and Distributed Algorithms for the Housing Allocation Problem — Explicit open question on PDF page 8	Parallel and Distributed Algorithms for the Housing Allocation Problem
TCS-5427	New Characterizations in Turnstile Streams with Applications — Explicit open question on PDF page 2	New Characterizations in Turnstile Streams with Applications
TCS-5428	The GaussianSketch for Almost Relative Error Kernel Distance — Explicit open question on PDF page 5	The GaussianSketch for Almost Relative Error Kernel Distance
TCS-5449	When to Give up on a Parallel Implementation — Explicit open question on PDF page 2	When to Give up on a Parallel Implementation
TCS-5470	On the h-Majority Dynamics with Many Opinions — Explicit open question on PDF page 10	On the h-Majority Dynamics with Many Opinions
TCS-5471	Beeping Deterministic CONGEST Algorithms in Graphs — Explicit open question on PDF page 2	Beeping Deterministic CONGEST Algorithms in Graphs
TCS-5472	Parameterized Spanning Tree Congestion — Explicit open question on PDF page 16	Parameterized Spanning Tree Congestion
TCS-5473	Distributed Computation with Local Advice — Explicit open question on PDF page 7	Distributed Computation with Local Advice
TCS-5503	Stabilizing Consensus Is Impossible in Lossy Iterated Immediate Snapshot Models — Explicit open question on PDF page 2	Stabilizing Consensus Is Impossible in Lossy Iterated Immediate Snapshot Models
TCS-5504	Near-Linear Time Dispersion of Mobile Agents — Explicit open question on PDF page 4	Near-Linear Time Dispersion of Mobile Agents
TCS-5512	Towards a Decomposition-Optimal Algorithm for Counting and Sampling Arbitrary Motifs in Sublinear Time — Explicit open question on PDF page 7	Towards a Decomposition-Optimal Algorithm for Counting and Sampling Arbitrary Motifs in Sublinear Time
TCS-5530	Optimal Bounds for Dominating Set in Graph Streams — Unresolved-question passage on page 19	Optimal Bounds for Dominating Set in Graph Streams
TCS-5537	Sublinear-Round Parallel Matroid Intersection — Explicit open question on PDF page 7	Sublinear-Round Parallel Matroid Intersection
TCS-5543	Byzantine Consensus in Abstract MAC Layer — Explicit open question on PDF page 4	Byzantine Consensus in Abstract MAC Layer
TCS-5566	Towards Tighter Space Bounds for Counting Triangles and Other Substructures in Graph Streams — Unresolved-question passage on page 13	Towards Tighter Space Bounds for Counting Triangles and Other Substructures in Graph Streams
TCS-5576	Exponential Speedup over Locality in MPC with Optimal Memory — Explicit open question on PDF page 6	Exponential Speedup over Locality in MPC with Optimal Memory
TCS-5577	Distributed Randomness from Approximate Agreement — Explicit open question on PDF page 3	Distributed Randomness from Approximate Agreement
TCS-5578	Make Every Word Count: Adaptive Byzantine Agreement with Fewer Words — Unresolved-question passage on page 13	Make Every Word Count: Adaptive Byzantine Agreement with Fewer Words
TCS-5591	Explicit Space-Time Tradeoffs for Proof Labeling Schemes in Graphs with Small Separators — Explicit open question on PDF page 4	Explicit Space-Time Tradeoffs for Proof Labeling Schemes in Graphs with Small Separators
TCS-5604	Brief Announcement: How to Trust Strangers - Composition of Byzantine Quorum Systems — Explicit open question on PDF page 1	Brief Announcement: How to Trust Strangers - Composition of Byzantine Quorum Systems
TCS-5605	Lower Bounds for Induced Cycle Detection in Distributed Computing — Explicit open question on PDF page 4	Lower Bounds for Induced Cycle Detection in Distributed Computing
TCS-5624	Sketching, Moment Estimation, and the Lévy-Khintchine Representation Theorem — Conjecture 30	Sketching, Moment Estimation, and the Lévy-Khintchine Representation Theorem
TCS-5670	The Singular Optimality of Distributed Computation in LOCAL — Unresolved-question passage on page 14	The Singular Optimality of Distributed Computation in LOCAL
TCS-5671	Decentralized Distributed Graph Coloring II: Degree+1-Coloring Virtual Graphs — Unresolved-question passage on page 16	Decentralized Distributed Graph Coloring II: Degree+1-Coloring Virtual Graphs
TCS-5672	Space-Optimal Naming in Population Protocols — Explicit open question on PDF page 4	Space-Optimal Naming in Population Protocols
TCS-5673	Crash-Tolerant Perpetual Exploration with Myopic Luminous Robots on Rings — Unresolved-question passage on page 15	Crash-Tolerant Perpetual Exploration with Myopic Luminous Robots on Rings
TCS-5699	Broadcast and Minimum Spanning Tree with o(m) Messages in the Asynchronous CONGEST Model — Explicit open question on PDF page 9	Broadcast and Minimum Spanning Tree with o(m) Messages in the Asynchronous CONGEST Model
TCS-5700	Local Recurrent Problems in the SUPPORTED Model — Unresolved-question passage on page 17	Local Recurrent Problems in the SUPPORTED Model
TCS-5721	Stochastic Streams: Sample Complexity vs. Space Complexity — Unresolved-question passage on page 13	Stochastic Streams: Sample Complexity vs. Space Complexity
TCS-5727	Dynamic Size Counting in Population Protocols — Unresolved-question passage on page 15	Dynamic Size Counting in Population Protocols
TCS-5762	Massively Parallel Correlation Clustering in Bounded Arboricity Graphs — Unresolved-question passage on page 16	Massively Parallel Correlation Clustering in Bounded Arboricity Graphs
TCS-5763	Moving Participants Turtle Consensus — Explicit open question on PDF page 2	Moving Participants Turtle Consensus
TCS-5764	Distributed Signaling Games — Unresolved-question passage on page 15	Distributed Signaling Games
TCS-5795	Streaming Complexity of Spanning Tree Computation — Explicit open question on PDF page 1	Streaming Complexity of Spanning Tree Computation
TCS-5796	Top-k Frequent Patterns in Streams and Parameterized-Space LZ Compression — Explicit open question on PDF page 8	Top-k Frequent Patterns in Streams and Parameterized-Space LZ Compression
TCS-5803	Message Complexity of Population Protocols — Unresolved-question passage on page 16	Message Complexity of Population Protocols
TCS-5836	Parallel Joinable B-Trees in the Fork-Join I/O Model — Explicit open question on PDF page 1	Parallel Joinable B-Trees in the Fork-Join I/O Model
TCS-5855	A Wealth of Sub-Consensus Deterministic Objects — Explicit open question on PDF page 15	A Wealth of Sub-Consensus Deterministic Objects
TCS-5856	Distributed Set Cover Approximation: Primal-Dual with Optimal Locality — Explicit open question on PDF page 3	Distributed Set Cover Approximation: Primal-Dual with Optimal Locality
TCS-5893	Finding Monotone Patterns in Sublinear Time, Adaptively — Explicit open question on PDF page 12	Finding Monotone Patterns in Sublinear Time, Adaptively
TCS-5900	On the Weighted Quartet Consensus Problem — Unresolved-question passage on page 12	On the Weighted Quartet Consensus Problem
TCS-5937	Fast Distributed Approximation for TAP and 2-Edge-Connectivity — Unresolved-question passage on page 15	Fast Distributed Approximation for TAP and 2-Edge-Connectivity
TCS-5938	Constant-Space Population Protocols for Uniform Bipartition — Unresolved-question passage on page 15	Constant-Space Population Protocols for Uniform Bipartition
TCS-5939	A Time and Space Optimal Stable Population Protocol Solving Exact Majority — Unresolved-question passage on page 11	A Time and Space Optimal Stable Population Protocol Solving Exact Majority
TCS-6010	Streaming Coreset Constructions for M-Estimators — Explicit open question on PDF page 3	Streaming Coreset Constructions for M-Estimators
TCS-6022	Sampling Arborescences in Parallel — Unresolved-question passage on page 17	Sampling Arborescences in Parallel
TCS-6045	Near-Linear Algorithms for Visibility Graphs over a 1.5-Dimensional Terrain — Explicit open question on PDF page 2	Near-Linear Algorithms for Visibility Graphs over a 1.5-Dimensional Terrain
TCS-6046	Characterizing Asynchronous Message-Passing Models Through Rounds — Unresolved-question passage on page 16	Characterizing Asynchronous Message-Passing Models Through Rounds
TCS-6079	Distributed Shuffling in Adversarial Environments — Explicit open question on PDF page 3	Distributed Shuffling in Adversarial Environments
TCS-6080	Quadratic and Near-Quadratic Lower Bounds for the CONGEST Model — Unresolved-question passage on page 12	Quadratic and Near-Quadratic Lower Bounds for the CONGEST Model
TCS-6081	Silent Programmable Matter: Coating — Explicit open question on PDF page 6	Silent Programmable Matter: Coating
TCS-6100	Efficient Algorithms for the Bottleneck Path Problem in Geometric Graphs — Explicit open question on PDF page 2	Efficient Algorithms for the Bottleneck Path Problem in Geometric Graphs
TCS-6121	Impossibility of Sketching of the 3D Transportation Metric with Quadratic Cost — Unresolved-question passage on page 11	Impossibility of Sketching of the 3D Transportation Metric with Quadratic Cost
TCS-6124	Shared Randomness Helps with Local Distributed Problems — Explicit open question on PDF page 5	Shared Randomness Helps with Local Distributed Problems
TCS-6125	Locally Checkable Labelings with Small Messages — Explicit open question on PDF page 4	Locally Checkable Labelings with Small Messages
TCS-6126	BFS and Reverse Shortest Paths for Ball Intersection Graphs in Three and Higher Dimensions — Explicit open question on PDF page 3	BFS and Reverse Shortest Paths for Ball Intersection Graphs in Three and Higher Dimensions
TCS-6146	BFT Consensus: From Academic Paper to Mainnet (Invited Talk) — Explicit open question on PDF page 1	BFT Consensus: From Academic Paper to Mainnet (Invited Talk)
TCS-6173	A Local-To-Global Theorem for Congested Shortest Paths — Explicit open question on PDF page 5	A Local-To-Global Theorem for Congested Shortest Paths
TCS-6174	One Step Forward, One Step Back: FLP-Style Proofs and the Round-Reduction Technique for Colorless Tasks — Unresolved-question passage on page 16	One Step Forward, One Step Back: FLP-Style Proofs and the Round-Reduction Technique for Colorless Tasks
TCS-6205	Efficient Black-Box Reductions for Separable Cost Sharing — Explicit open question on PDF page 4	Efficient Black-Box Reductions for Separable Cost Sharing
TCS-6206	Detecting Cliques in CONGEST Networks — Explicit open question on PDF page 4	Detecting Cliques in CONGEST Networks
TCS-6207	Memoryless Worker-Task Assignment with Polylogarithmic Switching Cost — Explicit open question on PDF page 5	Memoryless Worker-Task Assignment with Polylogarithmic Switching Cost
TCS-6215	Forming Large Patterns with Local Robots in the OBLOT Model — Explicit open question on PDF page 2	Forming Large Patterns with Local Robots in the OBLOT Model
TCS-6227	Singularly Near Optimal Leader Election in Asynchronous Networks — Explicit open question on PDF page 7	Singularly Near Optimal Leader Election in Asynchronous Networks
TCS-6241	Set-Consensus Collections are Decidable — Explicit open question on PDF page 3	Set-Consensus Collections are Decidable
TCS-6242	A Relaxation of the Directed Disjoint Paths Problem: A Global Congestion Metric Helps — Explicit open question on PDF page 2	A Relaxation of the Directed Disjoint Paths Problem: A Global Congestion Metric Helps
TCS-6262	On the Streaming Complexity of Expander Decomposition — Explicit open question on PDF page 4	On the Streaming Complexity of Expander Decomposition
TCS-6287	Global and Local Information in Clustering Labeled Block Models — Explicit open question on PDF page 5	Global and Local Information in Clustering Labeled Block Models
TCS-6297	Kernelizing the Hitting Set Problem in Linear Sequential and Constant Parallel Time — Unresolved-question passage on page 14	Kernelizing the Hitting Set Problem in Linear Sequential and Constant Parallel Time
TCS-6307	Byzantine Gathering in Polynomial Time — Unresolved-question passage on page 11	Byzantine Gathering in Polynomial Time
TCS-6324	Hardness of Computing and Approximating Predicates and Functions with Leaderless Population Protocols — Unresolved-question passage on page 12	Hardness of Computing and Approximating Predicates and Functions with Leaderless Population Protocols
TCS-6362	Round-Competitive Algorithms for Uncertainty Problems with Parallel Queries — Unresolved-question passage on page 11	Round-Competitive Algorithms for Uncertainty Problems with Parallel Queries
TCS-6380	A Simple Parallel Algorithm for Natural Joins on Binary Relations — Explicit open question on PDF page 3	A Simple Parallel Algorithm for Natural Joins on Binary Relations
TCS-6424	Fast Coloring Despite Congested Relays — Explicit open question on PDF page 3	Fast Coloring Despite Congested Relays
TCS-6487	Spectral Guarantees for Adversarial Streaming PCA — Unresolved-question passage on page 3	Spectral Guarantees for Adversarial Streaming PCA