key	score	criterion	question	importance
qltc	96	construction	Do quantum locally testable codes exist with constant locality and soundness, constant rate, and constant relative distance?	Would connect efficient quantum error correction with robust local testing and the quantum PCP program.
area-law	97	resources	Does the unique ground state of every uniformly gapped local Hamiltonian on a two-dimensional lattice, with fixed local dimension and uniformly bounded interactions, obey an entanglement area law?	A fundamental boundary on quantum-state complexity and the representations used in numerical simulation.
memory3d	96	construction	Can a geometrically local three-dimensional system with bounded interactions passively store a qubit at a fixed positive temperature for a lifetime diverging with system size, without forbidding otherwise local errors?	Asks whether quantum information can have the passive thermal stability available to classical memories.
npt	96	characterization	Does there exist a bipartite quantum state with nonpositive partial transpose from which entanglement cannot be distilled by local operations and classical communication, even using arbitrarily many copies?	Would settle a basic boundary between the presence of entanglement and its usability as a resource.
depolarizing	96	tightness	What is the unassisted asymptotic quantum capacity of the qubit depolarizing channel, as a function of its noise parameter?	The unresolved capacity of a canonical model of quantum noise is central to quantum information theory.
capacity-computable	95	decision	Is there an algorithm that, given an effective description of any finite-dimensional memoryless quantum channel and a positive accuracy parameter epsilon, approximates its unassisted quantum capacity to additive error at most epsilon?	Asks whether a fundamental communication capacity can be determined algorithmically at all.
dihedral	94	resources	Is there a quantum algorithm for the dihedral hidden subgroup problem, with oracle access to a hiding function, whose running time is polynomial in the logarithm of the group size?	A central challenge for quantum algorithms beyond the abelian setting, connected with lattice problems.
quantum-gi	94	resources	Can isomorphism of arbitrary finite graphs be decided by a bounded-error polynomial-time quantum algorithm?	A canonical target for quantum speedups beyond the problems solved by Shor's algorithm.
kls	98	tightness	Is the Poincare constant of every isotropic log-concave probability measure bounded by a universal constant independent of dimension?	A central conjecture in high-dimensional geometry, with consequences for sampling and optimization.
lang-plaut	94	construction	Does every doubling subset of a Hilbert space admit a bi-Lipschitz embedding into a finite-dimensional Euclidean space, with dimension and distortion depending only on the doubling constant?	Asks whether intrinsic metric dimension permits Euclidean dimension reduction.
gnrs	95	construction	For every fixed graph H, do shortest-path metrics of weighted H-minor-free graphs embed into l_1 with distortion bounded by a constant depending only on H?	Links metric structure to the fundamental gap between multicommodity flow and sparsest cut.
weak-nets	93	tightness	For each fixed dimension d, what is the asymptotic minimum worst-case size, as a function of epsilon, of a weak epsilon-net for a finite point set in R^d with respect to all convex ranges?	A foundational geometric sampling problem with a substantial unresolved gap already in the plane.
steiner-removal	92	construction	Does every weighted graph with designated terminals have a suitably reweighted minor on exactly those terminals whose terminal distances lie between the original distances and a universal constant times those distances?	Asks how far network and metric representations can be compressed while preserving distances.
unknot	95	decision	Can one decide in time polynomial in the length of a knot diagram whether the represented knot is the unknot?	One of the basic computational problems of topology; certificates of triviality do not yet give a polynomial-time algorithm.
earthmover-l1	92	tightness	What is the optimal bi-Lipschitz distortion for embedding the earthmover metric on probability measures on an n by n planar grid into l_1?	Determines a basic limit on representing transport distances and image similarity by simpler metrics.
p-pspace	100	models	Is P equal to PSPACE?	A defining question about the relative power of polynomial time and polynomial working space.
l-p	98	models	Can every problem decidable in polynomial time be decided with logarithmic working space; equivalently, is L equal to P?	A canonical boundary on the amount of memory needed for efficient computation.
ph	99	models	Is the polynomial hierarchy strict at every finite level?	Asks whether each further alternation of existential and universal quantification increases computational power.
nl-ul	95	models	Is every nondeterministic logarithmic-space language decidable by a logarithmic-space nondeterministic machine with at most one accepting computation on each input?	A basic question about unambiguous witnesses and path isolation with very little memory.
berman-hartmanis	96	characterization	Are all languages complete for NP under polynomial-time many-one reductions isomorphic under bijections computable and invertible in polynomial time?	The classical conjecture that NP-complete languages share a single efficiently recognizable structure.
tc0-nc1	97	models	Is nonuniform NC^1 contained in nonuniform TC^0, or is there an NC^1 function family requiring superpolynomial-size constant-depth threshold circuits?	A central unresolved barrier in explicit lower bounds for circuits with majority or threshold gates.
mst-linear	96	resources	Is there a deterministic O(m+n)-time minimum spanning tree algorithm in the comparison model for arbitrary real edge weights?	The remaining basic gap between deterministic and randomized algorithms for a central graph problem.
integer-sort	96	resources	Can n integers occupying one w-bit word each be sorted on a standard word RAM in expected O(n) time for every word length w at least log n?	A basic limit on using word-level operations to accelerate one of the most important algorithmic primitives.
general-matching	96	resources	Can an exact maximum-cardinality matching in an arbitrary undirected graph be found in m^(1+o(1)) time, where m is the number of edges and isolated vertices may be discarded?	A major remaining boundary in fast algorithms for basic combinatorial optimization.
triangle-linear	95	resources	Can triangle existence in an arbitrary undirected graph be decided in O(m+n) time, or at least in (m+n)^(1+o(1)) time?	A fundamental limit on fast graph computation and an important reference problem for fine-grained complexity.
static-cellprobe	96	resources	Can one prove a superlogarithmic worst-case cell-probe lower bound for an explicit static data-structure problem with O(log n)-bit queries, O(log n)-bit memory words, and n polylog n space?	One of the central unbroken barriers in unconditional data-structure lower bounds.
sample-compression	97	construction	Does every binary concept class of VC dimension d admit a sample compression scheme of size O(d), independently of the number of labeled examples?	Asks whether statistical learning complexity is exactly reflected in the amount of information needed to compress a sample.
lpn	96	resources	Can an unknown parity of n bits be learned in polynomial time from uniformly random examples whose labels are independently flipped with a fixed probability eta strictly between zero and one half?	A canonical boundary in computational learning and the foundation of a broad family of cryptographic assumptions.
juntas	95	resources	Can every Boolean k-junta on n variables be learned from uniform random labeled examples in time polynomial in n, 2^k, and 1/epsilon, with error at most epsilon and constant success probability?	The basic task of identifying a small set of relevant variables without restricting the target function on them.
two-halfspaces	92	resources	Is there an improper distribution-independent PAC learning algorithm for intersections of two gamma-margin halfspaces over the unit ball, with running time polynomial in dimension, 1/gamma, and 1/epsilon, at constant confidence?	One of the simplest nonlinear concept classes whose efficient distribution-independent learnability remains unresolved.
owf-pke	98	assumptions	Does the existence of cryptographic one-way functions imply the existence of secure public-key encryption, allowing general non-black-box constructions?	The fundamental boundary between private-key and public-key cryptography.
owf-owp	95	assumptions	Does the existence of cryptographic one-way functions imply the existence of cryptographic one-way permutations?	Asks whether requiring invertible structure adds fundamentally stronger cryptographic assumptions.
owf-crh	96	assumptions	Does the existence of one-way functions imply the existence of collision-resistant hash families, without restricting the construction to be black-box?	Would determine the minimal assumptions for a basic tool in authentication and cryptographic commitments.
cpa-cca	95	assumptions	Does the existence of IND-CPA-secure public-key encryption imply the existence of IND-CCA2-secure public-key encryption without any additional assumption?	Asks whether protection against active decryption attacks requires stronger assumptions than passive secrecy.
pke-ot	97	assumptions	Does the existence of public-key encryption imply the existence of oblivious transfer, allowing general non-black-box constructions?	Asks whether basic public-key secrecy suffices for general secure two-party computation.
io-lwe	97	assumptions	Can indistinguishability obfuscation for all polynomial-size circuits be constructed from the standard Learning With Errors assumption alone?	Would base a powerful general cryptographic primitive on a single widely studied assumption.
fhe-no-circular	95	assumptions	Can compact fully homomorphic encryption for arbitrary polynomial evaluation depth, not fixed at key generation, be constructed from standard LWE alone without an additional circular-security or key-dependent-message assumption?	A basic gap between leveled homomorphic encryption and unrestricted efficient encrypted computation under standard assumptions.
nizk-owf	95	assumptions	Do one-way functions suffice to construct non-interactive zero-knowledge arguments for every NP language in the standard common-reference-string model?	Would identify the minimal assumptions needed to remove interaction from zero-knowledge arguments.
p-nc	99	models	Can every polynomial-time decision problem be solved by a uniform polynomial-size circuit family of polylogarithmic depth; equivalently, is P equal to NC?	The central question of whether efficient computation can be inherently sequential.
distributed-lll	94	resources	Can the distributed Lovasz Local Lemma, with constant dependency degree and sufficiently strong constant polynomial slack, be solved with high probability in O(log log n) worst-case rounds in the LOCAL model?	A canonical obstacle to resolving local conflicts rapidly, with consequences for many distributed graph algorithms.
congest-sssp	94	resources	Can exact single-source distances in a connected n-vertex undirected graph with nonnegative polynomially bounded integer weights and hop diameter D be computed with high probability in O-tilde(sqrt(n)+D) rounds in CONGEST?	A basic distributed graph primitive with an unresolved gap between algorithms and communication lower bounds.
stream-reachability	95	resources	Can directed s-t reachability in an adversarial-order edge stream be decided with O(n polylog n) bits of memory and a polylogarithmic number of passes?	A fundamental limit on processing large directed graphs with restricted memory.
clique-lower	94	resources	Is there an explicit graph decision problem, centrally solvable in polynomial time and requiring one output bit, that needs omega(1) communication rounds in the deterministic unicast congested-clique model?	A central unbroken barrier in unconditional lower bounds for a powerful distributed model.
cerny	98	tightness	Does every synchronizing deterministic finite automaton with n states have a reset word of length at most (n-1)^2?	One of the best-known longstanding conjectures in finite automata theory.
star-height	96	characterization	Is there a regular language that cannot be described by a regular expression allowing complementation and at most one level of nested Kleene stars?	A basic unresolved question about the expressive power of regular expressions with Boolean operations.
sakoda-sipser	97	resources	Can every two-way nondeterministic finite automaton be simulated by a two-way deterministic finite automaton with only polynomially many states?	The principal state-complexity question about the power of nondeterminism with two-way input access.
concat-hierarchy	95	decision	Is membership decidable at every fixed level of the dot-depth, or first-order quantifier-alternation, hierarchy of regular languages?	Asks whether the logical and algebraic complexity of regular languages can be effectively measured throughout a natural hierarchy.
word-length	97	decision	Is satisfiability of systems of word equations together with linear arithmetic constraints on the lengths of variables decidable?	A fundamental gap in string theories with direct consequences for SMT solving and program verification.
macro-transducer	95	decision	Is equivalence decidable for general deterministic macro tree transducers?	A central equivalence problem for an expressive but structured model of tree-transforming programs.
fo-trees	94	decision	Given a finite tree automaton, can one decide whether its language of finite ordered labeled trees is first-order definable using the standard tree and sibling-order relations, including the descendant relation?	The tree analogue of effective first-order definability for regular word languages.
positivity	97	decision	Given an integer linear recurrence sequence of arbitrary order, can one decide whether all of its terms are nonnegative?	A foundational decision problem for linear dynamics and safety verification of numerical programs.
continuous-skolem	96	decision	Given rational matrices and vectors A, b, and c, can one decide whether c-transpose exp(At)b equals zero for some real t at least zero?	A central reachability question for continuous linear systems and their verification.
ssg	97	resources	Can one decide in polynomial time whether the optimal target-reachability probability in a simple stochastic game exceeds a given rational threshold?	A canonical boundary in efficient synthesis when adversarial choices and randomness interact.
mean-payoff	97	resources	Can the winner of a two-player integer-weighted mean-payoff game be determined in time polynomial in the bit length of the input?	A central question in quantitative verification and long-run control; pseudopolynomial time does not meet this target.
semisimplicial	95	construction	Can the type of semisimplicial types in all dimensions, with the required infinite coherence, be defined internally in ordinary homotopy type theory without adding a second layer of strict equality?	A basic obstacle to internal higher-category constructions and formalization of homotopical mathematics.
scott-lambda	94	construction	Is there a model of the untyped lambda calculus in Scott's continuous semantics whose equality of terms is exactly beta-convertibility?	The classical completeness question of whether denotational semantics can capture exactly the syntactic equality of a basic programming model.
h10q	99	decision	Is there an algorithm deciding whether an integer-coefficient polynomial in an arbitrary finite number of variables has a rational zero?	One of the central open boundaries of decidability in arithmetic.
poly-simplex	97	resources	Is there a simplex pivot rule that solves every rational linear program with a number of bit operations polynomial in the input length?	Would explain whether the simplex method's practical success admits a general polynomial-time guarantee.
poly-hirsch	95	tightness	Is the diameter of the vertex-edge graph of every d-dimensional polyhedron with n facets bounded by a polynomial in n and d?	A fundamental structural question about short paths between feasible bases in linear programming.
exact-sdp	97	decision	In the Turing model, can one decide in polynomial time whether a rationally specified affine subspace of symmetric matrices contains a positive semidefinite matrix?	A basic unresolved computational boundary of semidefinite optimization, including degenerate and weakly infeasible instances.
det-k-server	97	tightness	For every metric space, is there a deterministic k-competitive algorithm for the k-server problem?	One of the central longstanding conjectures in online optimization.
body-chasing	94	tightness	What is the optimal deterministic competitive ratio for convex body chasing in d-dimensional Euclidean space, closing the gap between the order-sqrt(d) lower bound and the order-d upper bound?	A canonical geometric model of online optimization with movement costs.
bco	94	tightness	What is the optimal minimax regret, as a function of dimension d and horizon T, for adversarial bandit convex optimization with one function-value observation per round under the standard bounded-domain and bounded-loss normalization?	Determines the price of limited feedback in a basic model of online convex optimization.
smale7	94	construction	Can one construct N points on the unit sphere in time polynomial in N whose logarithmic energy exceeds the global minimum by at most C log N for a universal constant C?	Smale's seventh problem asks for efficient construction of globally near-optimal configurations.
crouzeix	95	tightness	For every complex square matrix A and polynomial p, is the spectral norm of p(A) at most twice the maximum of |p(z)| over the numerical range W(A)?	A foundational question in matrix functional calculus with consequences for numerical matrix algorithms.
classical-quantum-verification	97	models	Does every BQP computation admit an interactive proof with a classical polynomial-time verifier, one efficient quantum honest prover, and soundness against an unbounded cheating prover, without cryptographic assumptions?	Asks whether quantum computation can be trusted solely through classically checked communication.
mansour	95	characterization	For every epsilon in (0,1/2], is the Fourier spectrum of every s-term DNF epsilon-concentrated on at most s raised to O(log(1/epsilon)) coefficients?	A central conjecture on the spectral structure of learnable functions, with consequences for agnostic DNF learning with queries.
hors-equivalence	95	decision	Is it decidable whether two deterministic higher-order recursion schemes generate the same potentially infinite labeled tree?	A major boundary in equivalence of higher-order recursive programs, connected to deterministic collapsible pushdown automata.
bgk	94	characterization	Is every weakly normalizing pure type system also strongly normalizing?	Asks whether the existence of a terminating reduction for every typable term forces every reduction of every such term to terminate.
li-li-network-coding	96	models	In every undirected capacitated network with independent multiple-unicast demands, is every asymptotically achievable network-coding rate vector also achievable by fractional multicommodity routing? Each edge's capacity is shared between both directions; coding may combine messages at intermediate nodes.	A basic question about whether computation inside a communication network increases its capacity, also connected with computational lower bounds.
general-sparse-linear-systems	97	resources	Can an arbitrary nonsingular sparse system Ax=b with n variables and m nonzero coefficients be solved to relative residual at most epsilon in m polylog(n kappa/epsilon) time, where kappa is its condition number? The target includes O(log n)-bit rational inputs, polynomial kappa, inverse-polynomial epsilon, finite-precision costs, and an explicit output vector.	A central complexity boundary in numerical linear algebra, with broad consequences for optimization and scientific computation.
deterministic-static-dictionary	94	construction	Can a static dictionary on n distinct integer keys be constructed deterministically in O(n) time, using O(n) words and supporting membership and associated-data queries in O(1) worst-case time? Use the standard word RAM with w=Theta(log n), arithmetic including multiplication, and bit operations; all preprocessing is charged.	The classical question of whether randomness is necessary for optimal construction of a basic data structure.
