TCS-0008	Linear Programming: Strongly Polynomial?	The Open Problems Project
TCS-0054	Tensor Decompositions: Algorithms up to the Uniqueness Threshold?	COLT / PMLR
TCS-0711	Model Selection for Contextual Bandits	COLT / PMLR
TCS-0724	The Oracle Complexity of Convex Optimization with Limited Memory	COLT / PMLR
TCS-0715	Efficient Online Sparse Regression	COLT / PMLR
TCS-0728	The Oracle Complexity of Smooth Convex Optimization in Nonstandard Settings	COLT / PMLR
TCS-0046	Complexity of solving tropical or min-plus linear systems	Complexity of Symbolic and Numerical Problems
TCS-0708	Order Optimal Regret Bounds for Kernel-Based Reinforcement Learning	COLT / PMLR
TCS-0047	Complexity of testing membership to Kronecker polytopes	Complexity of Symbolic and Numerical Problems
TCS-0709	Finite-Time Instance Dependent Optimality for Stochastic Online Learning with Feedback Graphs	COLT / PMLR
TCS-0722	Polynomial linearly-convergent method for g-convex optimization?	COLT / PMLR
TCS-0701	Regret Minimization in Heavy-Tailed Bandits with Unknown Distributional Parameters	COLT / PMLR
TCS-0700	Hardness of Correlated Prophet Inequality	Approximation Algorithms for Stochastic Optimization
TCS-0702	Revisiting the free-order prophet for one-dimensional parameter classes of distributions	Online Algorithms beyond Competitive Analysis
TCS-0719	Anytime Convergence Rate of Gradient Descent	COLT / PMLR
TCS-0720	Black-Box Reductions and Adaptive Gradient Methods for Nonconvex Optimization	COLT / PMLR
TCS-0038	How much overparametrization is needed for ALS in tensor decomposition?	COLT / PMLR
TCS-0727	The landscape of the loss surfaces of multilayer networks	COLT / PMLR
TCS-0725	Second-order cone representability of semialgebraic convex hulls	Designing and Implementing Algorithms for Mixed-Integer Nonlinear Optimization
TCS-0710	Regret Bounds for Noise-Free Kernel-Based Bandits	COLT / PMLR
TCS-0713	Second order regret bounds based on scaling time	COLT / PMLR
TCS-0717	Shifting Experts on Easy Data	COLT / PMLR
TCS-0048	Conjecture: Log-concavity of conic intrinsic volumes	Complexity of Symbolic and Numerical Problems
TCS-0049	Cylindrical decomposition with topologically regular cells	Complexity of Symbolic and Numerical Problems
TCS-0050	Determinantal Witnesses and Matchings	Complexity of Symbolic and Numerical Problems
TCS-0051	Explicit dispersers for large quadratic-system solution sets	Complexity of Symbolic and Numerical Problems
TCS-0052	Lower bounds for sums of powers of degree 1 univariate polynomials	Complexity of Symbolic and Numerical Problems
TCS-0053	Sign-representation	Complexity of Symbolic and Numerical Problems
TCS-0643	Low discrepancy sets in 2D	Algorithms and Complexity for Continuous Problems
TCS-0645	Standard information versus linear information for Lp -approximation	Algorithms and Complexity for Continuous Problems
TCS-0721	Convergence of single-timescale mean-field Langevin descent-ascent for two-player zero-sum games	COLT / PMLR
TCS-0726	Restricted Eigenvalue Condition for Heavy Tailed Designs	COLT / PMLR
TCS-0703	Searching on a path with predictions	Approximation Algorithms for Stochastic Optimization
TCS-0705	Stochastic Bin Packing with Overflow	Approximation Algorithms for Stochastic Optimization
TCS-0706	Stochastic Combinatorial Optimization under a Budget Constraint in Expectation	Approximation Algorithms for Stochastic Optimization
TCS-0707	The deliberate idleness problem	Approximation Algorithms for Stochastic Optimization
TCS-0712	Risk of Ruin in Multiarmed Bandits	COLT / PMLR
TCS-0714	Online Sabotaged Shortest Path	COLT / PMLR
TCS-0716	Online Local Learning	COLT / PMLR
TCS-0642	4-regular graphs from the van der Corput sequence	Algorithms and Complexity for Continuous Problems
TCS-0644	On a problem of classes of optimal information	Algorithms and Complexity for Continuous Problems
TCS-0704	Sequencing replicated jobs on parallel machines to maximize the probability of a full kit	Approximation Algorithms for Stochastic Optimization
TCS-0718	Online Optimization of Piecewise-Lipschitz Functions with Applications to Data-Driven Algorithm Design	COLT / PMLR
TCS-0723	A problem where CMA-ES performs poorly	Theory of Randomized Optimization Heuristics
TCS-1175	Is there a super-polynomial lower bound on the running time of index-based pivot rules when at least Ω(n/ log n) memory states are available?	Lower Bounds for Ranking-Based Pivot Rules
TCS-1210	Closing the gap between Theorems 3 and 5 and the oblivious setting for online algorithms remains open.	On the Adversarial Robustness of Online Importance Sampling
TCS-1218	We leave it an open question if there exists an algorithm that is optimal both in the stochastic case and the adversarial case simultaneously.	Optimal Stochastic Online Sorting
TCS-1219	There exists an integral 3/2-competitive algorithm for incremental vertex cover on forests.	Online and Incremental Fractional Vertex Cover on Trees
TCS-1221	It remains an open question to obtain a dynamic base packing algorithm that updates independent of the packing number.	Dynamic Matroids: Base Packing and Covering
TCS-1241	Indeed, improving on the competitive ratio of O(log n) [24, 14], even with unlimited space usage, remains open.	Online Metric TSP: Beyond the √n Barrier
TCS-1248	We conjecture that one can prove the similar theorem for N = Ω(Poly(M )), which we leave as an intriguing technical open problem.	Online Matroid Embeddings
TCS-1249	The boundary case dmax = cmin remains open, both for routing in rounds and for maximizing routable demand.	Unsplittable Transshipments
TCS-1267	5 Open Problem We conjecture that Greedy has a constant competitive ratio, possibly 2, for online packet routing even when packet lengths are unbounded.	Forwarding Packets Greedily on the Line
TCS-1306	Extending such techniques to the CDB setting could improve regret bounds, but remains an open challenge.	Recycling History: Efficient Recommendations from Contextual Dueling Bandits
TCS-1308	More specifically, we conjecture that the oblivious adversary used in Ito (2024) achieves the desired lower bound even against an improper learner.	A Tight Lower Bound for Non-stochastic Multi-armed Bandits with Expert Advice
TCS-1312	What can we say about LCIS for many graphs?	Optimal Hardness of Online Algorithms for Large Common Induced Subgraphs
TCS-1313	We conjecture that inflating the posterior variance by a factor of log k could remove the k ∗ term.	Avoiding exp($k^*$) Scaling for Thompson Sampling in Combinatorial Semi-Bandits: From Multiple Seeds to a Single Seed
TCS-1319	We conjecture that choosing the next iterate to be the minimizer along the trajectory converges at a strictly better rate than other aggregation schemes.	Accelerated Convex Optimization via Hamiltonian Dynamics with Deterministic Integration Time
TCS-1333	However, since H is bipartite, to prove that the closed interval game is PSPACE-complete in cobipartite graphs, we would need to show that the optimization […]	The Closed Hull Game and the Closed Interval Game
TCS-1351	Moreover, developing techniques to break the symmetries inherent in PEO-based treewidth formulations still remains an open problem, and progress on it could substantially improve the […]	K-Hole Separation in PEO‑Based ILP Treewidth Formulation
TCS-1362	On the other hand, one question we leave open for future work is under what conditions we can efficiently solve the bilinear saddle-point problem in […]	Swap Regret Minimization Through Response-Based Approachability
TCS-1367	First, while LightONS adapts to gradient norms, achieving adaptivity to gradient variation for OXO within O(d e 2 T ) runtime remains an open challenge […]	A simple, optimal and efficient algorithm for online exp-concave optimization
TCS-1394	Whether this rate is tight for F TPL introduced by any perturbation scheme remains an open question.	Self-Concordant Perturbations for Linear Bandits
TCS-1395	This is likely an artifact of our block-based approach, and we leave closing this gap as an open problem.	Near-Optimal Regret for Distributed Adversarial Bandits: A Black-Box Approach
TCS-1398	Finally, are there other interesting delay objectives?	Online TCP Acknowledgment Under General Delays
TCS-1416	Does there exist an algorithm for adversarial order that achieves a constant competitive ratio with O(min{ln ln M, lnnn }) choices in expectation?	Multi Choice Min Prophet
TCS-1477	What if no natural simulator for P ⋆ is available?	Learning with Simulators: No Regret in a Computationally Bounded World
TCS-1488	Moreover, to the best of our knowledge, it is still unknown whether the optimization version of the Torus Puzzle (that asks to return the shortest […]	An Almost-Optimal Upper Bound on the Push Number of the Torus Puzzle
TCS-1507	This choice is suited to the particular structure of our problem, and we do not know if a more standard implementation of FTPL could achieve […]	Online Market Making and the Value of Observing the Order Book
TCS-1508	In summary, this example reveals that nontrivial regret bound of O using worst-case quantities such as SEC to characterize DOEC may not be adequate, and […]	Taming the Monster Every Context: Complexity Measure and Unified Framework for Offline-Oracle Efficient Contextual Bandits
TCS-1512	A central open question remains: can we design size-independent sparsifiers for general integer linear programs, with degree depending only on 1/p, 1/ϵ, and intrinsic structural […]	Near-Optimal Sparsifiers for Stochastic Knapsack and Assignment Problems
TCS-1529	While our work establishes promising results, our initial motivating question is still wide open: does there exist an online forecasting algorithm which achieves the optimal […]	Toward Simultaneously Optimal Regret in U-Calibration
TCS-1560	Then, if at least one such basis exists, for any basis A of M , is there a basis B of M with ψt (B) […]	Towards the Proximity Conjecture on Group-Labeled Matroids
TCS-1634	There is a deterministic algorithm for the time-optimal k-server problem with a competitive ratio of 2k − 1 on general metric spaces.	Time-Optimal k-Server
TCS-1691	Similarly, finding an algorithm with logarithmic gradual variation measured in VT and bounded worst case regret remains open problem.	Data Dependent Regret Bounds for Online Portfolio Selection with Predicted Returns
TCS-1696	Removing the dependence on κ in the regret bounds of separation-oracle-based algorithms—or at least reducing it to logarithmic factors—remains an open and important challenge.	Online Convex Optimization with a Separation Oracle
TCS-1697	We leave open the question of whether an algorithm can be developed that is computationally efficient without relying on a computational oracle.	Sample and Oracle Efficient Reinforcement Learning for MDPs with Linearly-Realizable Value Functions
TCS-1698	Developing an algorithm for the case of a bounded variance oracle remains an open direction for future work.	New Lower Bounds for Non-Convex Stochastic Optimization through Divergence Decomposition
TCS-1721	C̃λℓ−1 ) used in C̃λℓ are tℓ−1 (resp. t̃ℓ−1 ) time units apart, no requests from previous copies remain open at the start of any […]	A Tight Lower Bound for Online Service with Deadlines and Lazy Server
TCS-1725	We conjecture that if P is a one-parameter family of polyhedra and P ([λ, σP (λ)]) cannot be hit by a single point, then the […]	Hitting and Covering Affine Families of Convex Polyhedra, with Applications to Robust Optimization
TCS-1741	A Lower Bound for Problems with Soft Sparsity Constraint It remains an open question whether the BOBW bounds in Theorem 3 are tight under the […]	Data-dependent Bounds with $T$-Optimal Best-of-Both-Worlds Guarantees in Multi-Armed Bandits using Stability-Penalty Matching
TCS-1750	To the best of our knowledge, the generic semistability problem remains open for general acyclic quivers.	Algorithmic Aspects of Semistability of Quiver Representations
TCS-1766	It is an open question if our bounds could be improved for cases where the difference is small.	Non-stochastic Bandits With Evolving Observations
TCS-1810	Is it possible to achieve polylogarithmic competitive ratio without knowledge of f (N )?	Online Disjoint Spanning Trees and Polymatroid Bases
TCS-1844	Is there a Õ(W nω )-time algorithm for Shortest Disjoint S-Paths?	Faster Algorithms on Linear Delta-Matroids
TCS-1884	While our upper and lower bounds match to within at most logarithmic factors under mild conditions, we leave it open as to (i) whether the […]	Quantile Multi-Armed Bandits with 1-bit Feedback
TCS-1887	Although tight lower bounds have been proved for first-order minimax optimization (Ouyang and Xu, 2021; Xie et al., 2020; Zhang et al., 2022; Li et […]	Solving Convex-Concave Problems with $\mathcal{O}(\epsilon^{-4/7})$ Second-Order Oracle Complexity
TCS-1891	Of course, it is possible that there is a method for computing the optimal regularizer that sidesteps the need to be able to verify the […]	Computing Optimal Regularizers for Online Linear Optimization
TCS-1892	Third, it remains an open question whether one can design an objective that is amenable to optimization while matching the statistical rate of our offline […]	Improved Offline Contextual Bandits with Second-Order Bounds: Betting and Freezing
TCS-1919	This opens the interesting question of their tractability: under suitable assumptions, is the ll-FBA with enzyme constraints hard?	Mixed-Integer Optimization for Loopless Flux Distributions in Metabolic Networks
TCS-2013	Fully PTAS on broader matroid classes, such as graphical matroids or linear matroids, remains open.	Lower Bounds for Matroid Optimization Problems with a Linear Constraint
TCS-2025	Does there exist O(1)-RoE algorithm still?	Online Multi-Level Aggregation with Delays and Stochastic Arrivals
TCS-2032	We conjecture that there exists a polynomial-time deterministic strategy achieving constant competitive ratio on graphs with edge (s, t)-cuts of bounded size.	The Canadian Traveller Problem on Outerplanar Graphs
TCS-2048	It is conceivable that o 1ε -competitive algorithms are possible for m ≥ 2 identical machines, which we leave as an interesting open problem.	O(1/ε) Is the Answer in Online Weighted Throughput Maximization
TCS-2052	But we do not know if the table size during the dynamic program on the treedepth decomposition permits an improved run time analysis.	Solving a Family Of Multivariate Optimization and Decision Problems on Classes of Bounded Expansion
TCS-2066	However, it remains open to establish the necessity of the horizon factors.	Mitigating Covariate Shift in Misspecified Regression with Applications to Reinforcement Learning
TCS-2074	We leave it as an open problem to investigate whether or not a large stepsize benefits SGD.	Large Stepsize Gradient Descent for Logistic Loss: Non-Monotonicity of the Loss Improves Optimization Efficiency
TCS-2086	We do not know any non-trivial bounds on the competitive ratio of WkS-SPC and it is not even clear whether it is easier or harder […]	A Decomposition Approach to the Weighted k-Server Problem
TCS-2087	If there is an instance that is non-strictly competitive for Single Piece Lineclear Maximization even if the online player is granted some lookahead remains an […]	Tetris Is Not Competitive
TCS-2099	A minor optimisation is to leave their assignments open, and only fix them once we see a resolution step where the other premise has a […]	Strategy Extraction by Interpolation
TCS-2100	It should be noted that whether generalized self-concordance holds for the logarithm of the trace inverse (potentially limited to a subset of its domain) is […]	Solving the Optimal Experiment Design Problem with Mixed-Integer Convex Methods
TCS-2114	Since the ADEC is a lower bound on the DEC under a special choice of nominal model, we conjecture that it can also be used […]	Optimistic Information Directed Sampling
TCS-2120	What is the best guarantee for the online sorting cost in this case?	Online Sorting and Online TSP: Randomized, Stochastic, and High-Dimensional
TCS-2128	We leave open whether our lower bound extends to (non-hereditary) edge discrepancy as well, and to vertex or edge discrepancy of planar graphs.	The Discrepancy of Shortest Paths
TCS-2146	In light of these observations, we conjecture that our bounds are optimal in terms of T under the set of assumptions we make.	Adversarial Contextual Bandits Go Kernelized
TCS-2165	Can they be used profitably in SubModST?	SubModST: A Fast Generic Solver for Submodular Maximization with Size Constraints
TCS-2267	We note that our algorithm Icb has non-polynomial running time; we conjecture that without resource augmentation, achieving a subquadratic competitive ratio in polynomial time is […]	A Subquadratic Bound for Online Bisection
TCS-2273	We also note that our negative result leaves open the NSRL problem in the case of function approximation (Jin et al., 2020; Agarwal et al., […]	The complexity of non-stationary reinforcement learning
TCS-2336	Is it true that, for any concept class H, the optimal regret is Θ L(H)T ?	Multiclass Online Learning and Uniform Convergence
TCS-2338	Is it possible to efficiently (in poly(K, C) time) evaluate the maximum entropy ̃ for the problem of Bayesian swap regret?	Pseudonorm Approachability and Applications to Regret Minimization
TCS-2362	For deterministic All-or-One Paging, we conjecture that the optimal ratio is 2k − 1. (For k = 2 we can show an upper bound of […]	Online Paging with Heterogeneous Cache Slots
TCS-2396	We do not know how to evaluate them as we do not have closed-form solution of the value function.	Reinforcement Planning for Effective ε-Optimal Policies in Dense Time with Discontinuities
TCS-2456	Does the result also hold true for H = poly(d)?	Exponential Hardness of Reinforcement Learning with Linear Function Approximation
TCS-2460	We conjecture that bounds of order C(π ∗ ; πB )n are indeed on the regret frontier.	Online Learning with Off-Policy Feedback
TCS-2473	First, while we have some indication that it is hard to obtain algorithms with a competitive ratio better than Θ( n1 ), we leave open […]	Online Coalition Formation Under Random Arrival or Coalition Dissolution
TCS-2503	However, using the bootstrap for inference raises other practical difficulties: it is an open question how to choose m for good performance, and convergence is […]	Asymptotic confidence sets for random linear programs
TCS-2544	Can we obtain a ratio strictly larger than 0.745 also for non-i.i.d. threshold testing?	Threshold Testing and Semi-Online Prophet Inequalities
TCS-2549	Is the Rent Minimization problem strictly harder than the Machine Minimization problem?	Improved Algorithms for Online Rent Minimization Problem Under Unit-Size Jobs
TCS-2570	On the negative side: can we prove a lower bound against the following class of partition-based algorithms?	Matroid Partition Property and the Secretary Problem
TCS-2575	What is the product dimension of Q(p, pp )?	An Improved Lower Bound for Matroid Intersection Prophet Inequalities
TCS-2595	In a general fixed budget identification task de- ⋆ scribed by (D, I, i ), two related questions remain open:	On the Existence of a Complexity in Fixed Budget Bandit Identification
TCS-2612	However, we conjecture that the policy that simply plays the top two arms according to mit also has constant regret, and we leave showing this […]	Online Learning and Bandits with Queried Hints
TCS-2729	Whether the same is achievable under the independence oracle model remains open.	Subquadratic Weighted Matroid Intersection Under Rank Oracles
TCS-2737	We conjecture that at level n the hierarchy would have exact completeness.	A Complete Linear Programming Hierarchy for Linear Codes
TCS-2751	It also remains open to find tight bounds for the case where the direction of movement of the target is unknown.	Line Search for an Oblivious Moving Target
TCS-2787	There is still a gap of 2 comparing to the variant with linear target function and we leave it as an open problem to close […]	Correlated Stochastic Knapsack with a Submodular Objective
TCS-2812	Ordinal algorithms for secretary problems were explored by [11, 17], though whether the ordinal matroid secretary problem is fundamentally more difficult than its classical (cardinal) […]	Matroid Secretary Is Equivalent to Contention Resolution
TCS-2830	Other questions At the moment we do not know how to obtain high probability bounds in terms of the information ratio, which would be at […]	Minimax Regret for Partial Monitoring: Infinite Outcomes and Rustichini’s Regret
TCS-2831	The more general problem of adaptive switching regret (Foster et al., 2020), where one aims to compete against any sequence of arms (as opposed to […]	Tracking Most Significant Arm Switches in Bandits
TCS-2856	For example, observe that our dynamic regret algorithm requires O(d log(T )) time and space: can this be improved?	Parameter-free Mirror Descent
TCS-2857	It remains an open problem whether this polynomial dimension dependency in regret can be achieved via TS in general LQRs.	Thompson Sampling Achieves $\tilde{O}(\sqrt{T})$ Regret in Linear Quadratic Control
TCS-2858	Though we give near-optimal rates for solving a class of smooth strongly-convex optimization problems, our work still leaves a number of open directions.	Big-Step-Little-Step: Efficient Gradient Methods for Objectives with Multiple Scales
TCS-2859	If we assume the matrix Spencer conjecture and the generalized Lax conjecture, can we prove the hyperbolic Spencer conjecture?	Hyperbolic Concentration, Anti-Concentration, and Discrepancy
TCS-2862	Can we surpass 1 − 1/e in the probing setting for i.d. input arrivals or for the special case of i.i.d. input arrivals?	Prophet Matching in the Probe-Commit Model
TCS-2892	Is the contraction-depth of M at most d?	Characterization of Matrices with Bounded Graver Bases and Depth Parameters and Applications to Integer Programming
TCS-2967	We leave as an open problem if the techniques introduced in this work can be used to prove an exponential lower bound for L INEAR […]	Computational-Statistical Gap in Reinforcement Learning
TCS-3002	Are there infinite families of circuits with only balanced combinatorial resultant trees?	Combinatorial Resultants in the Algebraic Rigidity Matroid
TCS-3005	Construct a probability assignment q for the VC hypothesis class that achieves O(d log n) regret.	Sequential prediction under log-loss with side information
TCS-3118	Also, note that the last step uses only the first item of Lemma 22 –thus it is only an implication– because we do not know […]	From Farkas' Lemma to Linear Programming: an Exercise in Diagrammatic Algebra ((Co)algebraic pearls)
TCS-3122	It remains open to determine the competitive ratio of BestVC for the general (hyper)graph orientation problem, and to investigate how the algorithm behaves if it […]	Orienting (Hyper)graphs Under Explorable Stochastic Uncertainty
TCS-3142	Nevertheless we leave it as an open problem if there is some first-order optimization method that achieves rate of 𝑇 = 𝑂 (1/ε2 ) (see […]	SGD Generalizes Better Than GD (And Regularization Doesn’t Help)
TCS-3147	A general question that we leave open is whether it is possible to get a bound for adversarial losses that does not depend on the […]	Robust Online Convex Optimization in the Presence of Outliers
TCS-3174	That is, what competitive ratio can be achieved without the rankable assumption?	Secretary Matching Meets Probing with Commitment
TCS-3202	What is the best achievable competitive ratio?	The Greedy Algorithm Is not Optimal for On-Line Edge Coloring
TCS-3230	For example, can we recover acceleration in settings such as finite-sum convex optimization (i.e. for stochastic gradient methods) [3] or composite optimization [7]?	Relative Lipschitzness in Extragradient Methods and a Direct Recipe for Acceleration
TCS-3239	What are the main structural obstacles in graphs that prohibit online algorithms with small competitive ratios?	Online Domination: The Value of Getting to Know All Your Neighbors
TCS-3314	For example, is it possible to obtain a finite competitive ratio for chasing 3 arbitrary sets on the real line?	Parametrized Metrical Task Systems
TCS-3360	We conjecture that the actual competitive ratio of nn is actually much closer to the lower bound we proved, which is 7.61.	The Online Broadcast Range-Assignment Problem
TCS-3363	We leave open the question of the complexity of testing whether a given function is instance optimizable.	Instance Complexity and Unlabeled Certificates in the Decision Tree Model
TCS-3387	We conjecture that O(log n) regret bounds are not possible for the reparameterized version of the expert algorithm when the loss components are log losses.	Winnowing with Gradient Descent
TCS-3392	Further, it remains open whether constant recourse per request is sufficient for maintaining an O(1)-competitive matching on the line, as for the case of alternating […]	Online Minimum Cost Matching with Recourse on the Line
TCS-3398	It remains open whether the problem, where m is not part of the input, admits an online algorithm with a better competitive ratio P as […]	Optimally Handling Commitment Issues in Online Throughput Maximization
TCS-3404	On the one hand, we do not know if the discrepancy bound given by Corollary 3 is the truth, and on the other hand, we […]	A Spectral Bound on Hypergraph Discrepancy
TCS-3426	The LRS model will drop one of the b1 runs, even though it would be better to leave the order of B1 and B2 open […]	The Longest Run Subsequence Problem
TCS-3431	We conjecture that the regret bound in the stochastically constrained adversarial regime can be improved further and that the dependence on ∆K min can be […]	Tsallis-INF for Decoupled Exploration and Exploitation in Multi-armed Bandits
TCS-3443	Our work leaves open a clear direction for future work: what is the maximum possible Global Cut Dimension for an undirected graph?	New Query Lower Bounds for Submodular Function Minimization
TCS-3452	We conjecture that it may be possible to overcome this limitation by designing slightly more sophisticated algorithms that estimate this distribution from data.	Efficient and robust algorithms for adversarial linear contextual bandits
TCS-3486	For instance, for d = 2, is there a 2-competitive algorithm?	Online Two-Dimensional Load Balancing
TCS-3488	Can Theorem 4.1 be made computationally efficient?	The Outer Limits of Contention Resolution on Matroids and Connections to the Secretary Problem
TCS-3491	A natural question arises: can we obtain constant competitive algorithms for weighted paging with fewer predictions?	Online Algorithms for Weighted Paging with Predictions
TCS-3492	For example, what regimes of parameter allow constant-competitive or (1 − ε)-competitive algorithms?	Knapsack Secretary with Bursty Adversary
TCS-3505	Is there a 2k + 1-competitive deterministic algorithm for the k-server problem with delays on any finite metric space?	The k-Server Problem with Delays on the Uniform Metric Space
TCS-3511	Can we get a constant-competitive algorithm for the single-item case?	Robust Algorithms for the Secretary Problem
TCS-3522	Are there any other neighborhoods that outperform the Axes one?	Crystal Structure Prediction via Oblivious Local Search
TCS-3562	In this case, we conjecture that the optimal regret rate would scale with the dominating number δG of the graph, which is always smaller or […]	Cooperative Online Learning: Keeping your Neighbors Updated
TCS-3565	Assumption 2 is standard in the literature on second-order optimization, both in the minimax setting (see, e.g., (Abernethy et al., 2019, Definition 2.5)) and in […]	Last Iterate is Slower than Averaged Iterate in Smooth Convex-Concave Saddle Point Problems
TCS-3575	Can we achieve a polynomial time algorithm for arbitrary small constant ε > 0 if the graph is planar or come from some other class […]	Submodular Clustering in Low Dimensions
TCS-3603	The existence of an algorithm that yields a constant ratio for such instances remains open.	Generalized Assignment via Submodular Optimization with Reserved Capacity
TCS-3621	We leave it as an open problem whether the rounding can also be extended to multiple knapsack constraints.	A Nearly-Linear Time Algorithm for Submodular Maximization with a Knapsack Constraint
TCS-3630	Finally, we leave as open one more “hard constraint” challenge that arises even in the simple context of random 3XOR or 3SAT.	SOS Lower Bounds with Hard Constraints: Think Global, Act Local
TCS-3638	6 Final Comments Establishing the optimal competitive ratio for line chasing with memory remains an open problem.	Better Bounds for Online Line Chasing
TCS-3660	However, whether it is possible to weaken the assumptions of HOO in the same way as HCT while keeping similar regret guarantees remains open.	General parallel optimization a without metric
TCS-3662	We conjecture that in the low-dimensional setting of both (weakly-)smooth d and nonsmooth optimization the correct answer should be Ω( ln(K/γ) ln(1/ε)).	Lower Bounds for Parallel and Randomized Convex Optimization
TCS-3663	However, previous analyses leave open the possibility that the convergence time increases exponentially with the parameter β, which seems counterintuitive.	On the Performance of Thompson Sampling on Logistic Bandits
TCS-3664	It remains open whether smoothness is needed in two dimensions or more.	The Complexity of Making the Gradient Small in Stochastic Convex Optimization
TCS-3690	Regarding the adversarial bandit setting, it remains an open problem to construct an algorithm with optimal regret bounds without a priori tuning in respect to […]	Adaptively Tracking the Best Bandit Arm with an Unknown Number of Distribution Changes
TCS-3706	The cases n = 2, 3 as well as the case n = 1, which is not addressed in this work, remain open.	Lower Bounds for Shoreline Searching With 2 or More Robots
TCS-3775	For instance, are diamond-cactus subgraphs captured by matroid parity?	A Tight Extremal Bound on the Lovász Cactus Number in Planar Graphs
TCS-3815	For example, which problems can be solved optimally or almost optimally without knowledge of the amount of resources available in the future (as in the […]	Paging with Dynamic Memory Capacity
TCS-3824	Is 2 this running time optimal or could the 2O(k log k) factor be improved?	Tight Complexity Lower Bounds for Integer Linear Programming with Few Constraints
TCS-3878	We conjecture that there is a randomized algorithm for convex-MPMD with competitive ratio O(log k) but no such algorithm with competitive ratio O(1).	Impatient Online Matching
TCS-3893	Are we able to (efficiently) recognize that a DW reformulation is minimal once we have optimally solved it?	A Computational Investigation on the Strength of Dantzig-Wolfe Reformulations
TCS-3907	We leave the question of getting such a bound, without at being the smallest loss, as an open problem.	Bandit Regret Scaling with the Effective Loss Range
TCS-3933	Open Problems and Future Directions One main question that we leave open is the dependence of the regret on problem parameters such as the number […]	A General Approach to Multi-Armed Bandits Under Risk Criteria
TCS-4050	At this point, we leave open the kind of knowledge the policy has about the noise function ρ; one can think of different settings, where […]	Information Directed Sampling and Bandits with Heteroscedastic Noise
TCS-4054	For instance, is it possible to solve (IP) in time (m · n · ∆)o(m) · (kbk∞ )O(1) , or (m · n · ∆ […]	On the Optimality of Pseudo-polynomial Algorithms for Integer Programming
TCS-4076	We leave open the question of whether MLP gates (of any type) can polynomially simulate monotone real circuits. n I Theorem 19.	Representations of Monotone Boolean Functions by Linear Programs
TCS-4094	It remains an open problem to close the gap between the lower bound of 3 and the upper bound of 3.5 for D = 4.	The Infinite Server Problem
TCS-4106	From a broader perspective, as pointed out in the introduction, a full characterization of the meta-algorithm behind the Physarum dynamics remains open.	On the Convergence Time of a Natural Dynamics for Linear Programming
TCS-4132	However, quantifying the rate of regret in the important case of full permutations ? (i.e., with k “ n) remains an open problem.	Tight Bounds for Bandit Combinatorial Optimization
TCS-4152	However, the best-known lower bound is Ω(ne ) [32], which is still far from the upper bound, and closing the gap is an open problem […]	k-Regret Minimizing Set: Efficient Algorithms and Hardness
TCS-4163	The quantification of the mean-square convergence rates of the so-called randomly-permuted ADMM with multiple blocks (Sun et al., 2015) remains an open topic. IQCs have […]	A Unified Analysis of Stochastic Optimization Methods Using Jump System Theory and Quadratic Constraints
TCS-4304	Furthermore, if oj ∈ TB∗ then φ(oj ) = î (by the structure of block T ) which remains open.	Tight Analysis of a Multiple-Swap Heurstic for Budgeted Red-Blue Median
TCS-4327	Is the upper bound of Theorem 4 optimal in the communication model considered here?	Delay and Cooperation in Nonstochastic Bandits
TCS-4329	We barely scratched the surface, and we leave many interesting directions open.	How to calculate partition functions using convex programming hierarchies: provable bounds for variational methods
TCS-4354	Finally, (c) in the strongly-convex case, the dependence on sample size is optimal in the optimization setting (Polyak and Tsybakov, 1990), however, the optimality of […]	Highly-Smooth Zero-th Order Online Optimization
TCS-4367	Therefore we leave it as an open question to improve our bounds for the rank.	Tight Sum-Of-Squares Lower Bounds for Binary Polynomial Optimization Problems
TCS-4377	Are there AUSO that are not (2 , O( n/ log n))-layered?	The Niceness of Unique Sink Orientations
TCS-4448	While this does not have a very negative impact on the regret bound, it is an open question how to apply the spectral method to […]	Reinforcement Learning of POMDPs using Spectral Methods
TCS-4449	As such, this construction does not imply that a log(K) adaptation price is unavoidable in all cases, and the question remains open on whether there […]	Tight (Lower) Bounds for the Fixed Budget Best Arm Identification Bandit Problem
TCS-4487	Thus, it remains an open problem if O(n/c) bits of advice suffice to achieve a competitive ratio of c for the weighted version of minASG.	Advice Complexity for a Class of Online Problems
TCS-4498	At an equivalent level, dealing with the GK algorithm is already unpleasant—the space complexity analysis in [3] is quite involved, and in fact a simpler […]	A Randomized Online Quantile Summary in O(1/epsilon * log(1/epsilon)) Words
TCS-4521	It is an open question how such adaptive techniques can be incorporated elegantly into our methods.	Second-order Quantile Methods for Experts and Combinatorial Games
TCS-4556	We conjecture that with such noisy feedback, Θ(d T ) is the attainable regret for any	On the Complexity of Bandit Linear Optimization
TCS-4565	For the time being, we do not know how to “fill in” this gap – which of these estimates of the price for adaptation is […]	Adaptive Recovery of Signals by Convex Optimization
TCS-4590	Can the analysis be refined to avoid the notion of phases?	Discrepancy Without Partial Colorings
TCS-4600	We do not know whether natural combinations of such algorithms can attain good performance guarantees,	Generalized Reordering Buffer Management
TCS-4621	We conjecture that the optimal bounds are that for every class H, B-ErrrH (T ) = O(k · L(H)) a p and B-ErrH (T ) […]	The price of bandit information in multiclass online classification
TCS-4622	It is an open problem to show a problem-dependent lower bound for Explore-m, and to investigate if it involves Chernoff information terms d∗ (x, y) […]	Information Complexity in Bandit Subset Selection
TCS-4626	Second, we conjecture that our algorithm for uniform costs can be significantly improved.	Adaptive Crowdsourcing Algorithms for the Bandit Survey Problem
TCS-4633	Is there a FPTAS for the KCM problem for arbitrary matroids?	Knapsack Cover Subject to a Matroid Constraint
TCS-4655	Furthermore, it remains open whether one can find a problem-independent regret bound that√does not depend on 1/∆i – a quantity that can be arbitrarily small.	Open Problem: Regret Bounds for Thompson Sampling
TCS-4681	Are there easier information theoretic arguments to give similar lower bounds?	Beyond the regret minimization barrier: an optimal algorithm for stochastic strongly-convex optimization
TCS-4682	We conjecture that such an algorithm exists, and it should not use any self-concordance technology.	A simple multi-armed bandit algorithm with optimal variation-bounded regret
TCS-4852	Combinatorial Resultants in the Algebraic Rigidity Matroid — Open Problem 3	Combinatorial Resultants in the Algebraic Rigidity Matroid
TCS-4900	Unsplittable Transshipments — Unresolved-question passage on page 16	Unsplittable Transshipments
TCS-4916	Acceleration Meets Inverse Maintenance: Faster l_∞-Regression — Explicit open question on PDF page 6	Acceleration Meets Inverse Maintenance: Faster l_∞-Regression
TCS-4917	Some easy optimization problems have the overlap-gap property — Explicit open question on PDF page 5	Some easy optimization problems have the overlap-gap property
TCS-4936	An O(loglog n)-Approximation for Submodular Facility Location — Explicit open question on PDF page 4	An O(loglog n)-Approximation for Submodular Facility Location
TCS-4937	Problems on Group-Labeled Matroid Bases — Explicit open question on PDF page 17	Problems on Group-Labeled Matroid Bases
TCS-4943	Open Problem: How much overparametrization is needed for ALS in tensor decomposition? — Open Problem 3	Open Problem: How much overparametrization is needed for ALS in tensor decomposition?
TCS-4962	Open Problem: Polynomial linearly-convergent method for g-convex optimization? — Unresolved-question passage on page 3	Open Problem: Polynomial linearly-convergent method for g-convex optimization?
TCS-4980	Dynamic Matroids: Base Packing and Covering — Unresolved-question passage on page 10	Dynamic Matroids: Base Packing and Covering
TCS-4983	Randomized k-Server in Polynomial Time — Explicit open question on PDF page 4	Randomized k-Server in Polynomial Time
TCS-4984	Fairness in the k-Server Problem — Explicit open question on PDF page 6	Fairness in the k-Server Problem
TCS-4985	Online Metric TSP: Beyond the √n Barrier — Explicit open question on PDF page 3	Online Metric TSP: Beyond the √n Barrier
TCS-4986	Avoiding exp($k^*$) Scaling for Thompson Sampling in Combinatorial Semi-Bandits: From Multiple Seeds to a Single Seed — Explicit open question on PDF page 8	Avoiding exp($k^*$) Scaling for Thompson Sampling in Combinatorial Semi-Bandits: From Multiple Seeds to a Single Seed
TCS-4995	The Quest for Faster Join Algorithms (Invited Talk) — Unresolved-question passage on page 10	The Quest for Faster Join Algorithms (Invited Talk)
TCS-5004	Regret Bounds for Robust Online Decision Making — Explicit open question on PDF page 4	Regret Bounds for Robust Online Decision Making
TCS-5005	Gradient Methods with Online Scaling — Explicit open question on PDF page 2	Gradient Methods with Online Scaling
TCS-5024	Instance Complexity and Unlabeled Certificates in the Decision Tree Model — Unresolved-question passage on page 33	Instance Complexity and Unlabeled Certificates in the Decision Tree Model
TCS-5030	A Decomposition Approach to the Weighted k-Server Problem — Explicit open question on PDF page 3	A Decomposition Approach to the Weighted k-Server Problem
TCS-5031	The Dimension of Self-Directed Learning — Unresolved-question passage on page 16	The Dimension of Self-Directed Learning
TCS-5049	Invited Open Problem: Online Optimization of Piecewise-Lipschitz Functions with Applications to Data-Driven Algorithm Design — Open Question 2	Invited Open Problem: Online Optimization of Piecewise-Lipschitz Functions with Applications to Data-Driven Algorithm Design
TCS-5051	Capturing Complementarity in Set Functions by Going Beyond Submodularity/Subadditivity — Explicit open question on PDF page 6	Capturing Complementarity in Set Functions by Going Beyond Submodularity/Subadditivity
TCS-5052	Tight analyses for non-smooth stochastic gradient descent — Explicit open question on PDF page 2	Tight analyses for non-smooth stochastic gradient descent
TCS-5053	Linearization Algorithms for Fully Composite Optimization — Explicit open question on PDF page 2	Linearization Algorithms for Fully Composite Optimization
TCS-5065	Minimizing Dynamic Regret on Geodesic Metric Spaces — Explicit open question on PDF page 14	Minimizing Dynamic Regret on Geodesic Metric Spaces
TCS-5066	Multiclass Online Learning and Uniform Convergence — Explicit open question on PDF page 12	Multiclass Online Learning and Uniform Convergence
TCS-5080	Open Problem: Regret Minimization in Heavy-Tailed Bandits with Unknown Distributional Parameters — Open Question 1	Open Problem: Regret Minimization in Heavy-Tailed Bandits with Unknown Distributional Parameters
TCS-5082	Negative curvature obstructs acceleration for strongly geodesically convex optimization, even with exact first-order oracles — Explicit open question on PDF page 4	Negative curvature obstructs acceleration for strongly geodesically convex optimization, even with exact first-order oracles
TCS-5093	Open Problem: Optimal Best Arm Identification with Fixed-Budget — Unresolved-question passage on page 4	Open Problem: Optimal Best Arm Identification with Fixed-Budget
TCS-5094	Online Hitting Set for Axis-Aligned Squares — Unresolved-question passage on page 16	Online Hitting Set for Axis-Aligned Squares
TCS-5104	Lower Bounds for Ranking-Based Pivot Rules — Unresolved-question passage on page 14	Lower Bounds for Ranking-Based Pivot Rules
TCS-5123	Sample Complexity Bounds for Stochastic Shortest Path with a Generative Model — Explicit open question on PDF page 10	Sample Complexity Bounds for Stochastic Shortest Path with a Generative Model
TCS-5125	New Lower Bounds for Non-Convex Stochastic Optimization through Divergence Decomposition — Unresolved-question passage on page 13	New Lower Bounds for Non-Convex Stochastic Optimization through Divergence Decomposition
TCS-5126	A Tight Lower Bound for Online Service with Deadlines and Lazy Server — Unresolved-question passage on page 14	A Tight Lower Bound for Online Service with Deadlines and Lazy Server
TCS-5145	It's All a Matter of Degree: Using Degree Information to Optimize Multiway Joins — Unresolved-question passage on page 14	It's All a Matter of Degree: Using Degree Information to Optimize Multiway Joins
TCS-5157	Adversarial Contextual Bandits Go Kernelized — Unresolved-question passage on page 12	Adversarial Contextual Bandits Go Kernelized
TCS-5158	Permutation Strikes Back: The Power of Recourse in Online Metric Matching — Explicit open question on PDF page 2	Permutation Strikes Back: The Power of Recourse in Online Metric Matching
TCS-5159	An Improved Approximation Algorithm for Dynamic Minimum Linear Arrangement — Explicit open question on PDF page 3	An Improved Approximation Algorithm for Dynamic Minimum Linear Arrangement
TCS-5182	Online Sorting and Online TSP: Randomized, Stochastic, and High-Dimensional — Unresolved-question passage on page 14	Online Sorting and Online TSP: Randomized, Stochastic, and High-Dimensional
TCS-5183	Best-of-three-worlds Analysis for Linear Bandits with Follow-the-regularized-leader Algorithm — Explicit open question on PDF page 6	Best-of-three-worlds Analysis for Linear Bandits with Follow-the-regularized-leader Algorithm
TCS-5184	Online Multi-Level Aggregation with Delays and Stochastic Arrivals — Unresolved-question passage on page 16	Online Multi-Level Aggregation with Delays and Stochastic Arrivals
TCS-5185	Adaptively Tracking the Best Bandit Arm with an Unknown Number of Distribution Changes — Explicit open question on PDF page 5	Adaptively Tracking the Best Bandit Arm with an Unknown Number of Distribution Changes
TCS-5186	Adversarial Online Multi-Task Reinforcement Learning — Explicit open question on PDF page 8	Adversarial Online Multi-Task Reinforcement Learning
TCS-5216	Online Learning and Disambiguations of Partial Concept Classes — Unresolved-question passage on page 12	Online Learning and Disambiguations of Partial Concept Classes
TCS-5217	An Optimal Learning Algorithm for Online Unconstrained Submodular Maximization — Explicit open question on PDF page 3	An Optimal Learning Algorithm for Online Unconstrained Submodular Maximization
TCS-5218	Bandit Regret Scaling with the Effective Loss Range — Explicit open question on PDF page 1	Bandit Regret Scaling with the Effective Loss Range
TCS-5219	Improved Algorithms for Online Rent Minimization Problem Under Unit-Size Jobs — Unresolved-question passage on page 13	Improved Algorithms for Online Rent Minimization Problem Under Unit-Size Jobs
TCS-5220	Online Paging with Heterogeneous Cache Slots — Unresolved-question passage on page 16	Online Paging with Heterogeneous Cache Slots
TCS-5221	An Improved Lower Bound for Matroid Intersection Prophet Inequalities — Unresolved-question passage on page 17	An Improved Lower Bound for Matroid Intersection Prophet Inequalities
TCS-5224	A Unified Approach to Discrepancy Minimization — Explicit open question on PDF page 3	A Unified Approach to Discrepancy Minimization
TCS-5251	Orienting (Hyper)graphs Under Explorable Stochastic Uncertainty — Unresolved-question passage on page 15	Orienting (Hyper)graphs Under Explorable Stochastic Uncertainty
TCS-5252	Tight Bounds for Bandit Combinatorial Optimization — Unresolved-question passage on page 12	Tight Bounds for Bandit Combinatorial Optimization
TCS-5282	Delay and Cooperation in Nonstochastic Bandits — Unresolved-question passage on page 15	Delay and Cooperation in Nonstochastic Bandits
TCS-5300	Energy Consumption of Group Search on a Line — Explicit open question on PDF page 2	Energy Consumption of Group Search on a Line
TCS-5301	Online Minimum Cost Matching with Recourse on the Line — Unresolved-question passage on page 14	Online Minimum Cost Matching with Recourse on the Line
TCS-5330	Deterministic (2/3 - ε)-Approximation of Matroid Intersection Using Nearly-Linear Independence-Oracle Queries — Explicit open question on PDF page 2	Deterministic (2/3 - ε)-Approximation of Matroid Intersection Using Nearly-Linear Independence-Oracle Queries
TCS-5349	Online Learning with Low Rank Experts — Open Problem 2	Online Learning with Low Rank Experts
TCS-5353	Improved Linearly Ordered Colorings of Hypergraphs via SDP Rounding — Explicit open question on PDF page 2	Improved Linearly Ordered Colorings of Hypergraphs via SDP Rounding
TCS-5364	Hyperbolic Concentration, Anti-Concentration, and Discrepancy — Unresolved-question passage on page 13	Hyperbolic Concentration, Anti-Concentration, and Discrepancy
TCS-5377	A Unified Worst Case for Classical Simplex and Policy Iteration Pivot Rules — Explicit open question on PDF page 3	A Unified Worst Case for Classical Simplex and Policy Iteration Pivot Rules
TCS-5406	The SDP Value of Random 2CSPs — Explicit open question on PDF page 2	The SDP Value of Random 2CSPs
TCS-5407	On Maximizing Sums of Non-Monotone Submodular and Linear Functions — Explicit open question on PDF page 2	On Maximizing Sums of Non-Monotone Submodular and Linear Functions
TCS-5417	On the Limits of Gate Elimination — Unresolved-question passage on page 12	On the Limits of Gate Elimination
TCS-5418	Phase Transition of Regret for Logistic Regression with Large Weights — Explicit open question on PDF page 4	Phase Transition of Regret for Logistic Regression with Large Weights
TCS-5481	Stochastic Constrained Contextual Bandits via Lyapunov Optimization Based Estimation to Decision Framework — Explicit open question on PDF page 8	Stochastic Constrained Contextual Bandits via Lyapunov Optimization Based Estimation to Decision Framework
TCS-5493	Small Space Stream Summary for Matroid Center — Explicit open question on PDF page 7	Small Space Stream Summary for Matroid Center
TCS-5494	The Complexity of Making the Gradient Small in Stochastic Convex Optimization — Explicit open question on PDF page 2	The Complexity of Making the Gradient Small in Stochastic Convex Optimization
TCS-5495	Generalized Assignment via Submodular Optimization with Reserved Capacity — Unresolved-question passage on page 14	Generalized Assignment via Submodular Optimization with Reserved Capacity
TCS-5513	Analysis of Thompson Sampling for the Multi-armed Bandit Problem — Explicit open question on PDF page 4	Analysis of Thompson Sampling for the Multi-armed Bandit Problem
TCS-5514	Efficient Algorithms and Hardness Results for the Weighted k-Server Problem — Explicit open question on PDF page 2	Efficient Algorithms and Hardness Results for the Weighted k-Server Problem
TCS-5515	Complexity Analysis of a Countable-armed Bandit Problem — Explicit open question on PDF page 7	Complexity Analysis of a Countable-armed Bandit Problem
TCS-5535	Open Problem: Model Selection for Contextual Bandits — Open Problem 2	Open Problem: Model Selection for Contextual Bandits
TCS-5536	New algorithms for Steiner tree reoptimization — Explicit open question on PDF page 2	New algorithms for Steiner tree reoptimization
TCS-5550	Scale-free Unconstrained Online Learning for Curved Losses — Unresolved-question passage on page 8	Scale-free Unconstrained Online Learning for Curved Losses
TCS-5552	The Secretary Problem with Predictions and a Chosen Order — Explicit open question on PDF page 7	The Secretary Problem with Predictions and a Chosen Order
TCS-5570	On the Convergence Time of a Natural Dynamics for Linear Programming — Explicit open question on PDF page 2	On the Convergence Time of a Natural Dynamics for Linear Programming
TCS-5587	Online Disjoint Set Covers: Randomization Is Not Necessary — Explicit open question on PDF page 5	Online Disjoint Set Covers: Randomization Is Not Necessary
TCS-5588	Chasing Puppies: Mobile Beacon Routing on Closed Curves — Unresolved-question passage on page 16	Chasing Puppies: Mobile Beacon Routing on Closed Curves
TCS-5599	Open Problem: Kernel methods on manifolds and metric spaces. What is the probability of a positive definite geodesic exponential kernel? — Conjecture 1	Open Problem: Kernel methods on manifolds and metric spaces. What is the probability of a positive definite geodesic exponential kernel?
TCS-5611	Online Infinite-Dimensional Regression: Learning Linear Operators — Unresolved-question passage on page 12	Online Infinite-Dimensional Regression: Learning Linear Operators
TCS-5612	On the Facility Location Problem in Online and Dynamic Models — Explicit open question on PDF page 16	On the Facility Location Problem in Online and Dynamic Models
TCS-5628	SOS Lower Bounds with Hard Constraints: Think Global, Act Local — Unresolved-question passage on page 20	SOS Lower Bounds with Hard Constraints: Think Global, Act Local
TCS-5629	On Integer Programming and Convolution — Explicit open question on PDF page 3	On Integer Programming and Convolution
TCS-5658	Quasi-Newton Steps for Efficient Online Exp-Concave Optimization — Explicit open question on PDF page 3	Quasi-Newton Steps for Efficient Online Exp-Concave Optimization
TCS-5659	On the Performance of Thompson Sampling on Logistic Bandits — Unresolved-question passage on page 3	On the Performance of Thompson Sampling on Logistic Bandits
TCS-5694	Inductive Bias of Multi-Channel Linear Convolutional Networks with Bounded Weight Norm — Explicit open question on PDF page 12	Inductive Bias of Multi-Channel Linear Convolutional Networks with Bounded Weight Norm
TCS-5695	Submodular Dominance and Applications — Unresolved-question passage on page 15	Submodular Dominance and Applications
TCS-5746	Beating Ratio 0.5 for Weighted Oblivious Matching Problems — Explicit open question on PDF page 1	Beating Ratio 0.5 for Weighted Oblivious Matching Problems
TCS-5748	Online Coloring of Short Intervals — Explicit open question on PDF page 3	Online Coloring of Short Intervals
TCS-5756	Submodular Clustering in Low Dimensions — Unresolved-question passage on page 10	Submodular Clustering in Low Dimensions
TCS-5779	The Outer Limits of Contention Resolution on Matroids and Connections to the Secretary Problem — Unresolved-question passage on page 15	The Outer Limits of Contention Resolution on Matroids and Connections to the Secretary Problem
TCS-5780	Uniform regret bounds over $\mathbb{R}^d$ for the sequential linear regression problem with the square loss — Explicit open question on PDF page 9	Uniform regret bounds over $\mathbb{R}^d$ for the sequential linear regression problem with the square loss
TCS-5781	Online Multistage Subset Maximization Problems — Explicit open question on PDF page 5	Online Multistage Subset Maximization Problems
TCS-5799	Covering Vectors by Spaces in Perturbed Graphic Matroids and Their Duals — Unresolved-question passage on page 12	Covering Vectors by Spaces in Perturbed Graphic Matroids and Their Duals
TCS-5841	Online Facility Location with Deletions — Explicit open question on PDF page 4	Online Facility Location with Deletions
TCS-5887	Efficient Approximations for the Online Dispersion Problem — Explicit open question on PDF page 6	Efficient Approximations for the Online Dispersion Problem
TCS-5888	Open Problem: Regret Bounds for Noise-Free Kernel-Based Bandits — Unresolved-question passage on page 3	Open Problem: Regret Bounds for Noise-Free Kernel-Based Bandits
TCS-5895	Combinatorial n-fold Integer Programming and Applications — Unresolved-question passage on page 13	Combinatorial n-fold Integer Programming and Applications
TCS-5925	Online Isotonic Regression — Explicit open question on PDF page 5	Online Isotonic Regression
TCS-5941	Sequential Decision Making With Information Asymmetry (Invited Talk) — Explicit open question on PDF page 4	Sequential Decision Making With Information Asymmetry (Invited Talk)
TCS-6024	The Niceness of Unique Sink Orientations — Explicit open question on PDF page 2	The Niceness of Unique Sink Orientations
TCS-6031	Optimal Composition Ordering Problems for Piecewise Linear Functions — Explicit open question on PDF page 4	Optimal Composition Ordering Problems for Piecewise Linear Functions
TCS-6090	Improved Online Hitting Set Algorithms for Structured and Geometric Set Systems — Explicit open question on PDF page 2	Improved Online Hitting Set Algorithms for Structured and Geometric Set Systems
TCS-6135	Mitigating Covariate Shift in Misspecified Regression with Applications to Reinforcement Learning — Unresolved-question passage on page 8	Mitigating Covariate Shift in Misspecified Regression with Applications to Reinforcement Learning
TCS-6136	Adversarial Online Learning with Temporal Feedback Graphs — Unresolved-question passage on page 12	Adversarial Online Learning with Temporal Feedback Graphs
TCS-6165	Online Coalition Formation Under Random Arrival or Coalition Dissolution — Unresolved-question passage on page 13	Online Coalition Formation Under Random Arrival or Coalition Dissolution
TCS-6193	Towards Optimal Algorithms for Multi-Player Bandits without Collision Sensing Information — Explicit open question on PDF page 2	Towards Optimal Algorithms for Multi-Player Bandits without Collision Sensing Information
TCS-6194	Sublinear-Time Computation in the Presence of Online Erasures — Explicit open question on PDF page 5	Sublinear-Time Computation in the Presence of Online Erasures
TCS-6350	Dynamic Clustering to Minimize the Sum of Radii — Explicit open question on PDF page 3	Dynamic Clustering to Minimize the Sum of Radii
TCS-6398	A Quasi-Random Approach to Matrix Spectral Analysis — Explicit open question on PDF page 4	A Quasi-Random Approach to Matrix Spectral Analysis
TCS-6400	Bandits, Query Learning, and the Haystack Dimension — Explicit open question on PDF page 15	Bandits, Query Learning, and the Haystack Dimension
TCS-6414	Tight Analysis of a Multiple-Swap Heurstic for Budgeted Red-Blue Median — Unresolved-question passage on page 8	Tight Analysis of a Multiple-Swap Heurstic for Budgeted Red-Blue Median
TCS-6483	Improved Lower Bounds for Submodular Function Minimization — Unresolved-question passage on page 5	Improved Lower Bounds for Submodular Function Minimization
TCS-6490	Sparse Submodular Function Minimization — Unresolved-question passage on page 9	Sparse Submodular Function Minimization