TCS-6446	Quantum PCP: a constant promise gap for local Hamiltonians	The Quantum PCP Conjecture
TCS-0036	BPP versus BQP	Mathematics and Computation (2018 draft)
TCS-0037	NP outside BQP	Mathematics and Computation (2018 draft)
TCS-6448	Does a quantum witness have more power than a classical witness?	Separating Quantum and Classical Advice with Good Codes
TCS-0029	Maximum randomized-versus-quantum gap for total functions	Open Problems Related to Quantum Query Complexity
TCS-6449	Quantum versus classical nonuniform advice	Separating Quantum and Classical Advice with Good Codes
TCS-0033	Quantum query complexity versus bounded approximate degree	Open Problems Related to Quantum Query Complexity
TCS-0861	Is QMA(2) in BQEXP?	TCS Open Problems
TCS-6447	Strong quantum IOPs with polynomial communication	Quantum Interactive Oracle Proofs
TCS-0031	Oracle separation of BQP from IP	Open Problems Related to Quantum Query Complexity
TCS-0034	Quantum query–space tradeoffs for collisions and distinctness	Open Problems Related to Quantum Query Complexity
TCS-0862	Is QRG with constant rounds in PSPACE?	TCS Open Problems
TCS-0866	Learning Quantum Circuits with Queries	COLT / PMLR
TCS-0027	Black-box unitary synthesis	Open Problems Related to Quantum Query Complexity
TCS-0858	Complexity of the EPR Hamiltonian	TCS Open Problems
TCS-0860	Find the complexity of Quantum Approximate Counting (QXC)	TCS Open Problems
TCS-0030	Oracle separation of BQP from efficient-prover interactive proofs	Open Problems Related to Quantum Query Complexity
TCS-0857	Can the QAOA optimize the SK Hamiltonian?	TCS Open Problems
TCS-0028	Injective quantum oracles: standard versus erasing access	Open Problems Related to Quantum Query Complexity
TCS-0032	Quantum hardness of finding an entire glued-tree path	Open Problems Related to Quantum Query Complexity
TCS-0035	Query complexity of high-score cross-entropy sampling	Open Problems Related to Quantum Query Complexity
TCS-0859	Does the position of a fanout gate affect the power of QAC0?	TCS Open Problems
TCS-0863	Errors during Non-Clifford Logical Gates	Quantum Error Correction Meets ZX-Calculus
TCS-0864	Represent GKP Codes Using ZX Diagrams	Quantum Error Correction Meets ZX-Calculus
TCS-0865	ZXify Basic QEC	Quantum Error Correction Meets ZX-Calculus
TCS-1209	We leave it as an open question whether the log-concavity framework developed here can be adapted to handle such local models.	Log-Concavity and Tunneling: Quantum Adiabatic Algorithm for Convex Functions (With a Spike)
TCS-1230	We conjecture that full abstraction extends to a language with arbitrary (non-affine) classical control, with respect to the equivalence induced by possible measurement outcomes.	Denotational Semantics for Stabiliser Quantum Programs
TCS-1259	10 In fact, it is an open problem to exactly implement FANOUT using QAC0 circuits of any size.	Random Unitaries in Constant (Quantum) Time
TCS-1261	We conjecture that 2-designs are computationally secure against QAC0 circuits as well.	Unconditional Pseudorandomness Against Shallow Quantum Circuits
TCS-1262	The bounded-error randomized complexity of the Extremal Forrelation Problem is Ω̃(2n/2 ).	Forrelation Is Extremally Hard
TCS-1263	In general, we do not know how to compute local density matrices of an accepting history state.	The Pure-State Consistency of Local Density Matrices Problem: In PSPACE and Complete for a Class Between QMA and QMA(2)
TCS-1272	We leave open the question of whether we can exploit sparsity in the quantum setting as well.	Randomized and Quantum Approximate Matrix Multiplication
TCS-1298	Every element of the Clifford hierarchy is generalized semi-Clifford.	Characterization of Permutation Gates in the Third Level of the Clifford Hierarchy
TCS-1309	However, it remains open to study protocols with entangled measurements on a large number of samples (e.g. c = poly(d)).	Instance-optimal high-precision shadow tomography with few-copy measurements: A metrological approach
TCS-1324	A proof of the quantum games PCP conjecture was claimed by [25], but it has since been established that the proof had errors, and as […]	Derandomised Tensor Product Gap Amplification for Quantum Hamiltonians
TCS-1334	Moreover, such hardness results appear unlikely: we do not know of any complete problems for even NP ∩ coNP and if the ∃∀-MLH problem were […]	On the Pure Quantum Polynomial Hierarchy and Quantified Hamiltonian Complexity
TCS-1341	An important complexity-theoretic question is whether symmetric quantum circuits are universal for implementing symmetric operations: Given some finite group Γ, can we perform arbitrary Γ-symmetric […]	Symmetric Quantum Computation
TCS-1342	We leave it is an interesting open problem to come up with an algorithms – even ones that run in subexponential time – for cloning […]	The Hardness of Learning Quantum Circuits and Its Cryptographic Applications
TCS-1391	We conjecture that our worst-case lower bounds for phaseless stabilizer StateHSP and stabilizer state cloning similarly extend to the average case.	Cloning is as Hard as Learning for Stabilizer States
TCS-1427	Can we find more applications of the samplizer for pure states?	Sample-Optimal Quantum Estimators for Pure-State Trace Distance and Fidelity via Samplizer
TCS-1436	Can the ideas in [43] still be useful in some quantum problems?	On the Complexity of Unique Quantum Witnesses and Quantum Approximate Counting
TCS-1440	Can we get rid of the limitation on the number of inputs to the classical circuit?	Unconditional Quantum Advantage for Sampling with Shallow Circuits
TCS-1457	Could we take a similar approach using lattice duality?	A Quantum Pigeonhole Principle and Two Semidefinite Relaxations of Communication Complexity
TCS-1473	For example, what is the power of QMAW when the states in W are the Absolutely Maximally Entangled states (see review in [31])?	Quantum Merlin-Arthur with an Internally Separable Proof
TCS-1474	Is MaxCut an isolated case, or are there more general ways for classical algorithms to leverage the same structure that DQI does?	Limitations of Decoded Quantum Interferometry for MaxCut
TCS-1490	Our protocol moreover relies on the no-PE assumption for soundness; if malicious provers are allowed to share unbounded prior entanglement, known techniques for instantaneous non-local […]	Quantum Advantage in Proof Systems Without Entanglement
TCS-1493	We leave open whether our passive quantum monotonicity tester can be modified to achieve perfect completeness, while enjoying similar guarantees on the quantum sample and […]	Testing Classical Properties from Quantum Data
TCS-1495	Unfortunately, the standard techniques to simulate the controlled-phase gates in this manner do not naively work in our setting (see [17, Subsection 4.1]), and we […]	Quantum Advantage from Sampling Shallow Circuits: Beyond Hardness of Marginals
TCS-1543	Given the learned unitary Csew , which is 1/poly(n)-close to QAC0 circuit C, does there exist a quasi-polynomial time algorithm to learn a QAC0 circuit […]	Learning shallow quantum circuits with many-qubit gates
TCS-1565	Moreover, what is the smallest power of p required to show this for all total f ?	Quantum Advantage and Lower Bounds in Parallel Query Complexity
TCS-1572	It remains open whether a similar result holds for quantum circuits in either PSPACE-dimension or GapP-dimension (or even Hausdorff dimension).	Counting Martingales for Measure and Dimension in Complexity Classes
TCS-1642	Can the qubit count be improved beyond I + O(F ) without exceeding gate complexity O(I)?	Succinct Fermion Data Structures
TCS-1681	Embedded PermInv requires at least Ω(N ) queries to an in-place oracle.	Quantum Search with In-Place Queries
TCS-1706	It is an open problem to know if those normal forms and new operators can have further applications in simulation, compilation or the synthesis of […]	A Complete Graphical Language for Linear Optical Circuits with Finite-Photon-Number Sources and Detectors
TCS-1709	We leave open the possibility that a ( 1+4 5 )-approximation algorithm can be achieved with a tensor product of one and two-qubit states that […]	Improved Algorithms for Quantum MaxCut via Partially Entangled Matchings
TCS-1735	The tightness of Theorem 8 remains an open question, either by showing a strategy attaining n the value (11), or if strong parallel repetition holds […]	A Quantum Cloning Game with Applications to Quantum Position Verification
TCS-1769	Can the class of problems with a quantum asymmetric direct sum property be characterized in some generality?	Consumable Data via Quantum Communication
TCS-1773	For example, does QIPU L contain space-bounded classical interactive proofs with ω(log n) public coins, as studied in [20, 28, 11]?	Space-Bounded Quantum Interactive Proof Systems
TCS-1788	Can we encode tr(ρσ) rather than tr(ρσ 2 ) in the amplitudes?	Optimal Quantum Algorithm for Estimating Fidelity to a Pure State
TCS-1789	Can we find more applications of quantum approximate k-minimum finding?	Quantum Approximate k-Minimum Finding
TCS-1795	For instance, can similar methods be adapted to reason about the more abstract and expressive constructs found in quantum programming languages?	Quantum Circuit Verification - A Potential Roadmap (Invited Talk)
TCS-1799	Is it possible to replace the verifier with some variant that does not lead to NEXP?	PDQMA = DQMA = NEXP: QMA with Hidden Variables and Non-Collapsing Measurements
TCS-1800	Do there exist an 1/2 < ϵ ≤ 1 and a 0 < τ < 1 for which AddGapHGPDistτ,ϵ is in coNP?	On the Hardness of Approximating Distances of Quantum Codes
TCS-1823	Can we construct a decision tree of height poly(d) which, on input y, outputs one of the influential coordinates of fy with high probability?	Random Restrictions of Bounded Low Degree Polynomials Are Juntas
TCS-1824	Is there a procedure to decide the opposite?	Bosonic Quantum Computational Complexity
TCS-1828	Could variations of qUGC yield stronger results?	A Quantum Unique Games Conjecture
TCS-1864	We leave this question open, and conjecture that a similar result holds in the quantum setting with a 1 lower bound of Ω N 2 […]	Quantum Property Testing in Sparse Directed Graphs
TCS-1881	This interesting model resembles classical catalytic space classes with small errors in resetting, and we leave it as an open question to determine how it […]	Quantum Catalytic Space
TCS-1882	Any algorithm that distinguishes p = ud from dTV (p, ud ) > ε with success probability at least .99 requires Ω(min{d1/3 /ε4/3 , d1/2 […]	Uniformity Testing When You Have the Source Code
TCS-1888	We leave it as a very interesting open question as to whether or not one can still achieve logarithmic sample complexities in this setting, with […]	Predicting quantum channels over general product distributions
TCS-1950	Establish a quantum information-theoretic characterization of the performance in learning quantum-to-quantum channels in a query input model.	Information-theoretic generalization bounds for learning from quantum data
TCS-1955	Then we ask, is W≥t [F ] ∈ O(exp(−t))?	Parity vs. AC0 with Simple Quantum Preprocessing
TCS-1961	Are OWSGs and EFI pairs (or PRSGs) equivalent?	One-Wayness in Quantum Cryptography
TCS-1977	The question of the minimality in the context of quantum circuits with qubit initialisation, ancillae, and/or qubit discarding remains open.	Quantum Circuit Completeness: Extensions and Simplifications
TCS-1983	Can we improve the logarithmic factors in the sample complexity of the samplizer given in Theorem 4?	Time-Efficient Quantum Entropy Estimator via Samplizer
TCS-2029	In the other direction, we leave open whether FBPP ⊂ FBPPnegl or whether the two classes are incomparable.	A Qubit, a Coin, and an Advice String Walk into a Relational Problem
TCS-2057	We leave optimality of the quantum algorithm for testing clusterability as an open question.	(Quantum) Complexity of Testing Signed Graph Clusterability
TCS-2094	We conjecture that the correct rate of decay in Theorem 1 is exponential in the message length, as suggested by the results we obtain in […]	Noisy Decoding by Shallow Circuits with Parities: Classical and Quantum (Extended Abstract)
TCS-2135	This is mostly complete, though it remains open what can be said for the HW basis when K is composite.	Quantum and Classical Low-Degree Learning via a Dimension-Free Remez Inequality
TCS-2200	Does the optimal such relation (i.e. one precisely describing the feasible space) arise at a constant level k (with respect to d)?	An Improved Quantum Max Cut Approximation via Maximum Matching
TCS-2204	How does k-stabilizer universality evolve when considering quantum communication networks where each party holds more than one qubit?	Vertex-Minor Universal Graphs for Generating Entangled Quantum Subsystems
TCS-2221	Do other families of quantum states achieve tightly tuned pseudoentanglement across any cut?	Quantum Pseudoentanglement
TCS-2229	What is the relationship of QMA and QMA(2)?	Quantum Merlin-Arthur and Proofs Without Relative Phase
TCS-2290	Could it be more appropriate to make a distinction on logical qudits of each dimension D, between a “standard” type and a “Fourier” type (possibly […]	Simple Qudit ZX and ZH Calculi, via Integrals
TCS-2349	Is there a poly(k)-query algorithm for property testing stabilizer-extent-k states?	Low-Stabilizer-Complexity Quantum States Are Not Pseudorandom
TCS-2385	We leave it as an open problem to give a single algorithm that is optimal for all δ.	(No) Quantum Space-Time Tradeoff for USTCON
TCS-2398	We also leave open the optimal communication complexity of equality with small error in the entanglement-assisted setting.	Tight Bounds for the Randomized and Quantum Communication Complexities of Equality with Small Error
TCS-2404	Can we speed up some other methods for (smooth) convex optimization?	Quantum Algorithms and Lower Bounds for Linear Regression with Norm Constraints
TCS-2408	For instance, would it be possible to perform an RSP-like protocol assuming only the existence of quantum-secure one-way functions?	Quantum Cryptography with Classical Communication: Parallel Remote State Preparation for Copy-Protection, Verification, and More
TCS-2426	Next, can an analogue of Lemma 38 be shown without assuming the structure on H guaranteed by the Embedding Lemma?	Quantum Space, Ground Space Traversal, and How to Embed Multi-Prover Interactive Proofs into Unentanglement
TCS-2450	We leave as an open question whether known classical lower bounds [1, 26] can be adapted to policy gradient evaluation.	Quantum Policy Gradient Algorithms
TCS-2451	It is worth mentioning that it is unknown whether the adaptive postselection can be efficiently done in PostBQP as discussed in [2].	Rewindable Quantum Computation and Its Equivalence to Cloning and Adaptive Postselection
TCS-2481	We suspect that Q(MODn ) = Θ(n3/2 ), but we leave open the problem of closing the gap between the upper and lower bounds in […]	Randomized and Quantum Query Complexities of Finding a King in a Tournament
TCS-2482	We conjecture that a GQBP of length t = Ω(n) and width w = O(poly(n)) is strictly stronger than an AQBP of similar length and […]	A Generalized Quantum Branching Program
TCS-2505	We leave it open whether the completeness-soundness gap in this lower bound can be improved to an inverse polynomial.	A Distribution Testing Oracle Separating QMA and QCMA
TCS-2507	Whether one of the above two drawbacks can be removed by a different rewrite system remains an open question.	Completeness of Sum-Over-Paths for Toffoli-Hadamard and the Dyadic Fragments of Quantum Computation
TCS-2545	Can we reduce the number of iterations by quantizing SmoothBoost differently, or by quantizing some other boosting approach?	Improved Quantum Boosting
TCS-2548	Second, can we show the log(1/ε)-dependence on the error probability also in the advice-guided case, like we did for basic phase estimation (Theorem 3)?	Tight Bounds for Quantum Phase Estimation and Related Problems
TCS-2559	Can we achieve the additive complexity, i.e., O(t+polylog(1/ϵ))?	Simulating Markovian Open Quantum Systems Using Higher-Order Series Expansion
TCS-2638	Can our polynomial approximation techniques also be used to prove explicit concentration bounds over the choice of random instance?	Concentration Bounds for Quantum States and Limitations on the QAOA from Polynomial Approximations
TCS-2642	Since we are working backwards from the end of the branching program and we do not know how many segments are included in each block, […]	Cumulative Memory Lower Bounds for Randomized and Quantum Computation
TCS-2650	Assuming QETH or QSETH, is MQCSP, UMCSP, or SMCSP quantumly hard?	Quantum Meets the Minimum Circuit Size Problem
TCS-2671	For every n-qubit unitary transformation U , does there exists an oracle A : {0, 1}∗ → {0, 1} such that a BQPA machine can […]	Quantum Search-To-Decision Reductions and the State Synthesis Problem
TCS-2678	Consider a quantum algorithm Q that makes T queries to x ∈ {0, 1}N .	The Acrobatics of BQP
TCS-2768	We conjecture that, as in the qubit case [13], any qutrit unitary with entries in T[ζ] can be exactly synthesised over Clifford+T .	Qutrit Metaplectic Gates Are a Subset of Clifford+T
TCS-2769	Finding a general understanding of which circuits behave best is an open question.	Averaged Circuit Eigenvalue Sampling
TCS-2799	There exists a poly(n, 1ε ) time algorithm A that outputs a (1 - ε)-approximate cut of a random d-regular graph G with high probability […]	Limitations of Local Quantum Algorithms on Random MAX-k-XOR and Beyond
TCS-2810	High Dimensional Position Verification We conjecture that the following construction, inspired by the position verification protocol of Unruh [25], could be secure in higher dimensions […]	Beating Classical Impossibility of Position Verification
TCS-2913	Can we prove tight bounds on quantum speed-ups?	Limits of Quantum Speed-Ups for Computational Geometry and Other Problems: Fine-Grained Complexity via Quantum Walks
TCS-2938	Can we find a more efficient iterative formula for the QAOA’s performance than the one in Section 3.2?	The Quantum Approximate Optimization Algorithm at High Depth for MaxCut on Large-Girth Regular Graphs and the Sherrington-Kirkpatrick Model
TCS-2950	We view the existence of a dual-mode CVQC in the QROM as evidence that our construction template is sound, and we leave constructing quantum null-iO […]	Indistinguishability Obfuscation of Null Quantum Circuits and Applications
TCS-2957	Furthermore, such an approach does not work for the task of finding an ε2 -minimizer of f , as we do not know how to […]	Improved Quantum Lower and Upper Bounds for Matrix Scaling
TCS-3028	Although it is efficient in practice, its complexity is still an open problem, as is left in existing literature [9, 26].	Model Checking Quantum Continuous-Time Markov Chains
TCS-3033	Is it the same as iterating the A[⊥] construction to a fixpoint?	The Logic of Contextuality
TCS-3057	We emphasize that we do not bound the degree of Q(d) because we do not know how to represent it as a polynomial in d.	Quantum Query Complexity with Matrix-Vector Products
TCS-3083	It remains an open problem to derive a matching lower bound for the randomized communication complexity of ABC. ?	The Power of One Clean Qubit in Communication Complexity
TCS-3130	We conjecture that there exists a constant c > 0 such that when D is √ the distribution over 2D random circuits of depth d […]	Spoofing Linear Cross-Entropy Benchmarking in Shallow Quantum Circuits
TCS-3131	While Dotterrer established tight bounds for the size of (co)fillings in the Hamming cube, we do not know whether the bounds of Lemma 3 are […]	Towards Local Testability for Quantum Coding
TCS-3135	We expect most natural properties to be compression oblivious, but leave as an open question what complexity-theoretic assumptions are needed to show that, e.g., the […]	A Framework of Quantum Strong Exponential-Time Hypotheses
TCS-3140	Any quantum algorithm for finding K disjoint collisions in a random function f : [M ] → [N ] with success probability 2/3 must satisfy […]	Quantum Time-Space Tradeoff for Finding Multiple Collision Pairs
TCS-3217	Can the lower bound of Theorem 1 be extended to the bounded-error setting or to the shared entanglement case?	Communication Complexity of Private Simultaneous Quantum Messages Protocols
TCS-3218	Would it be possible to establish the post-quantum security of memory hard functions through a similar reduction in the parallel quantum random oracle model?	On the Security of Proofs of Sequential Work in a Post-Quantum World
TCS-3229	Is there a more interesting class of functions on which we can achieve a quantum speedup?	No Quantum Speedup over Gradient Descent for Non-Smooth Convex Optimization
TCS-3257	Can we show that Q Clawn→n2/3 = Ω n2/3 ?	A Note About Claw Function with a Small Range
TCS-3275	Error reduction of StoqMA remains open since this class was defined in 2006 [9] because this class does not permit amplification of gap between thresholds […]	StoqMA Meets Distribution Testing
TCS-3276	A Ω 1ε lower bound for the ε > √1n regime follows from the lower bound on amplitude estimation, but it is an open question […]	Quantum Probability Oracles & Multidimensional Amplitude Estimation
TCS-3298	(Informal) Our rounding algorithm achieves approximation ratio:  0.498 if k = 1   α(k) = 0.653 if k = 2   0.821 […]	Beating Random Assignment for Approximating Quantum 2-Local Hamiltonian Problems
TCS-3412	We suspect that the same lower bound holds whenever m ≥ c · n 1 for any constant c > 1− , and we leave […]	A Tight Lower Bound For Non-Coherent Index Erasure
TCS-3449	We conjecture this to be the case, but finding a formal proof has been elusive.	Towards Quantum One-Time Memories from Stateless Hardware
TCS-3460	On the lower bound side, what generalizations of Theorem 4 can we prove that incorporate ε?	Quantum Lower Bounds for Approximate Counting via Laurent Polynomials
TCS-3483	Can WZ∗Z2 be recognized by a 2QCFA with bounded error?	The Power of a Single Qubit: Two-Way Quantum Finite Automata and the Word Problem
TCS-3517	Can we give faster sampling-based algorithms for solving LPs?	Quantum-Inspired Sublinear Algorithm for Solving Low-Rank Semidefinite Programming
TCS-3573	Can we prove the conjecture that the purified and discrete query input models are equivalent for classical distributions, with respect to the query complexity of […]	Distributional Property Testing in a Quantum World
TCS-3608	In particular we do not know if the theorem still applies if F is merely an equivalence of categories.	Completeness of Graphical Languages for Mixed States Quantum Mechanics (Track B: Automata, Logic, Semantics, and Theory of Programming)
TCS-3618	It is an open question if k-LH is QMA-complete for β − α = O(1) while maintaining k constant [2].	A Simple Protocol for Verifiable Delegation of Quantum Computation in One Round
TCS-3629	Identifying situations where DR in 2D with bounded interaction strength is possible remains an open question.	Hamiltonian Sparsification and Gap-Simulation
TCS-3652	Unfortunately, we do not know if tf(d,qiskit) performs better at larger sizes because Qiskit’s circuit transformation is not fast enough to generate the relevant data.	Circuit Transformations for Quantum Architectures
TCS-3702	In this setting there are still many classical tools which we do not know how to extend to the quantum case.	Algorithms, Bounds, and Strategies for Entangled XOR Games
TCS-3704	This seems a difficult problem to approach however, and thus we leave the following open problem.	Acceptance Ambiguity for Quantum Automata
TCS-3709	We do not know how to lift Q or Q0 to their analogous communication measures; this is likely to be significantly harder.	Quantum Distinguishing Complexity, Zero-Error Algorithms, and Statistical Zero Knowledge
TCS-3737	Is there any such example in the context of big data and/or machine learning?	Quantum SDP Solvers: Large Speed-Ups, Optimality, and Applications to Quantum Learning
TCS-3742	The immediate question one could ask is: what upper bound can we give for an online QGES?	Complexity-Theoretic Limitations on Blind Delegated Quantum Computation
TCS-3744	What are other possible applications?	Quantum Chebyshev’s Inequality and Applications
TCS-3758	Can one prove that unconditionally?	Classical Algorithms from Quantum and Arthur-Merlin Communication Protocols
TCS-3870	2.2.2 Semi-explicit SNGS Hamiltonians via oracle separations It is an open question in quantum complexity theory of whether QCMA is equal to QMA.	Approximate Low-Weight Check Codes and Circuit Lower Bounds for Noisy Ground States
TCS-3880	The problem of determining its exact value, posed in [25], remains open.	Quantum Query Algorithms are Completely Bounded Forms
TCS-3881	We leave open the problem of determining the complexity of BQPO LH k,classical .	A Complete Characterization of Unitary Quantum Space
TCS-3886	Indeed, whether ∃ · BPP = MA remains an open question [11].	Quantum Generalizations of the Polynomial Hierarchy with Applications to QMA(2)
TCS-4028	Or, can a relatively general result be proven that excludes some of such functions?	Quantum Lower Bounds for Tripartite Versions of the Hidden Shift and the Set Equality Problems
TCS-4035	We do not know whether all our axioms are independent, nor we have looked at rewrite strategies, or ways of orienting the equations, beyond the […]	A Diagrammatic Axiomatisation of Fermionic Quantum Circuits
TCS-4048	The problem is that we do not know how to fix those holes later on: our characterization of 2D − CLH ∗ (k, 2) instances […]	On the Complexity of Two Dimensional Commuting Local Hamiltonians
TCS-4074	Classically, it is still an open question whether the log(1/ε)-factor in the upper bound of [17] for (ε, δ)-proper PAC learning is necessary.	Optimal Quantum Sample Complexity of Learning Algorithms
TCS-4112	It remains open, whether the log-factor can be shaved off of the upper bound (compare [2]).	The Complexity of Quantum Disjointness
TCS-4131	What is the relationship between PQMA[log] and PUQMA[log] ?	The Complexity of Simulating Local Measurements on Quantum Systems
TCS-4162	Finally, while the present results provide necessary conditions for strong non-locality in three-qubit states, the more general question of characterising strong non-locality of n-qubit states, […]	Minimum Quantum Resources for Strong Non-Locality
TCS-4188	Can we eliminate the round dependence in Theorem 33?	Separating Quantum Communication and Approximate Rank
TCS-4223	Does state-dependent contextuality admit a similar treatment?	The Quantum Monad on Relational Structures
TCS-4238	Or, on the contrary, is the amount of certified randomness against no-signaling adversaries bounded also in the sequential scenario?	A Single Entangled System Is an Unbounded Source of Nonlocal Correlations and of Certified Random Numbers
TCS-4239	Can one define and show hedging for bit-commitment?	Quantum Coin Hedging, and a Counter Measure
TCS-4272	Now, can we deduce this same equality from the supplementarity of some of its multiples?	ZX-Calculus: Cyclotomic Supplementarity and Incompleteness for Clifford+T Quantum Mechanics
TCS-4282	Is the bit-complexity of O((n + m)M (n)) for producing explicit assignments optimal?	A Linear Time Algorithm for Quantum 2-SAT
TCS-4300	Is it possible to give an algorithm with gate complexity only poly(d, log q)?	Optimal Quantum Algorithm for Polynomial Interpolation
TCS-4326	Can we have examples where the dependence on input size is better?	Lower Bound on Expected Communication Cost of Quantum Huffman Coding
TCS-4344	As a consequence, the completeness of the ZX-calculus augmented with the supplementarity is an open question for any fragment which does not contain rational multiples […]	Supplementarity is Necessary for Quantum Diagram Reasoning
TCS-4374	It is an open problem if cases like this can be tackled, e.g., by considering multi-register algorithms.	Quantum Algorithms for Abelian Difference Sets and Applications to Dihedral Hidden Subgroups
TCS-4382	Is it true that quantum algorithms with 2 queries are equivalent to polynomials of degree 4?	Polynomials, Quantum Query Complexity, and Grothendieck's Inequality
TCS-4383	What is the correct characterization there?	Sculpting Quantum Speedups
TCS-4419	Is it true that for any n-vertex graph H we have: (a) R(fH ) = Ω(αH · n)?	Quantum Query Complexity of Subgraph Isomorphism and Homomorphism
TCS-4429	Do multi-source extractors remain secure also in the presence of non-signalling side information?	Quantum-Proof Multi-Source Randomness Extractors in the Markov Model
TCS-4457	We conjecture that the power of any two-qubit Hamiltonian obeys a dichotomy: either H is efficiently classicaly simulable in this model,	Complexity Classification of Two-Qubit Commuting Hamiltonians
TCS-4469	Is qq-QAM contained in BP · PP?	Generalized Quantum Arthur-Merlin Games
TCS-4493	In particular, we do not know if a sharp threshold behaviour between both regimes exists or not.	How Many Quantum Correlations Are Not Local?
TCS-4499	It is an open question whether a similar result for maximum matching in a general nonbipartite graph can be proven, perhaps by applying Theorem 5.2 […]	Upper Bounds on Quantum Query Complexity Inspired by the Elitzur-Vaidman Bomb Tester
TCS-4508	2 A natural question (which we leave open) is how to define a relative entropy between assemblages that is non-increasing under generic assemblage transformations instead […]	The Resource Theory of Steering
TCS-4509	A polynomial number of verifications is optimal for unconditionally secure schemes, nevertheless, a natural question that still remains open is whether we can have computationally […]	New Constructions for Quantum Money
TCS-4530	Is it possible to extend the Grover search analysis to handle CQ games?	Parallel Repetition for Entangled k-player Games via Fast Quantum Search
TCS-4579	Could we simulate arbitrary von Neumann measurements as efficiently as the case of equatorial measurements, i.e. with O(n log n) bits of communication?	Exact Classical Simulation of the GHZ Distribution
TCS-4586	While the query complexity of oracle identification in terms of M and N has been fully characterized, finding an optimal quantum algorithm for oip(C) remains […]	An optimal quantum algorithm for the oracle identification problem
TCS-4595	What is the computational power conferred by 1 time-traveling qubit?	One Time-traveling Bit is as Good as Logarithmically Many
TCS-4601	Can we replace bounds involving Q∞ with tighter bounds involving Q2 ?	Difficult Instances of the Counting Problem for 2-quantum-SAT are Very Atypical
TCS-4602	Which is a necessary condition for a family of MBQC resource states to be universal for the DQC1 computation?	Blindness and Verification of Quantum Computation with One Pure Qubit
TCS-4603	Alternatively, can we prove tightness of the current lower bound?	Graph-theoretical Bounds on the Entangled Value of Non-local Games
TCS-4610	This raises the question: is there a sense in which a MBQC procedure on a graph G, which implements unitary a transformation using only measurements […]	Quantum Linear Network Coding as One-way Quantum Computation
TCS-4615	The difficult question of whether or not the quantum entropy satisfies inequalities beyond positivity and SSA remains open for four or more parties.	The Quantum Entropy Cone of Stabiliser States
TCS-4638	Can we improve the factor 1/4 in Corollary 4?	Fooling One-Sided Quantum Protocols
TCS-4639	Can we say more about the dependence of MADVc on c?	Explicit relation between all lower bound techniques for quantum query complexity
TCS-4642	What is the query complexity of verifying a given shift?	Easy and Hard Functions for the Boolean Hidden Shift Problem
TCS-4664	Can we extend the D(Bipartite Matchingn ) ≤ O(n3/2 log n) bound to general graphs?	New bounds on the classical and quantum communication complexity of some graph properties
TCS-4696	Quantum Merkle Trees — Open Problem 2	Quantum Merkle Trees
TCS-4697	Efficient Learning of Quantum States Prepared With Few Non-Clifford Gates — Question 10.2	Efficient Learning of Quantum States Prepared With Few Non-Clifford Gates
TCS-4698	Cutting circuits with multiple two-qubit unitaries — Question 1	Cutting circuits with multiple two-qubit unitaries
TCS-4699	Quantum Meets the Minimum Circuit Size Problem — Open Problem 5	Quantum Meets the Minimum Circuit Size Problem
TCS-4700	On the Suitability of Syndrome Decoding for Proof-of-Work under Quantum Adversaries: Design and Analysis — Unresolved-question passage on page 15	On the Suitability of Syndrome Decoding for Proof-of-Work under Quantum Adversaries: Design and Analysis
TCS-4701	Spectral Gaps with Quantum Counting Queries and Oblivious State Preparation — Unresolved-question passage on page 20	Spectral Gaps with Quantum Counting Queries and Oblivious State Preparation
TCS-4702	An adversary bound for quantum signal processing — Conjecture 4.15	An adversary bound for quantum signal processing
TCS-4704	Information-theoretic generalization bounds for learning from quantum data — Open Problem 1	Information-theoretic generalization bounds for learning from quantum data
TCS-4705	Programming tools for Analogue Quantum Computing in the High-Performance Computing Context – A Review — Explicit open question on PDF page 9	Programming tools for Analogue Quantum Computing in the High-Performance Computing Context – A Review
TCS-4706	Tight Bounds on the Spooky Pebble Game: Recycling Qubits with Measurements — Unresolved-question passage on page 22	Tight Bounds on the Spooky Pebble Game: Recycling Qubits with Measurements
TCS-4707	Quantum channel coding: Approximation algorithms and strong converse exponents — Unresolved-question passage on page 28	Quantum channel coding: Approximation algorithms and strong converse exponents
TCS-4708	Optimal Fermionic Joint Measurements for Estimating Non-Commuting Majorana Observables — Unresolved-question passage on page 15	Optimal Fermionic Joint Measurements for Estimating Non-Commuting Majorana Observables
TCS-4709	Estimating the entanglement of random multipartite quantum states — Conjecture 1	Estimating the entanglement of random multipartite quantum states
TCS-4711	The Tractability Border of Reachability in Simple Vector Addition Systems with States — Conjecture 39	The Tractability Border of Reachability in Simple Vector Addition Systems with States
TCS-4712	Single-qubit gate teleportation provides a quantum advantage — Unresolved-question passage on page 31	Single-qubit gate teleportation provides a quantum advantage
TCS-4713	Decoding Quasi-Cyclic Quantum LDPC Codes — Explicit open question on PDF page 10	Decoding Quasi-Cyclic Quantum LDPC Codes
TCS-4714	Efficient tensor networks for control-enhanced quantum metrology — Unresolved-question passage on page 9	Efficient tensor networks for control-enhanced quantum metrology
TCS-4715	Succinct Arguments for QMA from Standard Assumptions via Compiled Nonlocal Games — Explicit open question on PDF page 3	Succinct Arguments for QMA from Standard Assumptions via Compiled Nonlocal Games
TCS-4718	Low-Stabilizer-Complexity Quantum States Are Not Pseudorandom — Question 27	Low-Stabilizer-Complexity Quantum States Are Not Pseudorandom
TCS-4719	An Operational Framework for Nonclassicality in Quantum Communication Networks — Unresolved-question passage on page 27	An Operational Framework for Nonclassicality in Quantum Communication Networks
TCS-4720	The Quantum and Classical Streaming Complexity of Quantum and Classical Max-Cut — Explicit open question on PDF page 2	The Quantum and Classical Streaming Complexity of Quantum and Classical Max-Cut
TCS-4724	Two-particle scattering on general graphs — Unresolved-question passage on page 20	Two-particle scattering on general graphs
TCS-4725	Bipartite polygon models: entanglement classes and their nonlocal behaviour — Unresolved-question passage on page 22	Bipartite polygon models: entanglement classes and their nonlocal behaviour
TCS-4726	Lower T-count with faster algorithms — Unresolved-question passage on page 33	Lower T-count with faster algorithms
TCS-4727	Quantum Chaos and Universal Trotterisation Behaviours in Digital Quantum Simulations — Unresolved-question passage on page 34	Quantum Chaos and Universal Trotterisation Behaviours in Digital Quantum Simulations
TCS-4728	On the Computational Hardness of Quantum One-Wayness — Explicit open question on PDF page 7	On the Computational Hardness of Quantum One-Wayness
TCS-4729	Bosonic quantum Fourier codes — Unresolved-question passage on page 13	Bosonic quantum Fourier codes
TCS-4730	A little bit of self-correction — Unresolved-question passage on page 7	A little bit of self-correction
TCS-4731	Tight Bounds for Quantum Phase Estimation and Related Problems — Unresolved-question passage on page 15	Tight Bounds for Quantum Phase Estimation and Related Problems
TCS-4732	Agnostic Tomography of Stabilizer Product States — Unresolved-question passage on page 14	Agnostic Tomography of Stabilizer Product States
TCS-4733	A hierarchy of semidefinite programs for generalised Einstein-Podolsky-Rosen scenarios — Explicit open question on PDF page 16	A hierarchy of semidefinite programs for generalised Einstein-Podolsky-Rosen scenarios
TCS-4734	Derandomised Tensor Product Gap Amplification for Quantum Hamiltonians — Explicit open question on PDF page 4	Derandomised Tensor Product Gap Amplification for Quantum Hamiltonians
TCS-4735	An Unholy Trinity: TFNP, Polynomial Systems, and the Quantum Satisfiability Problem — Explicit open question on PDF page 11	An Unholy Trinity: TFNP, Polynomial Systems, and the Quantum Satisfiability Problem
TCS-4736	Streaming quantum state purification — Unresolved-question passage on page 30	Streaming quantum state purification
TCS-4737	Towards a Universal Gateset for QMA1 — Explicit open question on PDF page 2	Towards a Universal Gateset for QMA1
TCS-4738	The advantage of quantum control in many-body Hamiltonian learning — Unresolved-question passage on page 7	The advantage of quantum control in many-body Hamiltonian learning
TCS-4740	Complexity Classification of Product State Problems for Local Hamiltonians — Explicit open question on PDF page 9	Complexity Classification of Product State Problems for Local Hamiltonians
TCS-4741	Mitigating controller noise in quantum gates using optimal control theory — Unresolved-question passage on page 14	Mitigating controller noise in quantum gates using optimal control theory
TCS-4742	Adaptive Online Learning of Quantum States — Unresolved-question passage on page 13	Adaptive Online Learning of Quantum States
TCS-4743	Quantum computation from dynamic automorphism codes — Unresolved-question passage on page 80	Quantum computation from dynamic automorphism codes
TCS-4744	Single-Round Proofs of Quantumness from Knowledge Assumptions — Explicit open question on PDF page 7	Single-Round Proofs of Quantumness from Knowledge Assumptions
TCS-4745	Plane Hamiltonian Cycles in Convex Drawings — Conjecture 5.1	Plane Hamiltonian Cycles in Convex Drawings
TCS-4746	Enumerating Error Bounded Polytime Algorithms Through Arithmetical Theories — Explicit open question on PDF page 2	Enumerating Error Bounded Polytime Algorithms Through Arithmetical Theories
TCS-4747	Quantum Money from Abelian Group Actions — Explicit open question on PDF page 7	Quantum Money from Abelian Group Actions
TCS-4751	Proofs of Quantumness from Trapdoor Permutations — Explicit open question on PDF page 5	Proofs of Quantumness from Trapdoor Permutations
TCS-4752	Improved Hardness Results for the Guided Local Hamiltonian Problem — Explicit open question on PDF page 7	Improved Hardness Results for the Guided Local Hamiltonian Problem
TCS-4753	Quantum Space, Ground Space Traversal, and How to Embed Multi-Prover Interactive Proofs into Unentanglement — Explicit open question on PDF page 12	Quantum Space, Ground Space Traversal, and How to Embed Multi-Prover Interactive Proofs into Unentanglement
TCS-4755	The Parametrized Complexity of Quantum Verification — Explicit open question on PDF page 4	The Parametrized Complexity of Quantum Verification
TCS-4758	Unconditional Pseudorandomness Against Shallow Quantum Circuits — Unresolved-question passage on page 20	Unconditional Pseudorandomness Against Shallow Quantum Circuits
TCS-4759	Toward Separating QMA from QCMA with a Classical Oracle — Explicit open question on PDF page 4	Toward Separating QMA from QCMA with a Classical Oracle
TCS-4760	A Quadratic Speedup in Finding Nash Equilibria of Quantum Zero-Sum Games — Conjecture 1	A Quadratic Speedup in Finding Nash Equilibria of Quantum Zero-Sum Games
TCS-4761	On the Pure Quantum Polynomial Hierarchy and Quantified Hamiltonian Complexity — Unresolved-question passage on page 21	On the Pure Quantum Polynomial Hierarchy and Quantified Hamiltonian Complexity
TCS-4762	Quantum Merlin-Arthur with an Internally Separable Proof — Unresolved-question passage on page 9	Quantum Merlin-Arthur with an Internally Separable Proof
TCS-4766	Public-Key Pseudoentanglement and the Hardness of Learning Ground State Entanglement Structure — Explicit open question on PDF page 8	Public-Key Pseudoentanglement and the Hardness of Learning Ground State Entanglement Structure
TCS-4767	Sample-optimal classical shadows for pure states — Unresolved-question passage on page 24	Sample-optimal classical shadows for pure states
TCS-4768	Algebra of Nonlocal Boxes and the Collapse of Communication Complexity — Conjecture 15	Algebra of Nonlocal Boxes and the Collapse of Communication Complexity
TCS-4769	Sensitivity and Query Complexity Under Uncertainty — Unresolved-question passage on page 16	Sensitivity and Query Complexity Under Uncertainty
TCS-4770	Noisy Decoding by Shallow Circuits with Parities: Classical and Quantum (Extended Abstract) — Unresolved-question passage on page 7	Noisy Decoding by Shallow Circuits with Parities: Classical and Quantum (Extended Abstract)
TCS-4771	Nondeterministic and Randomized Boolean Hierarchies in Communication Complexity — Explicit open question on PDF page 2	Nondeterministic and Randomized Boolean Hierarchies in Communication Complexity
TCS-4772	Simpler Proofs of Quantumness — Explicit open question on PDF page 7	Simpler Proofs of Quantumness
TCS-4773	Oracle Complexity Classes and Local Measurements on Physical Hamiltonians — Unresolved-question passage on page 8	Oracle Complexity Classes and Local Measurements on Physical Hamiltonians
TCS-4774	Quantum Advantage and Lower Bounds in Parallel Query Complexity — Unresolved-question passage on page 12	Quantum Advantage and Lower Bounds in Parallel Query Complexity
TCS-4778	A Qubit, a Coin, and an Advice String Walk into a Relational Problem — Unresolved-question passage on page 21	A Qubit, a Coin, and an Advice String Walk into a Relational Problem
TCS-4779	Hamiltonian Sparsification and Gap-Simulation — Unresolved-question passage on page 18	Hamiltonian Sparsification and Gap-Simulation
TCS-4780	A Generalized Quantum Branching Program — Unresolved-question passage on page 16	A Generalized Quantum Branching Program
TCS-4781	Circuit Transformations for Quantum Architectures — Explicit open question on PDF page 9	Circuit Transformations for Quantum Architectures
TCS-4782	Vertex-Minor Universal Graphs for Generating Entangled Quantum Subsystems — Unresolved-question passage on page 15	Vertex-Minor Universal Graphs for Generating Entangled Quantum Subsystems
TCS-4783	A Distribution Testing Oracle Separating QMA and QCMA — Explicit open question on PDF page 7	A Distribution Testing Oracle Separating QMA and QCMA
TCS-4784	Tight Bounds for the Randomized and Quantum Communication Complexities of Equality with Small Error — Explicit open question on PDF page 6	Tight Bounds for the Randomized and Quantum Communication Complexities of Equality with Small Error
TCS-4788	Efficient Tomography of Non-Interacting-Fermion States — Unresolved-question passage on page 16	Efficient Tomography of Non-Interacting-Fermion States
TCS-4789	Quantum Generalizations of the Polynomial Hierarchy with Applications to QMA(2) — Explicit open question on PDF page 6	Quantum Generalizations of the Polynomial Hierarchy with Applications to QMA(2)
TCS-4790	Subset Sum Quantumly in 1.17^n — Explicit open question on PDF page 2	Subset Sum Quantumly in 1.17^n
TCS-4791	Separations Between Combinatorial Measures for Transitive Functions — Unresolved-question passage on page 18	Separations Between Combinatorial Measures for Transitive Functions
TCS-4793	Query and Depth Upper Bounds for Quantum Unitaries via Grover Search — Question 1.14	Query and Depth Upper Bounds for Quantum Unitaries via Grover Search
TCS-4794	Symmetry-enriched topological order in tensor networks: Defects, gauging and anyon condensation — Unresolved-question passage on page 83	Symmetry-enriched topological order in tensor networks: Defects, gauging and anyon condensation
TCS-4795	Mitigating photon loss in linear optical quantum circuits — Conjecture 3	Mitigating photon loss in linear optical quantum circuits
TCS-4796	Quantum Search-To-Decision Reductions and the State Synthesis Problem — Unresolved-question passage on page 17	Quantum Search-To-Decision Reductions and the State Synthesis Problem
TCS-4797	Quantum Max d-Cut via qudit swap operators — Unresolved-question passage on page 13	Quantum Max d-Cut via qudit swap operators
TCS-4798	Optimizing Sparse SYK — Conjecture 4.7	Optimizing Sparse SYK
TCS-4799	Limits of Quantum Speed-Ups for Computational Geometry and Other Problems: Fine-Grained Complexity via Quantum Walks — Unresolved-question passage on page 9	Limits of Quantum Speed-Ups for Computational Geometry and Other Problems: Fine-Grained Complexity via Quantum Walks
TCS-4800	The Complexity of Quantum Disjointness — Unresolved-question passage on page 8	The Complexity of Quantum Disjointness
TCS-4808	Noise-tolerant public-key quantum money from a classical oracle — Unresolved-question passage on page 34	Noise-tolerant public-key quantum money from a classical oracle
TCS-4809	Lossy-and-Constrained Extended Non-Local Games with Applications to Quantum Cryptography — Unresolved-question passage on page 26	Lossy-and-Constrained Extended Non-Local Games with Applications to Quantum Cryptography
TCS-4810	StoqMA vs. MA: the power of error reduction — Explicit open question on PDF page 9	StoqMA vs. MA: the power of error reduction
TCS-4811	How Hard Is Deciding Trivial Versus Nontrivial in the Dihedral Coset Problem? — Explicit open question on PDF page 2	How Hard Is Deciding Trivial Versus Nontrivial in the Dihedral Coset Problem?
TCS-4812	Quantum bounds for compiled XOR games and d -outcome CHSH games — Unresolved-question passage on page 21	Quantum bounds for compiled XOR games and d -outcome CHSH games
TCS-4813	The coherent measurement cost of coherence distillation — Conjecture 2	The coherent measurement cost of coherence distillation
TCS-4814	A Linear Time Algorithm for Quantum 2-SAT — Explicit open question on PDF page 2	A Linear Time Algorithm for Quantum 2-SAT
TCS-4815	Complexity of Fermionic 2-SAT — Unresolved-question passage on page 26	Complexity of Fermionic 2-SAT
TCS-4820	Quantum teleportation implies symmetry-protected topological order — Explicit open question on PDF page 10	Quantum teleportation implies symmetry-protected topological order
TCS-4821	Characterization of errors in a CNOT between surface code patches — Unresolved-question passage on page 9	Characterization of errors in a CNOT between surface code patches
TCS-4826	Acceptance Ambiguity for Quantum Automata — Unresolved-question passage on page 13	Acceptance Ambiguity for Quantum Automata
TCS-4831	The stellar decomposition of Gaussian quantum states — Unresolved-question passage on page 10	The stellar decomposition of Gaussian quantum states
TCS-4832	Resource quantification for programming low-depth quantum circuits — Unresolved-question passage on page 23	Resource quantification for programming low-depth quantum circuits
TCS-4833	A local automaton for the 2D toric code — Explicit open question on PDF page 12	A local automaton for the 2D toric code
TCS-4834	Hyper-optimized Quantum Lego Contraction Schedules — Unresolved-question passage on page 4	Hyper-optimized Quantum Lego Contraction Schedules
TCS-4835	A Complete Characterization of Unitary Quantum Space — Unresolved-question passage on page 12	A Complete Characterization of Unitary Quantum Space
TCS-4841	Measuring quantum relative entropy with finite-size effect — Explicit open question on PDF page 9	Measuring quantum relative entropy with finite-size effect
TCS-4842	Operational interpretation of the Stabilizer Entropy — Unresolved-question passage on page 10	Operational interpretation of the Stabilizer Entropy
TCS-4843	Optimal Quantum Sample Complexity of Learning Algorithms — Unresolved-question passage on page 28	Optimal Quantum Sample Complexity of Learning Algorithms
TCS-4844	Quasi-Polynomial Time Approximation of Output Probabilities of Geometrically-Local, Shallow Quantum Circuits — Explicit open question on PDF page 4	Quasi-Polynomial Time Approximation of Output Probabilities of Geometrically-Local, Shallow Quantum Circuits
TCS-4845	Trainability and Expressivity of Hamming-Weight Preserving Quantum Circuits for Machine Learning — Conjecture 1	Trainability and Expressivity of Hamming-Weight Preserving Quantum Circuits for Machine Learning
TCS-4846	Dictionary-based Block Encoding of Sparse Matrices with Low Subnormalization and Circuit Depth — Unresolved-question passage on page 17	Dictionary-based Block Encoding of Sparse Matrices with Low Subnormalization and Circuit Depth
TCS-4847	The Quantum Monad on Relational Structures — Unresolved-question passage on page 13	The Quantum Monad on Relational Structures
TCS-4848	The geometry of the Hermitian matrix space and the Schrieffer–Wolff transformation — Unresolved-question passage on page 46	The geometry of the Hermitian matrix space and the Schrieffer–Wolff transformation
TCS-4849	Phase error rate estimation in QKD with imperfect detectors — Unresolved-question passage on page 35	Phase error rate estimation in QKD with imperfect detectors
TCS-4855	Subsystem CSS codes, a tighter stabilizer-to-CSS mapping, and Goursat&apos;s Lemma — Unresolved-question passage on page 8	Subsystem CSS codes, a tighter stabilizer-to-CSS mapping, and Goursat&apos;s Lemma
TCS-4856	Quantum Lower Bounds for Approximate Counting via Laurent Polynomials — Unresolved-question passage on page 41	Quantum Lower Bounds for Approximate Counting via Laurent Polynomials
TCS-4857	The Pure-State Consistency of Local Density Matrices Problem: In PSPACE and Complete for a Class Between QMA and QMA(2) — Explicit open question on PDF page 8	The Pure-State Consistency of Local Density Matrices Problem: In PSPACE and Complete for a Class Between QMA and QMA(2)
TCS-4858	Counting Perfect Matchings and Hamiltonian Cycles Faster — Explicit open question on PDF page 4	Counting Perfect Matchings and Hamiltonian Cycles Faster
TCS-4859	Efficient Hamiltonian encoding algorithms for extracting quantum control mechanism as interfering pathway amplitudes in the Dyson series — Unresolved-question passage on page 22	Efficient Hamiltonian encoding algorithms for extracting quantum control mechanism as interfering pathway amplitudes in the Dyson series
TCS-4860	On the Complexity of Unique Quantum Witnesses and Quantum Approximate Counting — Explicit open question on PDF page 6	On the Complexity of Unique Quantum Witnesses and Quantum Approximate Counting
TCS-4861	Information-computation gaps in quantum learning via low-degree likelihood — Explicit open question on PDF page 8	Information-computation gaps in quantum learning via low-degree likelihood
TCS-4862	Multi-Armed Bandits and Quantum Channel Oracles — Conjecture 1	Multi-Armed Bandits and Quantum Channel Oracles
TCS-4863	Quantum Learning Theory Beyond Batch Binary Classification — Unresolved-question passage on page 34	Quantum Learning Theory Beyond Batch Binary Classification
TCS-4864	Random Unitaries in Constant (Quantum) Time — Unresolved-question passage on page 16	Random Unitaries in Constant (Quantum) Time
TCS-4877	Taming Quantum Time Complexity — Unresolved-question passage on page 50	Taming Quantum Time Complexity
TCS-4878	Efficient validation of Boson Sampling from binned photon-number distributions — Unresolved-question passage on page 17	Efficient validation of Boson Sampling from binned photon-number distributions
TCS-4879	Quantum Search with In-Place Queries — Explicit open question on PDF page 7	Quantum Search with In-Place Queries
TCS-4880	Quantum Programming in Polylogarithmic Time — Explicit open question on PDF page 4	Quantum Programming in Polylogarithmic Time
TCS-4881	When Does Adaptivity Help for Quantum State Learning? — Unresolved-question passage on page 14	When Does Adaptivity Help for Quantum State Learning?
TCS-4882	Quantum 2-SAT on Low Dimensional Systems Is QMAsubscript{1}-Complete: Direct Embeddings and Black-Box Simulation — Explicit open question on PDF page 1	Quantum 2-SAT on Low Dimensional Systems Is QMAsubscript{1}-Complete: Direct Embeddings and Black-Box Simulation
TCS-4883	PDQMA = DQMA = NEXP: QMA with Hidden Variables and Non-Collapsing Measurements — Explicit open question on PDF page 3	PDQMA = DQMA = NEXP: QMA with Hidden Variables and Non-Collapsing Measurements
TCS-4892	Another Hamiltonian Cycle in Bipartite Pfaffian Graphs — Explicit open question on PDF page 3	Another Hamiltonian Cycle in Bipartite Pfaffian Graphs
TCS-4893	Separable Drawings: Extendability and Crossing-Free Hamiltonian Cycles — Explicit open question on PDF page 2	Separable Drawings: Extendability and Crossing-Free Hamiltonian Cycles
TCS-4894	Parity vs. AC0 with Simple Quantum Preprocessing — Explicit open question on PDF page 3	Parity vs. AC0 with Simple Quantum Preprocessing
TCS-4913	The Quantum Entropy Cone of Stabiliser States — Unresolved-question passage on page 13	The Quantum Entropy Cone of Stabiliser States
TCS-4914	(No) Quantum Space-Time Tradeoff for USTCON — Unresolved-question passage on page 3	(No) Quantum Space-Time Tradeoff for USTCON
TCS-4915	Classical Simulation of One-Query Quantum Distinguishers — Explicit open question on PDF page 3	Classical Simulation of One-Query Quantum Distinguishers
TCS-4926	The Acrobatics of BQP — Explicit open question on PDF page 9	The Acrobatics of BQP
TCS-4927	The Classification of Reversible Bit Operations — Explicit open question on PDF page 2	The Classification of Reversible Bit Operations
TCS-4928	Cloning is as Hard as Learning for Stabilizer States — Unresolved-question passage on page 9	Cloning is as Hard as Learning for Stabilizer States
TCS-4929	Randomized and Quantum Approximate Matrix Multiplication — Unresolved-question passage on page 6	Randomized and Quantum Approximate Matrix Multiplication
TCS-4930	Bounds in Sequential Unambiguous Discrimination of Multiple Pure Quantum States — Unresolved-question passage on page 13	Bounds in Sequential Unambiguous Discrimination of Multiple Pure Quantum States
TCS-4932	Quantum Meets Fine-Grained Complexity: Sublinear Time Quantum Algorithms for String Problems — Explicit open question on PDF page 2	Quantum Meets Fine-Grained Complexity: Sublinear Time Quantum Algorithms for String Problems
TCS-4933	Quantum Advantage in Proof Systems Without Entanglement — Unresolved-question passage on page 10	Quantum Advantage in Proof Systems Without Entanglement
TCS-4951	Robust Quantum Entanglement at (Nearly) Room Temperature — Explicit open question on PDF page 6	Robust Quantum Entanglement at (Nearly) Room Temperature
TCS-4952	Quantum Versus Randomized Communication Complexity, with Efficient Players — Explicit open question on PDF page 2	Quantum Versus Randomized Communication Complexity, with Efficient Players
TCS-4953	ETH-Tight Complexity of Optimal Morse Matching on Bounded-Treewidth Complexes — Unresolved-question passage on page 17	ETH-Tight Complexity of Optimal Morse Matching on Bounded-Treewidth Complexes
TCS-4954	The Power of One Clean Qubit in Communication Complexity — Conjecture 25	The Power of One Clean Qubit in Communication Complexity
TCS-4956	Co-Degeneracy and Co-Treewidth: Using the Complement to Solve Dense Instances — Explicit open question on PDF page 3	Co-Degeneracy and Co-Treewidth: Using the Complement to Solve Dense Instances
TCS-4957	Quantum Logarithmic Space and Post-Selection — Explicit open question on PDF page 2	Quantum Logarithmic Space and Post-Selection
TCS-4958	Testing Hamiltonicity (And Other Problems) in Minor-Free Graphs — Explicit open question on PDF page 2	Testing Hamiltonicity (And Other Problems) in Minor-Free Graphs
TCS-4976	On the Quantum Complexity of Closest Pair and Related Problems — Explicit open question on PDF page 2	On the Quantum Complexity of Closest Pair and Related Problems
TCS-4977	Quantum Polynomial Hierarchies: Karp-Lipton, Error Reduction, and Lower Bounds — Explicit open question on PDF page 3	Quantum Polynomial Hierarchies: Karp-Lipton, Error Reduction, and Lower Bounds
TCS-4990	Two New Results About Quantum Exact Learning — Explicit open question on PDF page 2	Two New Results About Quantum Exact Learning
TCS-4991	Universality of EPR Pairs in Entanglement-Assisted Communication Complexity, and the Communication Cost of State Conversion — Explicit open question on PDF page 2	Universality of EPR Pairs in Entanglement-Assisted Communication Complexity, and the Communication Cost of State Conversion
TCS-4992	Bounding Quantum-Classical Separations for Classes of Nonlocal Games — Explicit open question on PDF page 3	Bounding Quantum-Classical Separations for Classes of Nonlocal Games
TCS-4993	Quantum Policy Gradient Algorithms — Unresolved-question passage on page 12	Quantum Policy Gradient Algorithms
TCS-5019	Long Plane Trees — Explicit open question on PDF page 2	Long Plane Trees
TCS-5020	On Learning Linear Functions from Subset and Its Applications in Quantum Computing — Explicit open question on PDF page 3	On Learning Linear Functions from Subset and Its Applications in Quantum Computing
TCS-5021	The Quantum Approximate Optimization Algorithm at High Depth for MaxCut on Large-Girth Regular Graphs and the Sherrington-Kirkpatrick Model — Explicit open question on PDF page 3	The Quantum Approximate Optimization Algorithm at High Depth for MaxCut on Large-Girth Regular Graphs and the Sherrington-Kirkpatrick Model
TCS-5022	Circuit Extraction for ZX-Diagrams Can Be #P-Hard — Explicit open question on PDF page 15	Circuit Extraction for ZX-Diagrams Can Be #P-Hard
TCS-5044	Overlapping Qubits — Explicit open question on PDF page 3	Overlapping Qubits
TCS-5045	Limitations of Local Quantum Algorithms on Random MAX-k-XOR and Beyond — Unresolved-question passage on page 17	Limitations of Local Quantum Algorithms on Random MAX-k-XOR and Beyond
TCS-5046	On the Security of Proofs of Sequential Work in a Post-Quantum World — Unresolved-question passage on page 24	On the Security of Proofs of Sequential Work in a Post-Quantum World
TCS-5047	Quantum Time-Space Tradeoff for Finding Multiple Collision Pairs — Explicit open question on PDF page 3	Quantum Time-Space Tradeoff for Finding Multiple Collision Pairs
TCS-5077	A Parallel Repetition Theorem for All Entangled Games — Explicit open question on PDF page 3	A Parallel Repetition Theorem for All Entangled Games
TCS-5078	Span Programs and Quantum Space Complexity — Explicit open question on PDF page 6	Span Programs and Quantum Space Complexity
TCS-5079	Pointer Quantum PCPs and Multi-Prover Games — Explicit open question on PDF page 3	Pointer Quantum PCPs and Multi-Prover Games
TCS-5106	A Simple Protocol for Verifiable Delegation of Quantum Computation in One Round — Explicit open question on PDF page 4	A Simple Protocol for Verifiable Delegation of Quantum Computation in One Round
TCS-5107	Quantum Enhancement of Randomness Distribution — Explicit open question on PDF page 6	Quantum Enhancement of Randomness Distribution
TCS-5108	When Is Amplification Necessary for Composition in Randomized Query Complexity? — Unresolved-question passage on page 13	When Is Amplification Necessary for Composition in Randomized Query Complexity?
TCS-5109	The Power of a Single Qubit: Two-Way Quantum Finite Automata and the Word Problem — Unresolved-question passage on page 16	The Power of a Single Qubit: Two-Way Quantum Finite Automata and the Word Problem
TCS-5110	Amplification with One NP Oracle Query — Explicit open question on PDF page 2	Amplification with One NP Oracle Query
TCS-5142	Complexity-Theoretic Limitations on Blind Delegated Quantum Computation — Unresolved-question passage on page 10	Complexity-Theoretic Limitations on Blind Delegated Quantum Computation
TCS-5143	Simulating Markovian Open Quantum Systems Using Higher-Order Series Expansion — Unresolved-question passage on page 16	Simulating Markovian Open Quantum Systems Using Higher-Order Series Expansion
TCS-5168	Improved reversible and quantum circuits for Karatsuba-based integer multiplication — Explicit open question on PDF page 5	Improved reversible and quantum circuits for Karatsuba-based integer multiplication
TCS-5169	Fooling One-Sided Quantum Protocols — Explicit open question on PDF page 4	Fooling One-Sided Quantum Protocols
TCS-5170	Another Subexponential-time Quantum Algorithm for the Dihedral Hidden Subgroup Problem — Explicit open question on PDF page 5	Another Subexponential-time Quantum Algorithm for the Dihedral Hidden Subgroup Problem
TCS-5199	Two Combinatorial MA-Complete Problems — Unresolved-question passage on page 4	Two Combinatorial MA-Complete Problems
TCS-5200	Beating Random Assignment for Approximating Quantum 2-Local Hamiltonian Problems — Explicit open question on PDF page 4	Beating Random Assignment for Approximating Quantum 2-Local Hamiltonian Problems
TCS-5201	Out of the Loop: Structural Approximation of Optimisation Landscapes and non-Iterative Quantum Optimisation — Unresolved-question passage on page 21	Out of the Loop: Structural Approximation of Optimisation Landscapes and non-Iterative Quantum Optimisation
TCS-5202	Quantum-Proof Multi-Source Randomness Extractors in the Markov Model — Explicit open question on PDF page 2	Quantum-Proof Multi-Source Randomness Extractors in the Markov Model
TCS-5203	Efficient Classical Simulation of the DQC1 Circuit with Zero Discord — Unresolved-question passage on page 6	Efficient Classical Simulation of the DQC1 Circuit with Zero Discord
TCS-5204	Optimal Quantum Algorithm for Polynomial Interpolation — Explicit open question on PDF page 4	Optimal Quantum Algorithm for Polynomial Interpolation
TCS-5237	Sculpting Quantum Speedups — Unresolved-question passage on page 25	Sculpting Quantum Speedups
TCS-5238	Polytopes of Absolutely Wigner Bounded Spin States — Explicit open question on PDF page 8	Polytopes of Absolutely Wigner Bounded Spin States
TCS-5239	Open Problem: Learning Quantum Circuits with Queries — Unresolved-question passage on page 2	Open Problem: Learning Quantum Circuits with Queries
TCS-5327	New bounds on the classical and quantum communication complexity of some graph properties — Unresolved-question passage on page 8	New bounds on the classical and quantum communication complexity of some graph properties
TCS-5348	Quantum Multi-Level Estimation of Functionals of Discrete Distributions — Explicit open question on PDF page 7	Quantum Multi-Level Estimation of Functionals of Discrete Distributions
TCS-5376	Consumable Data via Quantum Communication — Explicit open question on PDF page 3	Consumable Data via Quantum Communication
TCS-5532	Towards Quantum One-Time Memories from Stateless Hardware — Explicit open question on PDF page 2	Towards Quantum One-Time Memories from Stateless Hardware
TCS-5533	On the Hardness of Approximating Distances of Quantum Codes — Unresolved-question passage on page 16	On the Hardness of Approximating Distances of Quantum Codes
TCS-5626	Classical Algorithms and Quantum Limitations for Maximum Cut on High-Girth Graphs — Explicit open question on PDF page 4	Classical Algorithms and Quantum Limitations for Maximum Cut on High-Girth Graphs
TCS-6050	Optimal Tradeoffs for Estimating Pauli Observables — Explicit open question on PDF page 4	Optimal Tradeoffs for Estimating Pauli Observables
TCS-6130	A Distillation–Teleportation Protocol for Fault-Tolerant QRAM — Unresolved-question passage on page 21	A Distillation–Teleportation Protocol for Fault-Tolerant QRAM
TCS-6457	Complexity of graph-state preparation by Clifford circuits — Explicit open question on PDF page 21	Complexity of graph-state preparation by Clifford circuits
TCS-6458	Quantum Walks on Simplicial Complexes and Harmonic Homology: Application to Topological Data Analysis with Superpolynomial Speedups — Unresolved-question passage on page 40	Quantum Walks on Simplicial Complexes and Harmonic Homology: Application to Topological Data Analysis with Superpolynomial Speedups
TCS-6459	Cost of quantum secret key — Explicit open question on PDF page 3	Cost of quantum secret key
TCS-6460	Family of attainable geometric quantum speed limits — Unresolved-question passage on page 8	Family of attainable geometric quantum speed limits
TCS-6461	Quantum complexity phase transitions in monitored random circuits — Unresolved-question passage on page 30	Quantum complexity phase transitions in monitored random circuits
TCS-6462	Quantum circuit synthesis with SQiSW — Unresolved-question passage on page 14	Quantum circuit synthesis with SQiSW
TCS-6463	Quantum Multiple Eigenvalue Gaussian filtered Search: an efficient and versatile quantum phase estimation method — Unresolved-question passage on page 18	Quantum Multiple Eigenvalue Gaussian filtered Search: an efficient and versatile quantum phase estimation method
TCS-6464	Tight concentration inequalities for quantum adversarial setups exploiting permutation symmetry — Unresolved-question passage on page 27	Tight concentration inequalities for quantum adversarial setups exploiting permutation symmetry
TCS-6465	A streamlined quantum algorithm for topological data analysis with exponentially fewer qubits — Unresolved-question passage on page 14	A streamlined quantum algorithm for topological data analysis with exponentially fewer qubits
TCS-6468	Simple logical quantum computation with concatenated symplectic double codes — Unresolved-question passage on page 27	Simple logical quantum computation with concatenated symplectic double codes
TCS-6469	Unstructured Adiabatic Quantum Optimization: Optimality with Limitations — Unresolved-question passage on page 33	Unstructured Adiabatic Quantum Optimization: Optimality with Limitations
TCS-6470	Variational Quantum Algorithms for Semidefinite Programming — Unresolved-question passage on page 32	Variational Quantum Algorithms for Semidefinite Programming
TCS-6471	Branching States as The Emergent Structure of a Quantum Universe — Unresolved-question passage on page 8	Branching States as The Emergent Structure of a Quantum Universe
TCS-6472	A distribution testing oracle separation between QMA and QCMA — Unresolved-question passage on page 33	A distribution testing oracle separation between QMA and QCMA
TCS-6478	Lower Bounds for Unitary Property Testing with Proofs and Advice — Unresolved-question passage on page 28	Lower Bounds for Unitary Property Testing with Proofs and Advice
TCS-6479	Superposition detection and QMA with non-collapsing measurements — Explicit open question on PDF page 4	Superposition detection and QMA with non-collapsing measurements
TCS-6481	Bosonic Quantum Computational Complexity — Explicit open question on PDF page 10	Bosonic Quantum Computational Complexity
TCS-6482	Quantum nonlocality without entanglement and state discrimination measures — Unresolved-question passage on page 17	Quantum nonlocality without entanglement and state discrimination measures
TCS-6484	Efficient Classical Shadow Tomography through Many-body Localization Dynamics — Unresolved-question passage on page 8	Efficient Classical Shadow Tomography through Many-body Localization Dynamics
TCS-6485	Efficient MPS representations and quantum circuits from the Fourier modes of classical image data — Unresolved-question passage on page 17	Efficient MPS representations and quantum circuits from the Fourier modes of classical image data