TCS-5773	Skolem Meets Schanuel — Explicit open question on PDF page 1	Skolem Meets Schanuel
TCS-0491	Can every fixed-dimensional Tarski problem be solved with O(log² n) queries?	Finite and Algorithmic Model Theory (Dagstuhl Seminar 22051)
TCS-0619	Reachability in Low-Dimensional VASS	Automata Exchange
TCS-0632	Complexity of fixed VAS reachability	Automata Exchange
TCS-0575	Tighten the complexity of solving random-turn games	Automata Exchange
TCS-0637	Universal Positivity Set	Automata Exchange
TCS-0633	Eventual non-negativity of Matrices	Automata Exchange
TCS-0634	Is Markov reachability problem Skolem-Hard for Ergodic Markov chains?	Automata Exchange
TCS-0617	Fine Grained Complexity for VAS Boundedness	Automata Exchange
TCS-0622	Fine-grained complexity of reachability in one-counter automata	Automata Exchange
TCS-0628	Bounds on the length of a coverability path in VASS	Automata Exchange
TCS-0639	Reachability for bounded branching VASS	Automata Exchange
TCS-0640	Shortest runs in 3-D VASS	Automata Exchange
TCS-0869	Give a complete (resource free) characterisation of rewrite systems with polynomial derivational complexity.	RTA Open Problems
TCS-0913	Is the word problem for the S -combinator decidable?	RTA Open Problems
TCS-0572	Properties of the value function in weighted timed games	Automata Exchange
TCS-0616	Complexity of Reachability in Fixed-Dimensional Continuous VASS	Automata Exchange
TCS-0620	Semilinearity of 2-BVASS backward reachability set	Automata Exchange
TCS-0621	Bi-reachability in Petri nets with ordered data	Automata Exchange
TCS-0623	Is the Hierarchy of Valence Systems with Open Reachability Proper?	Automata Exchange
TCS-0624	Language Equivalence between Nondeterministic and Deterministic One-Counter Machines	Automata Exchange
TCS-0626	Reachability in Reversible Data VASS	Automata Exchange
TCS-0629	Linear loop synthesis: When d variables are not enough.	Automata Exchange
TCS-0630	Reachability problem for thin 1-GVASS	Automata Exchange
TCS-0636	Universal coverability for Orthant VAS	Automata Exchange
TCS-0638	Continuous reachability in ordered data VAS	Automata Exchange
TCS-0565	Complexity of generalised reachability games with target sets of size 2	Automata Exchange
TCS-0566	Memory requirements of subgame perfect equilibria in reachability games	Automata Exchange
TCS-0568	Strong subgame perfect equilibria	Automata Exchange
TCS-0569	Games under delays and loss	Automata Exchange
TCS-0570	Model checking LTL with team semantics	Logics for Dependence and Independence: Expressivity and Complexity
TCS-0571	Positional Nash Equilibria	Automata Exchange
TCS-0574	Memory requirements for generalized reachability games	Automata Exchange
TCS-0873	Is the word problem for all proper combinators of order smaller than 3 decidable?	RTA Open Problems
TCS-0874	Is there a one-rule string rewriting system that is non-terminating but also non-looping?	RTA Open Problems
TCS-0875	Does every automatic group have a presentation through some finite convergent string-rewriting system? Does every automatic monoid have an automatic structure such that the set of representatives is a prefix-closed cross-section?	RTA Open Problems
TCS-0876	Are the existential fragment or the positive fragment of the theory of one-step rewriting decidable?	RTA Open Problems
TCS-0877	Is strong sequentiality decidable for arbitrary rewrite systems?	RTA Open Problems
TCS-0878	Is the union of two totally terminating rewrite systems, which do not share any symbols, totally terminating?	RTA Open Problems
TCS-0885	Is any “strongly” non-overlapping right-linear term-rewriting system confluent?	RTA Open Problems
TCS-0886	Is confluence of ordered rewriting decidable when the (existential fragment of the) ordering is?	RTA Open Problems
TCS-0890	What sufficient conditions make confluence of general (hyper-)graph rewriting decidable?	RTA Open Problems
TCS-0894	For which equational theories is ground reducibility of extended rewriting decidable?	RTA Open Problems
TCS-0895	Give decidable criteria for left-linear rewriting systems to be Church-Rosser.	RTA Open Problems
TCS-0896	Has any full, finitely-generated and Church-Rosser term-rewriting system (or system with bound variables) a recursive, one-step, normalizing reduction strategy?	RTA Open Problems
TCS-0900	Is left-sequentiality a decidable property of orthogonal systems?	RTA Open Problems
TCS-0901	Is termination of one linear rule decidable?	RTA Open Problems
TCS-0902	Is the decidability of strong sequentiality for orthogonal term rewriting systems NP-complete?	RTA Open Problems
TCS-0904	Is there a decidable uniform word problem for which there is no variant on the rewriting theme that can decide it—without adding new symbols?	RTA Open Problems
TCS-0905	Is there a finite term-rewriting system of some kind for free lattices?	RTA Open Problems
TCS-0564	Complexity of Explorability games on temporal graphs	Automata Exchange
TCS-0567	Permissive strategies for reachability games	Automata Exchange
TCS-0573	Speed of victory in adversarial population games	Automata Exchange
TCS-0615	Complexity of Maximising reachability for target sets of size 1	Automata Exchange
TCS-0618	Normal-closure-equivalence of RAAG- and counter-automata	Automata Exchange
TCS-0625	Membership of a coverability VASS in FO2	Automata Exchange
TCS-0627	$o(n^2)$-time algorithm for coverability in 1-VASS	Automata Exchange
TCS-0631	The time-complexity of coverability in unary 1-VASS	Automata Exchange
TCS-0635	Paired Counter Automata	Automata Exchange
TCS-0641	Variants of one-counter systems universality	Automata Exchange
TCS-0868	Can we use the dependency pair method to prove relative termination?	RTA Open Problems
TCS-0870	Equational axiomatization of graph operations	RTA Open Problems
TCS-0871	Are universality and inclusion of AC-recognizable languages decidable?	RTA Open Problems
TCS-0872	Design new termination methods based on the gap-embedding theorems of Friedman and Kriz.	RTA Open Problems
TCS-0879	Is there a convergent extended rewrite system for ternary boolean algebra, in which certain equations hold?	RTA Open Problems
TCS-0880	Are there hyper-recurrent combinators?	RTA Open Problems
TCS-0881	Does there exist a semigroup theory for which there is a reduced canonical term-rewriting system that is not length decreasing?	RTA Open Problems
TCS-0882	Find an embedding theorem for directed graphs.	RTA Open Problems
TCS-0883	In combinatory logic, is there a uniform universal generator ?	RTA Open Problems
TCS-0884	In the λ-calculus, which sets have the form { M | Q → * PM }?	RTA Open Problems
TCS-0887	Is the system of Cohen and Watson for arithmetic terminating?	RTA Open Problems
TCS-0888	What are sufficient condition for the modularity of confluence?	RTA Open Problems
TCS-0889	What is the syntactic type of (mid-, three-way) distributivity?	RTA Open Problems
TCS-0891	Can completion always be made terminating when limiting the depth of occurrences of critical pairs?	RTA Open Problems
TCS-0892	Can strong normalization of the typed lambda calculus be proved by a reasonably straightforward mapping from typed terms to a well-founded ordering?	RTA Open Problems
TCS-0893	Find more restrictive strategies in Boolean-ring based methods for resolution-like first-order theorem proving.	RTA Open Problems
TCS-0897	How can the notion of well-rewrite-ordering be used to as the basis for some new kind of “recursive path ordering”?	RTA Open Problems
TCS-0898	Is a certain conditional rewrite system, which is a linearization of Combinatory Logic extended with surjective pairing, confluent?	RTA Open Problems
TCS-0899	Is it true for non-orthogonal systems that decreasing redexes implies termination? If not, can some decent subclasses be delineated for which the implication does hold?	RTA Open Problems
TCS-0903	Is the extension of Combinatory Logic by Boolean constants confluent?	RTA Open Problems
TCS-0906	Is there a notion of “complete theory” for which contextual deduction is complete for refutation of ground clauses?	RTA Open Problems
TCS-0907	Under what conditions does confluence of a normal semi-equational conditional term rewriting system imply confluence of the associated oriented system?	RTA Open Problems
TCS-0908	What are the complexities of various term ordering decision problems?	RTA Open Problems
TCS-0909	Which conditional rewrite systems are subcommutative?	RTA Open Problems
TCS-0910	Which is the coarsest relation such that its union with any rewrite relation preserves termination?	RTA Open Problems
TCS-0911	Which ordinals correspond to reduction graphs in the λ-calculus?	RTA Open Problems
TCS-0912	Which rewrite systems can be directly defined in lambda calculus?	RTA Open Problems
TCS-1092	MDP total-variation distance exactly one	The Existential Theory of the Reals as a Complexity Class: A Compendium
TCS-1167	Is the existence of a fully universal representation for a given finite relation algebra effectively decidable?	The Network Satisfaction Problem for Relation Algebras with at Most 4 Atoms
TCS-1193	We conjecture, only the current configuration would suffice for parity on GBGs.	Generalized Bidding Games: Where Bidding and Stochastic Games Meet
TCS-1197	Establishing general criteria for the encodability of reversible models remains an open problem.	On the Encodability of Reversible Process Calculi
TCS-1201	Is it possible to classify the computational complexity of the model-checking problem for all quantifier-free formulas of dependence logic D?	Disjunctions of Two Dependence Atoms
TCS-1202	We conjecture that it can, and that would render the model-checking problem decidable in that case as well.	A Logic for Fresh Labelled Transition Systems
TCS-1203	We do not know yet if another operator could help express the functor DLP as a monad lifting.	ε-Distance via Lévy-Prokhorov Lifting
TCS-1204	Also, whether extending the decidable case of Theorem 20 to two clocks preserves decidability remains open too.	Parametric Disjunctive Timed Networks
TCS-1227	Determining the precise complexity of inhabitation in the setting of system R remains an open and challenging problem.	A Bounded Parallel Intersection Type System
TCS-1228	In particular, we conjecture that the non-strict versions of the concrete categorical models in Section 7 are sound.	Proof Identity and Categorical Models of BV
TCS-1229	We do not know whether one can design a similar efficient decision procedure for the conditions in the MI setting.	New and Formalized Proofs for Right-Forward Closures and Core Matrix Interpretations
TCS-1239	Conjecture for specific mappings; for most mappings (in particular, all cases with d > 2), the conjecture remains open.	Loop Termination and Generalized Collatz Sequences
TCS-1329	Here, of course, we have to contend with full functional programming, but we conjecture that e.g. through a sensible use of monads one could potentially […]	On the Algorithmic Structure of Dialectica Realisers
TCS-1331	Similarly, in a proof-irrelevant setting, CB yields Kripke’s schema, and adding functional extensionality yields LEM, but we do not know whether CB yields LEM without […]	Not Choosing Is Still a Choice: Constructive mathematics without any choice
TCS-1371	Whether our complexity results can be maintained without graph preservation, or whether it makes the RMDP threshold problem harder, remains open for future work.	On the Complexity of Robust Markov Decision Processes and Bisimulation Metrics
TCS-1420	Let us conclude by restating the main open problem: is Cantor-Łukasiewicz set theory Łset consistent?	On the Consistency of Naive Set Theories over Substructural and Fuzzy Logics
TCS-1460	What is the largest α such that size(BAsn ) ≤ 4.5n − αm holds for every vector s?	Smaller Circuits for Bit Addition
TCS-1485	Our language is not strongly normalising, and our main goal is not theorem proving as we cannot use the language as a proof system, since […]	Towards the Type Safety of Pure Subtype Systems
TCS-1487	However, as the authors of [38, p.21] state: “[...]we do not know if canonocity holds for the standard conversion [...] because this result amounts to […]	Divide and Check: Logical Relations, No Algorithms Attached
TCS-1496	Extending this perspective to the whole of FΣ would require a combinatorial characterisation of its diagrams, which remains an open problem, although recent progress in […]	Functorial Semantics for First-Order Theories
TCS-1497	Finally, we recall that we do not know if the games studied in this paper are determined, namely if one of the players has always […]	One-Clock Synthesis Problems
TCS-1498	Most of their concrete instances of ultrafilter monads are easily captured by our duality framework (along the lines of Section 4.1); whether their general presentation […]	Demystifying Codensity Monads via Duality
TCS-1519	We conjecture that the exponential of our web models is always Lafont (see	Absolute Convergence and Taylor Expansion in Web Based Models of Linear Logic
TCS-1526	Regarding compression, a natural follow-up would be to investigate the effectiveness of the procedure introduced in the proof of Theorem 14: given a computable derivation […]	Compression for Coinductive Rewriting and the Cut-Elimination of Non-Wellfounded Proofs
TCS-1574	We leave it open whether VL(A) is computable for every fixed A, i.e., in the setting where only the observation is the input.	Time for Timed Monitorability
TCS-1578	Whether such a procedure can be applied to other kinds of updates remains an open question.	Galois Energy Games: To Solve All Kinds of Quantitative Reachability Problems
TCS-1579	13) is a congruence, we must demonstrate that if two processes are open bisimilar, they remain open bisimilar under all possible contexts.	Open Bisimilarity for the π-Calculus with Mismatch
TCS-1580	It is an open problem whether a 0-minimal 1-maximal optimal policy is free of probabilistic bisimilar conflicts.	Explainability is a Game for Probabilistic Bisimilarity Distances
TCS-1581	What is the degree of undecidability of the MSO[otpα ]-theory of α?	On the Expansion of Monadic Second-Order Logic with Cantor-Bendixson Rank and Order Type Predicates
TCS-1583	We conjecture that checking primality in L2S is coNP-complete and that PSPACE-completeness holds for n-nested simulation when n ≥ 3.	The Complexity of Deciding Characteristic Formulae in Van Glabbeek’s Branching-Time Spectrum
TCS-1584	We leave the question of whether a characteristic logic with higher-arity modalities exists as an open problem.	Quantitative Graded Semantics and Spectra of Behavioural Metrics
TCS-1585	We leave open the decidability and complexity of the equational theory w.r.t. languages for KA{1,∩} (cf.	Finite Relational Semantics for Language Kleene Algebra with Complement
TCS-1596	How best to address the quantisation issue during verification is an open problem.	Vehicle: Bridging the Embedding Gap in the Verification of Neuro-Symbolic Programs (Invited Talk)
TCS-1597	However we leave open a complete answer for filter models which are neither lazy, set-like nor →-sound.	Unsolvable Terms in Filter Models (Invited Talk)
TCS-1599	For future work, it remains open how the trace- and time-prefixed fragments relate in terms of expressiveness.	Flavors of Quantifiers in Hyperlogics
TCS-1600	Identifying the appropriate categorical structures for such effects remains an open and promising direction for future work.	Beyond Monads and Biproducts: A Uniform Interpretation of Parallelism in Intuitionistic Logic
TCS-1601	However, the question of how to choose an optimal tick interval, if possible, remains an open issue.	A Zone-Based Algorithm for Timed Parity Games
TCS-1613	Finally, tackling the question of completeness without the uniqueness axiom which remains open for GKAT, ProbGKAT, and now wGKAT.	Weighted GKAT: Completeness and Complexity
TCS-1649	The decidability status of the reachability problem for d-BVASS remains open in arbitrary dimension.	On the Reachability Problem for Two-Dimensional Branching VASS
TCS-1656	Yet, we do not know if there are polynomial time algorithms that decide explicitly given McNaughton games.	Deciding Regular Games: a Playground for Exponential Time Algorithms
TCS-1659	The decidability remains open for general semigroups – that is, when there are states with non-unique tight actions.	On Piecewise Affine Reachability with Bellman Operators
TCS-1682	We conjecture that the inhabitation problem ⊢Q∩ ? :d A should be decidable.	Towards Fuzzy Constructive Type Theories
TCS-1683	It is an open problem to characterize all perfect operator categories that have all pullbacks, or whose class of monomorphisms is stable under pullbacks.	Kleisli Categories with Display Maps
TCS-1700	We also leave as an open problem the question whether every finitary endofunctor on Met preserving nonempty intersections (but not necessarily isometric embeddings) has a […]	Terminal Coalgebras for Finitary Functors
TCS-1701	Additionally, for the behavioural equivalences between ready simulation and failures, in the case of |A| = ∞, it is unknown whether finite, sound and ground-complete […]	From Bisimulation to Traces: The Impact of Parallel Composition on Finite Bases
TCS-1705	The question of whether it arises from coupling-based liftings of the identity functors, and the problem of relating it to a codensity lifting in a […]	Correspondences Between Codensity and Coupling-Based Liftings, a Practical Approach
TCS-1713	We conjecture that it is possible with techniques similar to the developed ones, but with more focus on polynomials growing linearly with respect to norms […]	Reachability in 3-VASS Is Elementary
TCS-1719	However, the location of such a feasibility problem in the parameterized complexity landscape remains unclear because we do not know whether it admits short NP-witnesses […]	Designing Compact ILPs via Fast Witness Verification
TCS-1732	Investigating how existing techniques used to tame nonuniformity, e.g. in [31], can be exploited to address the conservativity problem in richer settings, remains an open […]	How to Play the Accordion: Uniformity and the (Non-)Conservativity of the Linear Approximation of the λ-Calculus
TCS-1742	We conjecture that an asynchronous LTS for multiparty session types can be defined in a very natural way along the lines presented in this paper.	A Sound and Complete Characterization of Fair Asynchronous Session Subtyping
TCS-1760	Whether having two accessibility relations is necessary for this lower bound is an interesting question which we leave open.	Modal Separation of Fixpoint Formulae
TCS-1794	Is there an operational characterization of the λ-theory induced by E?	Ohana Trees and Taylor Expansion for the λI-Calculus: No variable gets left behind or forgotten!
TCS-1796	Given a FIP strategy, can it be implemented by processes that exchange only bounded-length messages ?	Synthesising Full-Information Protocols
TCS-1867	Studying more in-depth the category AsmEF is out of the scope of this paper, but we conjecture that one could follow the development for implicative […]	From Partial to Monadic: Combinatory Algebra with Effects
TCS-1880	As a direction for future work, we conjecture that the problem of deciding whether the language defined by an LTLf formula is a liveness language […]	Safety and Liveness on Finite Words
TCS-1922	An important question for future research is to explore empirical evidence for the usefulness of our new fault domains: how often are faulty implementations of […]	New Fault Domains for Conformance Testing of Finite State Machines
TCS-1927	We conjecture that our framework may be expanded to cover both types of dynamism using dependent functions: G →G G′ = (v ∈ G) → […]	Formalisation and Extension of Lagois Connections for Secure Information Flow
TCS-1989	Thus, the different duplicating policies of CbS/CbV leave different amounts of non-erasable garbage in open normal forms, which is observable and changes the denotational semantics.	Mirroring Call-By-Need, or Values Acting Silly
TCS-1993	It remains an open question whether FO[<,E] is subsumed by simple GHyperLTLS+C .	Unifying Asynchronous Logics for Hyperproperties
TCS-2033	Even if it is correct the complexity of the problem for 1-GVAS remains open.	Challenges of the Reachability Problem in Infinite-State Systems (Invited Paper)
TCS-2040	We are slightly vague here, as for the moment we leave open how algorithmic problems and reductions are represented.	Specification and Automatic Verification of Computational Reductions
TCS-2058	In general, we do not know whether Σ is locally fully faithful or not.	Data Types with Symmetries via Action Containers
TCS-2079	In fact, we conjecture that broadcast communications might allow us to synthesize decentralized monitors for a larger Hyper-recHML fragment, including formulae that mix greatest fixed-points […]	Centralized vs Decentralized Monitors for Hyperproperties
TCS-2082	On the other hand, it remains an open problem to determine what would happen for a larger realizability algebra (equipotent with the large cardinal considered […]	Realizability Models for Large Cardinals
TCS-2083	We conjecture that a similar condition, namely the quasi-concavity of utility functions, plays a vital role in the non-emptiness of the core in concurrent multi-player […]	Characterising and Verifying the Core in Concurrent Multi-Player Mean-Payoff Games
TCS-2121	Hence, finding appropriate notions of CI in this more general setting remains an open question.	A Categorical Approach to DIBI Models
TCS-2127	We do not know how to encode this constraint when working with an instance of well-specification.	Verification of Population Protocols with Unordered Data
TCS-2160	Can we find a characterisation for type theories with more universes?	Conservativity of Type Theory over Higher-Order Arithmetic
TCS-2174	Are polynomial orders or KBOs without unary function symbol of weight zero sufficient, or are more powerful approaches for showing termination needed?	On the Complexity of the Small Term Reachability Problem for Terminating Term Rewriting Systems
TCS-2259	It would be interesting to understand the exact relationship between our parallel and single substitution calculi: we conjecture that for any SOGAT, they yield equivalent […]	Second-Order Generalised Algebraic Theories: Signatures and First-Order Semantics
TCS-2260	One the one hand, we do not know whether a generalisation of the monad elimination rule to any parameter p, which would be finer than […]	A Linear Type System for L^p-Metric Sensitivity Analysis
TCS-2279	Nester et al. [48, 7] have recently introduced an alternative description of lenses in terms of proarrow equipments, which have a good 2-dimensional syntax [47] […]	The Produoidal Algebra of Process Decomposition
TCS-2281	We restate the open question of [59]: Given a local FO formula φ(x), i.e., a formula where φ(x) depends on a fixed-radius neighborhood of vertex […]	Distributed Model Checking on Graphs of Bounded Treedepth
TCS-2293	Does there exist an upper bound N such that if a non-trivial linear loop satisfying P = 0 exists, then there exists a non-trivial linear […]	Linear Loop Synthesis for Quadratic Invariants
TCS-2309	In this paper, we have given an answer, in the discrete case working over Zd , to the question: what is a commutation relation in […]	Commutation Groups and State-Independent Contextuality
TCS-2320	Are all strongly finitary endofunctors on Met closed under composition?	Strongly Finitary Monads for Varieties of Quantitative Algebras
TCS-2321	Does every Vietoris polynomial functor on Top have a terminal coalgebra?	On Kripke, Vietoris and Hausdorff Polynomial Functors ((Co)algebraic pearls)
TCS-2357	Can we completely characterize all graphs for which a Gioan-type theorem holds for drawings with the same ERS?	Drawings of Complete Multipartite Graphs up to Triangle Flips
TCS-2368	For now it is an open question whether the localised independence property for a Kleisli category is reflected by an equivalent condition on the monad.	Weakly Markov Categories and Weakly Affine Monads
TCS-2369	Develop and study the theory of coalgebraic logic with a primal algebra D of truth-degrees using other approaches to coalgebraic logic.	Many-Valued Coalgebraic Logic: From Boolean Algebras to Primal Varieties
TCS-2370	Furthermore, it is an open question, whether extensive refinements of the local systems and their interaction specifications can still be handled with interaction laws.	Structural Operational Semantics for Heterogeneously Typed Coalgebras
TCS-2372	If some polynomial is an upper estimate of F for β, then there exists a tight estimate f of F for β.	Asymptotic Complexity Estimates for Probabilistic Programs and Their VASS Abstractions
TCS-2375	Therefore it remains open whether the language k-HDness problem is decidable, which ask whether there is an equivalent k-HDVASS for the given language.	History-Deterministic Vector Addition Systems
TCS-2395	It is an open question if a stronger version with general f, g : E1 Ñ E2 can be proven.	Representing Guardedness in Call-By-Value
TCS-2429	Whether such algorithms exist or whether the current lower bounds can be strengthen remains an open problem.	Speed Me up If You Can: Conditional Lower Bounds on Opacity Verification
TCS-2436	19) – for example, is the k-atomic-predicate-occurrence fragment of the m-variable fragment of first-order logic with equality decidable?	On the Finite Variable-Occurrence Fragment of the Calculus of Relations with Bounded Dot-Dagger Alternation
TCS-2443	Are there any gadgets for which finding a winning strategy is provably easier?	Complexity of Motion Planning of Arbitrarily Many Robots: Gadgets, Petri Nets, and Counter Machines
TCS-2478	For example, we do not know how to define lambda by recursion on the syntax of the following theories, even though they are all equivalent […]	Combinatory Logic and Lambda Calculus Are Equal, Algebraically
TCS-2479	We conjecture that a similar construction should be possible also when considering a Quantitative Equational Theory [45, 46, 4, 1] over Ω, extending the construction […]	Quotients and Extensionality in Relational Doctrines
TCS-2498	We leave open two natural questions: (i) What is the complexity of regular separability for Büchi d-VASS, for each d ≥ 2? (ii) What is […]	Regular Separability in Büchi VASS
TCS-2509	This is not possible here, since we do not know how to compute D1 ◦ D2 (f.g).	Unifying Graded Linear Logic and Differential Operators
TCS-2512	While there is an explicit construction of the downclosure of these languages [53, 30, 20], a precise complexity bound for the construction remains open.	Context-Bounded Analysis of Concurrent Programs (Invited Talk)
TCS-2536	What if we had two different monoidal structures on A?	Coinductive Control of Inductive Data Types
TCS-2581	Can we define a class of wpos where friendly order type always coincides with mot?	Ordinal Measures of the Set of Finite Multisets
TCS-2582	Can the lower bound of Ω(n2 ) for KT1 be improved by using non-comparison based algorithms?	Tight Bounds on the Message Complexity of Distributed Tree Verification
TCS-2600	We conjecture that the extensions of bisimilarities we defined here are the same as the definitions given by [10], and that they are characterised by […]	Modal Logics for Mobile Processes Revisited
TCS-2604	We leave it as an open problem to either improve upon the upper bound O(nd+1 ) given by the trivial algorithm, or to raise our […]	Coverability in VASS Revisited: Improving Rackoff’s Bound to Obtain Conditional Optimality
TCS-2605	8 Related work Our work builds on GKAT, a strictly deterministic fragment [39] of Kleene Algebra with Tests (KAT). KAT has been used in several […]	Probabilistic Guarded KAT Modulo Bisimilarity: Completeness and Complexity
TCS-2641	Can the height of the tower in our case can be made pw + O(1), or is FO model checking on bounded pathwidth truly harder […]	First Order Logic on Pathwidth Revisited Again
TCS-2682	We have shown PSPACE-completeness for b = 1, and we conjecture that the problem is already EXPSPACE-complete for all b ≥ 2.	Regular Model Checking Upside-Down: An Invariant-Based Approach
TCS-2683	Whether wrlp can also be defined with fairness conditions in mind and thus applying superlinearity directly on wrlp, is an open question.	Towards Concurrent Quantitative Separation Logic
TCS-2684	We leave open the question of whether there is a better algorithm, hopefully in PSpace.	Completeness Theorems for Kleene Algebra with Top
TCS-2698	Therefore, it is still an open problem for us to find a notion of morphism allowing to show the equivalence between the encodings.	Adequate and Computational Encodings in the Logical Framework Dedukti
TCS-2699	We do not know whether the TRS DP is terminating (independent of P ).	Polynomial Termination Over ℕ Is Undecidable
TCS-2704	Can phase semantics also shed light on the polarisation of fixed points?	Phase Semantics for Linear Logic with Least and Greatest Fixed Points
TCS-2708	Thus, the exact complexity, both in the general and the one-dimensional case, remains open.	Reachability in Bidirected Pushdown VASS
TCS-2716	We leave the complexity of Rewr(CCQ, ACQ, ACQ) as an open problem.	Rewriting with Acyclic Queries: Mind Your Head
TCS-2746	In fact, we do not know if one can deduce that S is ϵ-pseudo-reachable from knowing that Aϵ (n) intersects S for sufficiently large n.	The Pseudo-Reachability Problem for Diagonalisable Linear Dynamical Systems
TCS-2750	In particular, we do not know whether there is a maximal degree.	On Uniformization in the Full Binary Tree
TCS-2777	We note that while similar considerations can be used in order to decide whether Player 2 (∞, m2 )-wins a given BBEG, for m2 ∈ […]	Energy Games with Resource-Bounded Environments
TCS-2778	Since in Hµ the semantics of quantifiers is the same as HyperLTL, we conjecture that the inexpressiveness result for HyperLTL in [5] can be extended […]	Expressiveness and Decidability of Temporal Logics for Asynchronous Hyperproperties
TCS-2781	It is well-known that the universe of sheaves is not a sheaf in general, and in particular the existence of universes in the first model […]	Gardening with the Pythia A Model of Continuity in a Dependent Setting
TCS-2789	However, we are not aware of an explicit internal proof that division by two implies excluded middle, so that we leave it as an interesting […]	Division by Two, in Homotopy Type Theory
TCS-2790	Considering a configuration C such that Γ ⊢ C :: (Γ, a : X[n]) where X[i] is a positive coinductive type, we conjecture that |C|, […]	Type-Based Termination for Futures
TCS-2815	The use of finite-horizon objectives simplifies the analysis (note that the existence of infinite-horizon NE for CSGs is an open problem [7], and the verification […]	Probabilistic Model Checking for Strategic Equilibria-Based Decision Making: Advances and Challenges (Invited Talk)
TCS-2824	We conjecture that if c(A1 , . . . , An ) is a formula defined in terms of the standard connectives, and we derive […]	Classical Natural Deduction from Truth Tables
TCS-2825	Note that the second point implies, by Theorem 49, that there exists N such that M −→b N and normal(N ), which is what we […]	Linear Rank Intersection Types
TCS-2839	This raises the question: what is the dynamic d-logic of Euclidean spaces in general, and of the plane in particular?	Dynamic Cantor Derivative Logic
TCS-2840	These are sufficient to model transfinite hierarchies, but as we noted in Section 4.1, we do not know how to model strict inclusions with them.	Generalized Universe Hierarchies and First-Class Universe Levels
TCS-2845	In this case, we do not know if the limit will be empty or not.	Strategy Synthesis for Global Window PCTL
TCS-2854	The last problem that we deliberately leave open concerns the notion of generalized circuits used in this paper.	On Dynamic Lifting and Effect Typing in Circuit Description Languages
TCS-2855	The extension of these results, notably normalization and consistency, to the entirety of theory U is still an open question.	Expressing Ecumenical Systems in the λΠ-Calculus Modulo Theory
TCS-2866	If not, is there an fpt algorithm which computes such a colouring for every r?	Differential Games, Locality, and Model Checking for FO Logic of Graphs
TCS-2867	Is it possible to tune differently the side condition of the ( , ⊸ cut)-rule to capture other complexity classes?	Parallelism in Soft Linear Logic
TCS-2893	Does the hardness scale with assembly size or tile set size?	Unique Assembly Verification in Two-Handed Self-Assembly
TCS-2937	It also raises the question of the equivalence with TPTL: would it be possible to find an equivalent collection of chronicles for a TPTL formula?	Logical Forms of Chronicles
TCS-2943	Whether our new upper bounds are tight remains an open problem: neither our coNP- hardness result for the reachability synthesis problem nor the PSPACE and […]	Revisiting Parameter Synthesis for One-Counter Automata
TCS-2963	We leave open the question of whether these coercions can be interpreted as a continuous embedding of one space into another and what this means […]	A Metatheoretic Analysis of Subtype Universes
TCS-2985	What is the complexity of the model checking problem for ordered logics, if we use list encoding to encode our structures?	Towards a Model Theory of Ordered Logics: Expressivity and Interpolation
TCS-2995	If yes, can small certificates be computed efficiently?	Explaining Behavioural Inequivalence Generically in Quasilinear Time
TCS-3022	We leave it as an open problem, whether or not signals and conditions add to the expressive power of BCP.	Pushdown Automata and Context-Free Grammars in Bisimulation Semantics
TCS-3029	We do not know yet whether it could be used to reason about justness.	Enabling Preserving Bisimulation Equivalence
TCS-3030	However, the complexity of UBA universality is an open problem [30]; only membership in PSPACE is known.	Linear-Time Model Checking Branching Processes
TCS-3031	We conjecture that Coq’s restriction preventing large elimination principles for non-sub-singleton propositions makes LEM and CT consistent in Coq.	Church’s Thesis and Related Axioms in Coq’s Type Theory
TCS-3036	Is the 2HAM alone capable of covert computation?	Covert Computation in Staged Self-Assembly: Verification Is PSPACE-Complete
TCS-3040	Also, type-preserving CPS translation of effect handlers is an open problem in the community [23].	A Functional Abstraction of Typed Invocation Contexts
TCS-3041	We do not know whether Mints’ λ-calculus with restricted η-expansion (such that no β-redexes are created) has the Z-property.	Z; Syntax-Free Developments
TCS-3052	Many fundamental questions remain open, in particular for model checking and related problems, like evaluation and enumeration.	The Theory of Concatenation over Finite Models
TCS-3106	We conjecture that a simple syntactic occurrence check, along the lines outlined in Remark 13, for erased arguments will suffice.	Simulating Large Eliminations in Cedille
TCS-3133	Another avenue for potentially extending Cantor normal forms would be using superleaves [19]; we do not know how such a “bigger” version of Cnf would […]	Connecting Constructive Notions of Ordinals in Homotopy Type Theory
TCS-3141	We conjecture that the canonicity and normalisation displayed models from the corresponding proofs for type theory [10, 6] can be formalised in pure intensional type […]	Internal Strict Propositions Using Point-Free Equations
TCS-3149	We conjecture that this is not the case, and that entailment is undecidable for progressing, connected and non-e-restricted sets.	Decidable Entailments in Separation Logic with Inductive Definitions: Beyond Establishment
TCS-3168	We conjecture that also infinitary data types are supported in this model, but this result is out of reach of our current proof method.	Quantitative Polynomial Functors
TCS-3187	Does the same hold for two other techniques that we have considered in the paper – the fixed point technique and the strategy improvement technique?	Continuous Positional Payoffs
TCS-3200	What is the complexity of model checking for TeamLTL (with the disjunction ∨ but without additional atoms and connectives)?	Linear-Time Temporal Logic with Team Semantics: Expressivity and Complexity
TCS-3226	For example, is there a simple way to improve the MA-like protocol for the multi-thresholds class Td to achieve 1-PAC verification (instead of 2-PAC verification)?	Interactive Proofs for Verifying Machine Learning
TCS-3247	Is it possible to show a logΩ(k) n query lower bound for the problem?	A Faster Algorithm for Finding Tarski Fixed Points
TCS-3258	How do we differ from the classical, set-theoretic approach?	A Machine-Checked Proof of Birkhoff’s Variety Theorem in Martin-Löf Type Theory
TCS-3261	It is an open question whether some other simple criterion would characterize more needed redexes, and thus potentially allow for even shorter sequences than our […]	A Strong Call-By-Need Calculus
TCS-3319	4.3 Discounted sum measure For DSum-transducer, we conjecture that RobT (ν, L) is in general non-regular.	Weighted Transducers for Robustness Verification
TCS-3321	For rollback, we could follow the ideas in [22], which leave however open the issue of how to manage rollback targets.	A General Approach to Derive Uncontrolled Reversible Semantics
TCS-3322	We do not know if and how swap increases the discriminating power of external observers.	On the Representation of References in the Pi-Calculus
TCS-3325	For regular functions, we conjecture that 2DFT characterise the computable ones, but we have not been able to show it yet.	Synthesis of Computable Regular Functions of Infinite Words
TCS-3332	It is an open problem whether an analogous result can be proved for accessible set functors in general.	On Free Completely Iterative Algebras
TCS-3335	So far, we do not know whether the model-checking problem is hard or tractable on clustered random graphs.	First-Order Model-Checking in Random Graphs and Complex Networks
TCS-3341	Furthermore, it is an open question whether there is an alternative characterization of the id-congruence of Theorem 6.5 that is amenable to mechanization.	Conditional Bisimilarity for Reactive Systems
TCS-3342	However, how should we test E1 and E2 for control effects?	A Complete Normal-Form Bisimilarity for Algebraic Effects and Handlers
TCS-3344	In particular we emphasize that even decidability of the Rounded P2P Problem in the case of a 2D rotation matrix remains open.	Reachability in Dynamical Systems with Rounding
TCS-3370	The problem of determining the exact complexity of the fragment BE, which is known to be EXPSPACE-hard and subsumes BD, [2], remains open.	On a Temporal Logic of Prefixes and Infixes
TCS-3401	We leave the decidability status open for Dsum, but nevertheless show decidability for a large class, namely when the discount factor is of N the […]	Synthesis from Weighted Specifications with Partial Domains over Finite Words
TCS-3424	Thus, we do not know how to combine a class of inductive types closed under composition constructed from the W type as we have in […]	Why Not W?
TCS-3437	Normalization of higher-order queries in the presence of all of these features simultaneously remains an open problem, which we plan to consider next.	Strongly Normalizing Higher-Order Relational Queries
TCS-3462	What is the precise complexity of control-state reachability, deadlock, unboundedness, and termination for input-bounded FIFO machines?	Bounded Reachability Problems Are Decidable in FIFO Machines
TCS-3466	Can one characterize the differential objects in a coEilenberg-Moore category of a differential category?	Tangent Categories from the Coalgebras of Differential Categories
TCS-3476	How should an iteration operator iter be defined?	The Difference λ-Calculus: A Language for Difference Categories
TCS-3477	What about for even special cases like F0 or F∞ ?	New Verification Schemes for Frequency-Based Functions on Data Streams
TCS-3479	Can Markov chains with continuous emissions be model-checked efficiently?	Equivalence of Hidden Markov Models with Continuous Observations
TCS-3542	Second, is the confluent rewrite system used in the encoding terminating?	Encoding of Predicate Subtyping with Proof Irrelevance in the λΠ-Calculus Modulo Theory
TCS-3546	We conjecture that this question can be answered positively, by leveraging our succinct flattenability result for 2-TVASS and by extending [7] with zero-tests on the […]	Reachability in Two-Dimensional Vector Addition Systems with States: One Test Is for Free
TCS-3547	It appears fairly straightforward to obtain results of this kind in semantics, but syntactic results are much murkier; similar conservativity questions for homotopy and cubical […]	Internal Parametricity for Cubical Type Theory
TCS-3548	However, our proof does not apply to their main example of the effective topos because it is unknown how to construct a universe satisfying ax6 […]	Unifying Cubical Models of Univalent Type Theory
TCS-3578	For instance, are free-choice nets [15] – with restricted conflicts of transitions – more amenable to this type of analysis than arbitrary nets?	Uncertainty Reasoning for Probabilistic Petri Nets via Bayesian Networks
TCS-3591	We conjecture that extending TSP; (A) with propositional signals suffices to facilitate the definability of all pushdown processes.	Sequencing and Intermediate Acceptance: Axiomatisation and Decidability of Bisimilarity
TCS-3595	We leave open the unbounded case, which we conjecture to be decidable.	Synthesis of Data Word Transducers
TCS-3636	The decidability status, however, remains open in the functional two-way case, as well as in the unrestricted (non-functional) two-way case.	On Synthesis of Resynchronizers for Transducers
TCS-3651	Therefore, the question of generalizing Theorem 36 by adding equality remains open.	A Bounded Domain Property for an Expressive Fragment of First-Order Linear Temporal Logic
TCS-3655	As mentioned in Section 4.2.2, it also remains an open problem whether IITs are reducible to inductive types in a UIP-free setting.	For Finitary Induction-Induction, Induction Is Enough
TCS-3671	Indeed, we conjecture that System I extended with an η-expansion rule would lead to a system where there is no closed elimination term in normal […]	Proof Normalisation in a Logic Identifying Isomorphic Propositions
TCS-3673	Recall that NWTL and CaRet + W are expressively complete for the known context-free extension FOµ of standard first-order logic (FO) over words (on a […]	Interval Temporal Logic for Visibly Pushdown Systems
TCS-3687	While we do not know if it is consistent, we can try and compare it to existing systems, and for that we start by showing […]	Is Impredicativity Implicitly Implicit?
TCS-3695	It is an open question what could be proved without this assumption.	On Terminal Coalgebras Derived from Initial Algebras
TCS-3769	What kind of accessibility relations or model classes can be characterized by 2-variable TML?	Two variable fragment of Term Modal Logic
TCS-3783	The exact complexity of pMDP reachability problems with this restriction remains open, and our upper bounds do not straightforwardly generalise beyond simple pMDPs (see Rem. […]	On the Complexity of Reachability in Parametric Markov Decision Processes
TCS-3786	Since our focus for the present paper is string rewriting, we also leave open the question of whether sparse tiling would be useful for termination […]	Sparse Tiling Through Overlap Closures for Termination of String Rewriting
TCS-3839	We do not know whether an exponential bound on kMV k holds for any class of afmp-Z-VASS.	Affine Extensions of Integer Vector Addition Systems with States
TCS-3851	We conjecture that the ρ-property of even BCK- and BCI-terms is decidable.	On Repetitive Right Application of B-Terms
TCS-3855	So far, we do not know whether K−layeredness is decidable for a fixed K.	Hyper Partial Order Logic
TCS-3858	Is boundedness decidable for arbitrary dimension TRVASS?	Reachability for Two-Counter Machines with One Test and One Reset
TCS-3896	Actually, we do not know if SL[BG][ model checking is decidable under the timeline semantics.	Dependences in Strategy Logic
TCS-3904	It remains an open question whether the predicative universes in the cubical assembly model satisfy the propositional resizing axiom.	Cubical Assemblies, a Univalent and Impredicative Universe and a Failure of Propositional Resizing
TCS-3909	We leave open whether there is a one-dimensional temporal logic over MSCs, with a finite set of FO-definable modalities, that is expressively complete for FO[→, […]	It Is Easy to Be Wise After the Event: Communicating Finite-State Machines Capture First-Order Logic with "Happened Before"
TCS-3914	While a more effecient APW to AWW transformation will always yield a more efficient parity game solving algorithm, the extent to which the converse holds […]	On the Way to Alternating Weak Automata
TCS-3931	An interesting result is that, even though we do not know whether an interpretation of types which is a model can actually be found, we […]	Semantic Subtyping for Non-Strict Languages
TCS-3932	In particular, we conjecture that weak explicit substitutions can be shown to simulate weak λ-reduction, given suitable translation functions between terms of the two calculi […]	Normalization by Evaluation for Typed Weak lambda-Reduction
TCS-3937	It remains an open question whether these positive results for the controller-less case can be generalized to multiple real-valued clocks per token.	Universal Safety for Timed Petri Nets is PSPACE-complete
TCS-3963	A related question is the following: does the Kantorovich lifting preserve completeness of metrics?	(Metric) Bisimulation Games and Real-Valued Modal Logics for Coalgebras
TCS-3971	Can we define a system in which all levels stay in FPTIME?	Combining Linear Logic and Size Types for Implicit Complexity
TCS-3977	What inclusions DCα ⊆ DCβ are strict for ω ≤ α < β?	Decreasing Diagrams with Two Labels Are Complete for Confluence of Countable Systems
TCS-4005	What about the extensions of LTL under team semantics?	Team Semantics for the Specification and Verification of Hyperproperties
TCS-4017	Is it possible to axiomatise the positive calculus of relations with transitive closure?	On the Positive Calculus of Relations with Transitive Closure
TCS-4029	Is the mystery of non-strictly positive breadth-first traversal now completely solved?	Martin Hofmann’s Case for Non-Strictly Positive Data Types
TCS-4032	We expect the complexity to rise when changing from maximizing over the absolute value to maximizing over the value, as this appears to be close […]	Parity Games with Weights
TCS-4036	Note that the equivalence of the judgmental equality presentation and the implementation of definitional equality by conversion (as implemented in Coq) is a tricky issue […]	Cumulative Inductive Types In Coq
TCS-4052	Since comonads arise naturally in type theory and functional programming [31, 28], can we connect the study of finite model theory made here with a […]	Relating Structure and Power: Comonadic Semantics for Computational Resources
TCS-4072	We also leave it as an open problem to characterize the functors that admit a disjunctive basis.	Disjunctive Bases: Normal Forms for Modal Logics
TCS-4079	The case in which players’ preferences are run-based, however, we have to leave as an open question.	Nash Equilibrium and Bisimulation Invariance
TCS-4081	Finally, we leave open the problem of finding a sound and complete axiomatization for ITLe .	A Decidable Intuitionistic Temporal Logic
TCS-4089	However, we conjecture that the issue illustrated in Example 33 does not occur in weakly non-overlapping systems – making the left-linearity restriction superfluous.	Böhm Reduction in Infinitary Term Graph Rewriting Systems
TCS-4114	While the exact complexities of the problems VAL(Minc) and VAL(EMinc) remain open, it is straightforward to establish that the complexities coincide.	Model Checking and Validity in Propositional and Modal Inclusion Logics
TCS-4116	In order to use a similar technique for CS-TNGs, we first establish PLS-hardness for acyclic CS-NGs, which is an open problem.	Timed Network Games
TCS-4124	While the problem of modular separability is ExpSpace-hard, we do not know whether it is as hard as the VAS reachability problem.	Separability of Reachability Sets of Vector Addition Systems
TCS-4138	It is an open problem whether coalgebraic type functors of interest on convex sets are proper, e.g. the functor F X = [0, 1] × […]	Proper Functors and their Rational Fixed Point
TCS-4139	In particular, ‘up to context’ enhancements for the ground bisimilarity of the π-calculus require closure under name instantiation, even when ground bisimilarity is known to […]	Divergence and Unique Solution of Equations
TCS-4140	We conjecture that it is reducible from solving simple stochastic games, which will show that it is as hard as several other problems whose exact […]	Infinite-Duration Bidding Games
TCS-4147	Finally, we conjecture that the construction in the proof of Lemma 41 can be generalized to arbitrary simple types (not restricted to the shape in […]	The Complexity of Principal Inhabitation
TCS-4148	We conjecture that the converse is true for the mode theories we have described here, which says that the “extra” types and judgements available in […]	A Fibrational Framework for Substructural and Modal Logics
TCS-4149	On the other hand, we do not know yet if effective computations of modulus of uniform continuity could be pertinent for Church’s synthesis (e.g. for […]	A Curry-Howard Approach to Church's Synthesis
TCS-4155	We conjecture that FO model checking is FPT for circle graphs additionally parameterized by the maximum clique size, visibility graphs of weak visibility polygons additionally […]	FO Model Checking of Geometric Graphs
TCS-4166	It is an open problem whether our results hold in more general categories, e.g., in all extensive locally presentable ones.	On Corecursive Algebras for Functors Preserving Coproducts
TCS-4167	However, we do not currently know if the above construction is indeed correct, and leave this as an open problem.	Monoidal Company for Accessible Functors
TCS-4173	However, it remains open, how this compares to the “greedy garbage collection” of [17].	Combinatorial Flows and Their Normalisation
TCS-4183	Is such a condition significantly different from the bilimit condition mentioned in the introduction and the universal property in [7]?	Being Van Kampen in Presheaf Topoi is a Uniqueness Property
TCS-4196	Can we improve the quadratic bound?	Is the Optimal Implementation Inefficient? Elementarily Not
TCS-4242	It remains open whether our approach can be extended to, e.g., the monotone neighbourhood functor, which is not itself zippable and also does not have […]	Efficient Coalgebraic Partition Refinement
TCS-4243	The problems that remain open include the status of AAHorn , as well as extending our results to the discrete infinite case (e.g., N or […]	Fast(er) Reasoning in Interval Temporal Logic
TCS-4296	It remains open whether there exist efficient translations between the two logics.	Visibly Linear Dynamic Logic
TCS-4302	However, the strategy synthesis problem for multi-objective probabilistic LTL properties in general stochastic games remains open.	Model Checking and Strategy Synthesis for Stochastic Games: From Theory to Practice (Invited Talk)
TCS-4311	We leave open the problem of determining whether the dependence on d in the function f (R, d) can be substantially improved.	Ground Reachability and Joinability in Linear Term Rewriting Systems are Fixed Parameter Tractable with Respect to Depth
TCS-4334	Since W is larger than the set R of rootactibve terms, we conjecture that R can not be used to prove that a partial recursive […]	On Undefined and Meaningless in Lambda Definability
TCS-4335	Furthermore, we conjecture that a combination of higher-order rewriting and restrictions on rule formation, possibly together with additions such as product types, may yield characterizations […]	Complexity Hierarchies and Higher-Order Cons-Free Rewriting
TCS-4358	We conjecture that the functors T1 , T∞ have counterparts in this more general setting.	Bayesian Inversion by Omega-Complete Cone Duality (Invited Paper)
TCS-4360	It remains an open problem to determine if these complexity upper bounds are tight.	Robust Linear Temporal Logic
TCS-4394	For example, which syntactic forms of types give rise to small number of inhabitants?	Synthesis of Functional Programs with Help of First-Order Intuitionistic Logic
TCS-4395	Expressing properties: which quantitative and qualitative properties of systems can be naturally expressed using quantitative solos?	Weighted Relational Models for  Mobility
TCS-4396	Are there infinite-state restrictions of Petri nets other than 1-VASS whose observability semantics is robust?	One-Counter Automata with Counter Observability
TCS-4435	This is because for every formula, we only know that there exists the number h in Extension Step II such that all the inequalities in […]	Probabilistic Mu-Calculus: Decidability and Complete Axiomatization
TCS-4461	The converse holds at least assuming function extensionality; we do not know whether this assumption is necessary.)	Parametricity, Automorphisms of the Universe, and Excluded Middle
TCS-4470	Similar to Theorem 24, we conjecture that Theorem 26 also holds for non-deterministic HLTSs.	Notions of Conformance Testing for Cyber-Physical Systems: Overview and Roadmap (Invited Paper)
TCS-4473	As for the other HS fragments, we showed that HS[A, A, B, E] is in PSPACE, and we conjecture that it is PSPACE-complete.	A Model Checking Procedure for Interval Temporal Logics based on Track Representatives
TCS-4474	We conjecture that the decidability result for CCTL∗ over T∞ can be extended to CECTL∗ .	Temporal Logics with Local Constraints (Invited Talk)
TCS-4477	Encoding the scope-bounded restriction would give an algorithm for reachability games over such systems, but we do not know if the problem is decidable.	Ordered Tree-Pushdown Systems
TCS-4478	The decidability status of 1cSL1 [BG] (and of 1cSL[BG]) model checking remains open.	Weighted Strategy Logic with Boolean Goals Over One-Counter Games
TCS-4489	We do not know whether it is possible to prove a similar result for a calculus without the existential and universal next operators.	Tractable Probabilistic mu-Calculus That Expresses Probabilistic Temporal Logics
TCS-4500	The use of Howe’s method remains an open problem for calculi with both passivation and join patterns, such as Kell, if we do not want […]	Howe's Method for Contextual Semantics
TCS-4513	Our definition of nominal transition systems is very general since we leave open what the states, transitions and predicates are.	Modal Logics for Nominal Transition Systems
TCS-4535	How hard is model checking conjunctive positive queries on finite groups?	First-Order Queries on Finite Abelian Groups
TCS-4536	Additive connectives can be introduced without any difficulty, but the involutive negation, and especially the introduction of the why-not modality ?	Modelling Coeffects in the Relational Semantics of Linear Logic
TCS-4560	Our theorem cannot be applied with this class as Class C or Class D , and we do not know if the reachability problem becomes […]	Safety of Parametrized Asynchronous Shared-Memory Systems is Almost Always Decidable
TCS-4564	We conjecture that it has a presheaf model in a univalent metatheory (as some equations are only validated up to isomorphism – note that this […]	Towards a Cubical Type Theory without an Interval
TCS-4617	The only cases in which the polynomial kernel question remains open are those in which λ = 21 and either Π is not hereditary, or […]	Polynomial Kernels for lambda-extendible Properties Parameterized Above the Poljak-Turzik Bound
TCS-4625	The problem of finding a model which validates all and only the type isomorphisms studied in this paper remains open.	Isomorphism of "Functional" Intersection Types
TCS-4632	Is the product logic K4×Diff decidable?	One-variable first-order linear temporal logics with counting
TCS-4656	We conjecture that replacing the predicates on the effect of a path by predicates on the Parikh image of the path would put the model […]	Extending the Rackoff technique to Affine nets
TCS-4684	We conjecture that the upper bound can be improved, although we may require a new approach, since the complexity comes from the construction of regular […]	Parameterised Pushdown Systems with Non-Atomic Writes
TCS-4691	Does a modelling language with an irreducible universal model have any advantage over a modelling language with redundant features?	A new approach to the semantics of model diagrams
TCS-5102	Normalization Without Syntax — Explicit open question on PDF page 8	Normalization Without Syntax
TCS-5146	LTL over Finite Words Can Be Exponentially More Succinct Than Pure-Past LTL, and vice versa — Unresolved-question passage on page 11	LTL over Finite Words Can Be Exponentially More Succinct Than Pure-Past LTL, and vice versa
TCS-5491	Strongly Finitary Monads for Varieties of Quantitative Algebras — Open Problem 58	Strongly Finitary Monads for Varieties of Quantitative Algebras
TCS-5579	Drawings of Complete Multipartite Graphs up to Triangle Flips — Question 2	Drawings of Complete Multipartite Graphs up to Triangle Flips
TCS-5600	Polynomial Vector Addition Systems With States — Explicit open question on PDF page 1	Polynomial Vector Addition Systems With States
TCS-5606	Query-Efficient Fixpoints of l_p-Contractions — Explicit open question on PDF page 9	Query-Efficient Fixpoints of l_p-Contractions
TCS-5635	On the Complexity of Robust Markov Decision Processes and Bisimulation Metrics — Explicit open question on PDF page 5	On the Complexity of Robust Markov Decision Processes and Bisimulation Metrics
TCS-5647	Absolute Convergence and Taylor Expansion in Web Based Models of Linear Logic — Explicit open question on PDF page 9	Absolute Convergence and Taylor Expansion in Web Based Models of Linear Logic
TCS-5668	Homogeneous Equations of Algebraic Petri Nets — Explicit open question on PDF page 2	Homogeneous Equations of Algebraic Petri Nets
TCS-5678	Explainability is a Game for Probabilistic Bisimilarity Distances — Explicit open question on PDF page 16	Explainability is a Game for Probabilistic Bisimilarity Distances
TCS-5682	On Piecewise Affine Reachability with Bellman Operators — Explicit open question on PDF page 2	On Piecewise Affine Reachability with Bellman Operators
TCS-5732	Regular Separability in Büchi VASS — Explicit open question on PDF page 1	Regular Separability in Büchi VASS
TCS-5735	Characterising Memory in Infinite Games — Unresolved-question passage on page 16	Characterising Memory in Infinite Games
TCS-5737	A Lambda Calculus Satellite (Invited Talk) — Explicit open question on PDF page 5	A Lambda Calculus Satellite (Invited Talk)
TCS-5741	On Kripke, Vietoris and Hausdorff Polynomial Functors ((Co)algebraic pearls) — Unresolved-question passage on page 14	On Kripke, Vietoris and Hausdorff Polynomial Functors ((Co)algebraic pearls)
TCS-5765	Anytime Guarantees for Reachability in Uncountable Markov Decision Processes — Explicit open question on PDF page 9	Anytime Guarantees for Reachability in Uncountable Markov Decision Processes
TCS-5797	Local Certification of Local Properties: Tight Bounds, Trade-Offs and New Parameters — Open problem 2	Local Certification of Local Properties: Tight Bounds, Trade-Offs and New Parameters
TCS-5810	Are Two Binary Operators Necessary to Finitely Axiomatise Parallel Composition? — Explicit open question on PDF page 4	Are Two Binary Operators Necessary to Finitely Axiomatise Parallel Composition?
TCS-5817	Domain Theory in Constructive and Predicative Univalent Foundations — Explicit open question on PDF page 5	Domain Theory in Constructive and Predicative Univalent Foundations
TCS-5858	Cost Automata, Safe Schemes, and Downward Closures — Explicit open question on PDF page 7	Cost Automata, Safe Schemes, and Downward Closures
TCS-5860	The Memory of ω-Regular and BC(Σ02) Objectives — Unresolved-question passage on page 15	The Memory of ω-Regular and BC(Σ02) Objectives
TCS-5876	Reachability in Dynamical Systems with Rounding — Unresolved-question passage on page 14	Reachability in Dynamical Systems with Rounding
TCS-5878	Streaming Verification for Graph Problems: Optimal Tradeoffs and Nonlinear Sketches — Explicit open question on PDF page 4	Streaming Verification for Graph Problems: Optimal Tradeoffs and Nonlinear Sketches
TCS-5882	Progress, Justness and Fairness in Modal μ-Calculus Formulae — Explicit open question on PDF page 2	Progress, Justness and Fairness in Modal μ-Calculus Formulae
TCS-5911	Decidability of Graph Neural Networks via Logical Characterizations — Unresolved-question passage on page 19	Decidability of Graph Neural Networks via Logical Characterizations
TCS-5912	Conservativity of Type Theory over Higher-Order Arithmetic — Unresolved-question passage on page 16	Conservativity of Type Theory over Higher-Order Arithmetic
TCS-5914	Many-Valued Coalgebraic Logic: From Boolean Algebras to Primal Varieties — Unresolved-question passage on page 15	Many-Valued Coalgebraic Logic: From Boolean Algebras to Primal Varieties
TCS-5915	From Cubes to Twisted Cubes via Graph Morphisms in Type Theory — Explicit open question on PDF page 2	From Cubes to Twisted Cubes via Graph Morphisms in Type Theory
TCS-5920	On Synthesis of Resynchronizers for Transducers — Unresolved-question passage on page 14	On Synthesis of Resynchronizers for Transducers
TCS-5922	For Finitary Induction-Induction, Induction Is Enough — Unresolved-question passage on page 25	For Finitary Induction-Induction, Induction Is Enough
TCS-5940	Set Semantics for Asynchronous TeamLTL: Expressivity and Complexity — Unresolved-question passage on page 13	Set Semantics for Asynchronous TeamLTL: Expressivity and Complexity
TCS-5975	About Decisiveness of Dynamic Probabilistic Models — Explicit open question on PDF page 3	About Decisiveness of Dynamic Probabilistic Models
TCS-5976	History-Deterministic Vector Addition Systems — Explicit open question on PDF page 3	History-Deterministic Vector Addition Systems
TCS-5983	Generalized Universe Hierarchies and First-Class Universe Levels — Unresolved-question passage on page 15	Generalized Universe Hierarchies and First-Class Universe Levels
TCS-5987	Two Lower Bounds for BPA — Explicit open question on PDF page 1	Two Lower Bounds for BPA
TCS-6019	Continuous Positional Payoffs — Unresolved-question passage on page 14	Continuous Positional Payoffs
TCS-6032	Parametricity, Automorphisms of the Universe, and Excluded Middle — Explicit open question on PDF page 3	Parametricity, Automorphisms of the Universe, and Excluded Middle
TCS-6052	Confluence of Layered Rewrite Systems — Explicit open question on PDF page 15	Confluence of Layered Rewrite Systems
TCS-6062	Bounded Reachability Problems Are Decidable in FIFO Machines — Unresolved-question passage on page 14	Bounded Reachability Problems Are Decidable in FIFO Machines
TCS-6086	Deriving an Abstract Machine for Strong Call by Need — Explicit open question on PDF page 5	Deriving an Abstract Machine for Strong Call by Need
TCS-6104	Proper Functors and their Rational Fixed Point — Unresolved-question passage on page 14	Proper Functors and their Rational Fixed Point
TCS-6106	Böhm Reduction in Infinitary Term Graph Rewriting Systems — Unresolved-question passage on page 15	Böhm Reduction in Infinitary Term Graph Rewriting Systems
TCS-6107	A Decidable Intuitionistic Temporal Logic — Unresolved-question passage on page 15	A Decidable Intuitionistic Temporal Logic
TCS-6110	Team Semantics for the Specification and Verification of Hyperproperties — Unresolved-question passage on page 14	Team Semantics for the Specification and Verification of Hyperproperties
TCS-6112	Cubical Assemblies, a Univalent and Impredicative Universe and a Failure of Propositional Resizing — Unresolved-question passage on page 16	Cubical Assemblies, a Univalent and Impredicative Universe and a Failure of Propositional Resizing
TCS-6153	Generalized Bidding Games: Where Bidding and Stochastic Games Meet — Explicit open question on PDF page 16	Generalized Bidding Games: Where Bidding and Stochastic Games Meet
TCS-6157	Asymptotic Determinacy of Path Queries using Union-of-Paths Views — Explicit open question on PDF page 2	Asymptotic Determinacy of Path Queries using Union-of-Paths Views
TCS-6159	Probabilistic Model Checking via Families of Deterministic and Unambiguous Finite Automata — Explicit open question on PDF page 3	Probabilistic Model Checking via Families of Deterministic and Unambiguous Finite Automata
TCS-6209	Mirroring Call-By-Need, or Values Acting Silly — Unresolved-question passage on page 14	Mirroring Call-By-Need, or Values Acting Silly
TCS-6212	Fitting’s Style Many-Valued Interval Temporal Logic Tableau System: Theory and Implementation — Explicit open question on PDF page 4	Fitting’s Style Many-Valued Interval Temporal Logic Tableau System: Theory and Implementation
TCS-6217	As Soon as Possible but Rationally — Explicit open question on PDF page 3	As Soon as Possible but Rationally
TCS-6223	Affine Extensions of Integer Vector Addition Systems with States — Unresolved-question passage on page 15	Affine Extensions of Integer Vector Addition Systems with States
TCS-6236	Speed Me up If You Can: Conditional Lower Bounds on Opacity Verification — Explicit open question on PDF page 2	Speed Me up If You Can: Conditional Lower Bounds on Opacity Verification
TCS-6245	Involved VASS Zoo (Invited Talk) — Explicit open question on PDF page 3	Involved VASS Zoo (Invited Talk)
TCS-6247	Loop Termination and Generalized Collatz Sequences — Explicit open question on PDF page 9	Loop Termination and Generalized Collatz Sequences
TCS-6250	On the Encodability of Reversible Process Calculi — Unresolved-question passage on page 17	On the Encodability of Reversible Process Calculi
TCS-6253	Probabilistic Model Checking for Strategic Equilibria-Based Decision Making: Advances and Challenges (Invited Talk) — Explicit open question on PDF page 8	Probabilistic Model Checking for Strategic Equilibria-Based Decision Making: Advances and Challenges (Invited Talk)
TCS-6256	Expressiveness and Decidability of Temporal Logics for Asynchronous Hyperproperties — Unresolved-question passage on page 15	Expressiveness and Decidability of Temporal Logics for Asynchronous Hyperproperties
TCS-6261	Countdown μ-Calculus — Explicit open question on PDF page 2	Countdown μ-Calculus
TCS-6265	Verification of Linear Dynamical Systems via O-Minimality of the Real Numbers — Explicit open question on PDF page 3	Verification of Linear Dynamical Systems via O-Minimality of the Real Numbers
TCS-6266	A Functional Abstraction of Typed Invocation Contexts — Unresolved-question passage on page 15	A Functional Abstraction of Typed Invocation Contexts
TCS-6275	From Partial to Monadic: Combinatory Algebra with Effects — Unresolved-question passage on page 15	From Partial to Monadic: Combinatory Algebra with Effects
TCS-6277	Formalisation of Dependent Type Theory: The Example of CaTT — Explicit open question on PDF page 7	Formalisation of Dependent Type Theory: The Example of CaTT
TCS-6279	Guarded Kleene Algebra with Tests: Coequations, Coinduction, and Completeness — Explicit open question on PDF page 12	Guarded Kleene Algebra with Tests: Coequations, Coinduction, and Completeness
TCS-6283	A Faster Algorithm for Finding Tarski Fixed Points — Explicit open question on PDF page 1	A Faster Algorithm for Finding Tarski Fixed Points
TCS-6284	Safety and Liveness on Finite Words — Unresolved-question passage on page 11	Safety and Liveness on Finite Words
TCS-6296	Synthesis of Computable Regular Functions of Infinite Words — Unresolved-question passage on page 14	Synthesis of Computable Regular Functions of Infinite Words
TCS-6302	From Bisimulation to Traces: The Impact of Parallel Composition on Finite Bases — Explicit open question on PDF page 2	From Bisimulation to Traces: The Impact of Parallel Composition on Finite Bases
TCS-6312	Game-Based Local Model Checking for the Coalgebraic mu-Calculus — Explicit open question on PDF page 1	Game-Based Local Model Checking for the Coalgebraic mu-Calculus
TCS-6314	Good for Games Automata: From Nondeterminism to Alternation — Unresolved-question passage on page 1	Good for Games Automata: From Nondeterminism to Alternation
TCS-6333	Completeness Theorems for Kleene Algebra with Top — Explicit open question on PDF page 4	Completeness Theorems for Kleene Algebra with Top
TCS-6337	Dynamic Cantor Derivative Logic — Unresolved-question passage on page 16	Dynamic Cantor Derivative Logic
TCS-6349	How to Write a Coequation ((Co)algebraic pearls) — Explicit open question on PDF page 7	How to Write a Coequation ((Co)algebraic pearls)
TCS-6351	Model Checking of Robot Gathering — Explicit open question on PDF page 3	Model Checking of Robot Gathering
TCS-6352	Precongruence Formats with Lookahead through Modal Decomposition — Explicit open question on PDF page 2	Precongruence Formats with Lookahead through Modal Decomposition
TCS-6353	Satisfiability and Model Checking for the Logic of Sub-Intervals under the Homogeneity Assumption — Explicit open question on PDF page 2	Satisfiability and Model Checking for the Logic of Sub-Intervals under the Homogeneity Assumption
TCS-6359	On Decidability of Concurrent Kleene Algebra — Explicit open question on PDF page 2	On Decidability of Concurrent Kleene Algebra
TCS-6360	Threshold Constraints with Guarantees for Parity Objectives in Markov Decision Processes — Explicit open question on PDF page 2	Threshold Constraints with Guarantees for Parity Objectives in Markov Decision Processes
TCS-6361	The Confluent Terminating Context-Free Substitutive Rewriting System for the lambda-Calculus with Surjective Pairing and Terminal Type — Explicit open question on PDF page 3	The Confluent Terminating Context-Free Substitutive Rewriting System for the lambda-Calculus with Surjective Pairing and Terminal Type
TCS-6377	Connecting Constructive Notions of Ordinals in Homotopy Type Theory — Unresolved-question passage on page 13	Connecting Constructive Notions of Ordinals in Homotopy Type Theory
TCS-6384	Towards Concept Analysis in Categories: Limit Inferior as Algebra, Limit Superior as Coalgebra — Explicit open question on PDF page 1	Towards Concept Analysis in Categories: Limit Inferior as Algebra, Limit Superior as Coalgebra
TCS-6387	A Fresh Look at the lambda-Calculus (Invited Talk) — Explicit open question on PDF page 7	A Fresh Look at the lambda-Calculus (Invited Talk)
TCS-6389	Reactive Synthesis Without Regret — Explicit open question on PDF page 4	Reactive Synthesis Without Regret
TCS-6390	Temporal Logics with Local Constraints (Invited Talk) — Unresolved-question passage on page 10	Temporal Logics with Local Constraints (Invited Talk)
TCS-6395	Normalization by Evaluation for Typed Weak lambda-Reduction — Explicit open question on PDF page 7	Normalization by Evaluation for Typed Weak lambda-Reduction
TCS-6406	FO Model Checking of Geometric Graphs — Unresolved-question passage on page 9	FO Model Checking of Geometric Graphs
TCS-6408	Slimming down Petri Boxes: Compact Petri Net Models of Control Flows — Explicit open question on PDF page 12	Slimming down Petri Boxes: Compact Petri Net Models of Control Flows
TCS-6418	Tight Bounds For Distributed MST Verification — Explicit open question on PDF page 2	Tight Bounds For Distributed MST Verification
TCS-6442	Parallelism in Soft Linear Logic — Unresolved-question passage on page 16	Parallelism in Soft Linear Logic
TCS-6491	The Reachability Problem for Petri Nets is Not Primitive Recursive — Unresolved-question passage on page 11	The Reachability Problem for Petri Nets is Not Primitive Recursive