id,source_id,source_title,source_locator,source_pages,title,question,kind,current_status,selection,catalogue_ids,verification_note,selection_note,verification_urls
personal-234:Survey Question 1,personal-234,Combinatorial Optimization: Polyhedra and Efficiency,Survey Question 1,1491,P versus NP,Is P different from NP?,question,source_open_unchecked,existing_record,TCS-0001,,Same target is already represented; retain its existing identifier.,
personal-234:Survey Question 2,personal-234,Combinatorial Optimization: Polyhedra and Efficiency,Survey Question 2,1491,P versus NP intersect coNP,Does P equal NP intersect coNP?,question,source_open_unchecked,existing_record,TCS-0018,,Same target is already represented; retain its existing identifier.,
personal-234:Survey Question 3,personal-234,Combinatorial Optimization: Polyhedra and Efficiency,Survey Question 3,1491,Linear Hirsch bound,Does every d-dimensional polytope with m facets have edge diameter at most m-d?,question,resolved_negative,not_imported_resolved,,Santos disproved the Hirsch diameter bound; the author’s errata also records the correction.,,https://arxiv.org/abs/1006.2814; https://homepages.cwi.nl/~lex/co/
personal-234:Survey Question 4,personal-234,Combinatorial Optimization: Polyhedra and Efficiency,Survey Question 4,1491,O(nm) maximum flow,Can a maximum flow be found in O(nm) time in the source network model?,question,resolved_positive,not_imported_resolved,,Orlin obtained O(nm) maximum flow; Schrijver explicitly marks Survey Question 4 answered.,,https://homepages.cwi.nl/~lex/co/
personal-234:Survey Question 5,personal-234,Combinatorial Optimization: Polyhedra and Efficiency,Survey Question 5,1491,Berge path-partition conjecture,"For every minimum k-truncated-size directed path partition, are there k disjoint stable sets meeting each path in min(k, its number of vertices) distinct sets?",question,source_open_unchecked,not_imported,,,,
personal-234:Survey Question 6,personal-234,Combinatorial Optimization: Polyhedra and Efficiency,Survey Question 6,1491,Packing common transversals,Determine the maximum number of common transversals of two set families whose summed incidence vectors obey a specified integral capacity vector.,question,resolved_reported,not_imported_resolved,,Schrijver’s author errata says this question was already solved by Weinberger (1976). The original proof was not reread.,,https://homepages.cwi.nl/~lex/co/
personal-234:Survey Question 7,personal-234,Combinatorial Optimization: Polyhedra and Efficiency,Survey Question 7,1491,Small matching extended formulations,Does every matching polytope admit an extended linear formulation of polynomial size?,question,resolved_negative,not_imported_resolved,,Rothvoss proves exponential extension complexity for the perfect-matching polytope. This rules out the proposed polynomial extended formulation.,,https://arxiv.org/abs/1311.2369
personal-234:Survey Question 8,personal-234,Combinatorial Optimization: Polyhedra and Efficiency,Survey Question 8,1491,Tutte five-flow conjecture,Does every bridgeless graph admit a nowhere-zero 5-flow?,question,source_open_unchecked,not_imported,,,,
personal-234:Survey Question 9,personal-234,Combinatorial Optimization: Polyhedra and Efficiency,Survey Question 9,1492,Tutte four-flow conjecture,Does every bridgeless graph with no Petersen minor admit a nowhere-zero 4-flow?,question,source_open_unchecked,not_imported,,,,
personal-234:Survey Question 10,personal-234,Combinatorial Optimization: Polyhedra and Efficiency,Survey Question 10,1492,Tutte three-flow conjecture,Does every 4-edge-connected graph admit a nowhere-zero 3-flow?,question,source_open_unchecked,not_imported,,,,
personal-234:Survey Question 11,personal-234,Combinatorial Optimization: Polyhedra and Efficiency,Survey Question 11,1492,Weak three-flow conjecture,Is there an absolute edge-connectivity threshold that guarantees a nowhere-zero 3-flow?,question,resolved_positive,not_imported_resolved,,"Thomassen proves a fixed edge-connectivity threshold, settling the weak three-flow conjecture; this does not settle Tutte’s exact four-edge-connectivity conjecture.",,https://orbit.dtu.dk/en/publications/the-weak-3-flow-conjecture-and-the-weak-circular-flow/
personal-234:Survey Question 12,personal-234,Combinatorial Optimization: Polyhedra and Efficiency,Survey Question 12,1492,Jaeger circular-flow conjecture,"For each k at least one, does every 4k-connected graph admit an orientation with outdegree minus indegree divisible by 2k+1 at every vertex? Consult the source for its connectivity convention.",question,source_open_unchecked,not_imported,,,,
personal-234:Survey Question 13,personal-234,Combinatorial Optimization: Polyhedra and Efficiency,Survey Question 13,1492,Generalized Fulkerson conjecture,"In every k-regular graph whose odd cuts have size at least k, do 2k perfect matchings cover every edge exactly twice?",question,source_open_unchecked,not_imported,,,,
personal-234:Survey Question 14,personal-234,Combinatorial Optimization: Polyhedra and Efficiency,Survey Question 14,1493,Fulkerson six-matchings conjecture,Do six perfect matchings cover every edge of every bridgeless cubic graph exactly twice?,question,source_open_unchecked,not_imported,,,,
personal-234:Survey Question 15,personal-234,Combinatorial Optimization: Polyhedra and Efficiency,Survey Question 15,1493,Berge five-matchings conjecture,Can every bridgeless cubic graph be covered by five perfect matchings?,question,source_open_unchecked,not_imported,,,,
personal-234:Survey Question 16,personal-234,Combinatorial Optimization: Polyhedra and Efficiency,Survey Question 16,1493,Goldberg–Seymour conjecture,Is the chromatic index of every multigraph at most the maximum of maximum degree plus one and the ceiling of its fractional chromatic index?,question,resolved_positive,not_imported_resolved,,The Goldberg–Seymour bound was proved by Chen–Jing–Zang; the 2024 short proof supplies a further primary reference.,,https://arxiv.org/abs/1901.10316; https://arxiv.org/abs/2407.09403
personal-234:Survey Question 17,personal-234,Combinatorial Optimization: Polyhedra and Efficiency,Survey Question 17,1493,Edge-colouring planar k-graphs,"Is every planar k-regular graph with every odd cut of size at least k, k-edge-colourable?",question,source_open_unchecked,not_imported,,,,
personal-234:Survey Question 18,personal-234,Combinatorial Optimization: Polyhedra and Efficiency,Survey Question 18,1493,Edge-colouring Petersen-minor-free k-graphs,"Is every Petersen-minor-free k-regular graph with every odd cut of size at least k, k-edge-colourable?",question,source_open_unchecked,not_imported,,,,
personal-234:Survey Question 19,personal-234,Combinatorial Optimization: Polyhedra and Efficiency,Survey Question 19,1493,Vizing planar degree-six question,Is there a simple planar graph with maximum degree six requiring seven edge colours?,question,source_open_unchecked,not_imported,,,,
personal-234:Survey Question 20,personal-234,Combinatorial Optimization: Polyhedra and Efficiency,Survey Question 20,1493,Kempe changes to an optimal edge-colouring,Can any edge-colouring be transformed into a minimum edge-colouring using only alternating-path or alternating-cycle colour swaps and removal of unused colours?,question,source_open_unchecked,not_imported,,,,
personal-234:Survey Question 21,personal-234,Combinatorial Optimization: Polyhedra and Efficiency,Survey Question 21,1493,List-edge-colouring conjecture,Does the list chromatic index equal the ordinary chromatic index for every graph?,question,source_open_unchecked,not_imported,,,,
personal-234:Survey Question 22,personal-234,Combinatorial Optimization: Polyhedra and Efficiency,Survey Question 22,1493; 1494,Total colouring of simple graphs,Does every simple graph have a total colouring using at most maximum degree plus two colours?,question,source_open_unchecked,not_imported,,,,
personal-234:Survey Question 23,personal-234,Combinatorial Optimization: Polyhedra and Efficiency,Survey Question 23,1494,Total colouring of multigraphs,Is the total chromatic number at most maximum degree plus maximum edge multiplicity plus one?,question,source_open_unchecked,not_imported,,,,
personal-234:Survey Question 24,personal-234,Combinatorial Optimization: Polyhedra and Efficiency,Survey Question 24,1494,Integral points in the circuit cone,Is every even integral vector in a graph circuit cone a nonnegative integral sum of circuit incidence vectors?,question,source_open_unchecked,not_imported,,,,
personal-234:Survey Question 25,personal-234,Combinatorial Optimization: Polyhedra and Efficiency,Survey Question 25,1494,Cycle double cover conjecture,Does every bridgeless graph have a multiset of circuits covering each edge exactly twice?,question,source_open_unchecked,not_imported,,,,
personal-234:Survey Question 26,personal-234,Combinatorial Optimization: Polyhedra and Efficiency,Survey Question 26,1494,Quarter-integrality of T-join constraints,Is the system of T-join constraints totally dual quarter-integral?,question,source_open_unchecked,not_imported,,,,
personal-234:Survey Question 27,personal-234,Combinatorial Optimization: Polyhedra and Efficiency,Survey Question 27,1494,Shortest odd paths with conservative weights,What is the complexity of a shortest odd s-t path when rational edge lengths give every circuit nonnegative total length?,question,source_open_unchecked,not_imported,,,,
personal-234:Survey Question 28,personal-234,Combinatorial Optimization: Polyhedra and Efficiency,Survey Question 28,1494,Two-factors without short circuits,What is the complexity of deciding whether a graph has a 2-factor with no circuit of length at most four?,question,source_open_unchecked,not_imported,,,,
personal-234:Survey Question 29,personal-234,Combinatorial Optimization: Polyhedra and Efficiency,Survey Question 29,1494,Weighted triangle-free two-factors,What is the complexity of finding a maximum-weight 2-factor with no circuit of length at most three?,question,source_open_unchecked,not_imported,,,,
personal-234:Survey Question 30,personal-234,Combinatorial Optimization: Polyhedra and Efficiency,Survey Question 30,1494,Five-cycle double cover conjecture,"Can every bridgeless graph be covered exactly twice by at most five cycles, with cycle interpreted as in the source rather than necessarily a connected circuit?",question,source_open_unchecked,not_imported,,,,
personal-234:Survey Question 31,personal-234,Combinatorial Optimization: Polyhedra and Efficiency,Survey Question 31,1494,Duality of algebraic matroids,Is the dual of every algebraic matroid also algebraic?,question,source_open_unchecked,not_imported,,,,
personal-234:Survey Question 32,personal-234,Combinatorial Optimization: Polyhedra and Efficiency,Survey Question 32,1494; 1495,Independent spanning trees,"If a root has k internally vertex-disjoint paths to every other vertex, do k spanning trees simultaneously realize those internally disjoint root-to-vertex paths?",question,source_open_unchecked,not_imported,,,,
personal-234:Survey Question 33,personal-234,Combinatorial Optimization: Polyhedra and Efficiency,Survey Question 33,1495,Computing maximum disjoint dijoins,Can a maximum-cardinality family of pairwise arc-disjoint directed-cut covers be computed in polynomial time?,question,source_open_unchecked,not_imported,,,,
personal-234:Survey Question 34,personal-234,Combinatorial Optimization: Polyhedra and Efficiency,Survey Question 34,1495,Woodall dijoin-packing conjecture,Does the minimum cardinality of a directed cut equal the maximum number of pairwise arc-disjoint dijoins?,question,open_checked,added_reviewed_card,TCS-7226,The unweighted general conjecture remains open in the primary sources checked through 11 September 2026. The false weighted Edmonds–Giles conjecture is a different statement. The checked 2025 constant-factor packing theorem does not imply equality.,"A longstanding min–max conjecture in combinatorial optimization, singled out in Schrijver’s survey and the focus of recent approximation and integrality research. The direct packing/covering and algorithmic connections justify inclusion within optimization.",https://homepages.cwi.nl/~lex/co/; https://doi.org/10.1007/s00493-025-00159-x
personal-234:Survey Question 35,personal-234,Combinatorial Optimization: Polyhedra and Efficiency,Survey Question 35,1495,Four-thirds subtour integrality gap,Is a minimum Hamiltonian tour at most four-thirds of the subtour-elimination linear-programming optimum under the nonnegative edge costs in the source?,question,source_formulation_corrected,existing_record,TCS-6589,Schrijver’s official errata explicitly adds the triangle inequality. The uncorrected source passage must not become a new nonmetric conjecture. The corrected metric target already has TCS-6589.,,https://homepages.cwi.nl/~lex/co/
personal-234:Survey Question 36,personal-234,Combinatorial Optimization: Polyhedra and Efficiency,Survey Question 36,1495,Diameter of the TSP polytope,Is the edge diameter of the symmetric travelling-salesman polytope of every complete graph at most two?,question,source_open_unchecked,not_imported,,,,
personal-234:Survey Question 37,personal-234,Combinatorial Optimization: Polyhedra and Efficiency,Survey Question 37,1495,Augmenting acyclic digraph connectivity,"For simple acyclic digraphs, is the minimum number of arcs needed for k-vertex-connectivity the larger of the total indegree and outdegree deficits specified by Frank?",question,source_open_unchecked,not_imported,,,,
personal-234:Survey Question 38,personal-234,Combinatorial Optimization: Polyhedra and Efficiency,Survey Question 38,1495,Hadwiger conjecture,Must every graph of chromatic number at least k contain a complete graph on k vertices as a minor?,question,source_open_unchecked,existing_record,TCS-6651,,Same target is already represented; retain its existing identifier.,
personal-234:Survey Question 39,personal-234,Combinatorial Optimization: Polyhedra and Efficiency,Survey Question 39,1495; 1496,Stable sets at bounded cutting-plane rank,"For each fixed t, is maximum stable set polynomial-time solvable when its polytope arises from the clique relaxation in at most t cutting-plane rounds?",question,source_open_unchecked,not_imported,,,,
personal-234:Survey Question 40,personal-234,Combinatorial Optimization: Polyhedra and Efficiency,Survey Question 40,1496,Cutting-plane proof length for stable sets,Is there no polynomial bound on the number of cutting-plane additions needed to derive the maximum-stable-set inequality from the edge relaxation?,question,source_open_unchecked,not_imported,,,,
personal-234:Survey Question 41,personal-234,Combinatorial Optimization: Polyhedra and Efficiency,Survey Question 41,1496,Chi-boundedness without odd holes,Is the chromatic number of every odd-hole-free graph bounded by a function of its clique number?,question,resolved_positive,not_imported_resolved,,Scott–Seymour prove chi-boundedness of graphs with no odd hole.,,https://arxiv.org/abs/1410.4118
personal-234:Survey Question 42,personal-234,Combinatorial Optimization: Polyhedra and Efficiency,Survey Question 42,1496,Recognizing perfect graphs,Can perfect graphs be recognized in polynomial time?,question,resolved_positive,not_imported_resolved,,Polynomial recognition was obtained by Chudnovsky and coauthors. Schrijver’s errata explicitly marks Question 42 answered.,,https://homepages.cwi.nl/~lex/co/; https://algorithms.leeds.ac.uk/wp-content/uploads/sites/117/2017/09/FOCS03final.pdf
personal-234:Survey Question 43,personal-234,Combinatorial Optimization: Polyhedra and Efficiency,Survey Question 43,1496,Berge alpha-diperfect digraph characterization,Are alpha-diperfect digraphs exactly those avoiding the explicitly oriented induced odd circuits specified in source conjecture (20)?,question,source_open_unchecked,not_imported,,,,
personal-234:Survey Question 44,personal-234,Combinatorial Optimization: Polyhedra and Efficiency,Survey Question 44,1496,Shannon capacity of odd cycles,Does the Shannon capacity of every odd cycle equal its Lovász theta number?,question,source_open_unchecked,existing_record,TCS-6610,,The existing C7 question is a prominent unsolved member of the source family. No additional generalization is imported without a separate significance review.,
personal-234:Survey Question 45,personal-234,Combinatorial Optimization: Polyhedra and Efficiency,Survey Question 45,1496,Computing Haemers bound,Can Haemers bound on the Shannon capacity of a graph be computed in polynomial time? The underlying field convention must be taken from the source.,question,source_open_unchecked,not_imported,,,,
personal-234:Survey Question 46,personal-234,Combinatorial Optimization: Polyhedra and Efficiency,Survey Question 46,1496,Strong t-perfection,"Is the stable-set description by nonnegativity, edges and odd-circuit inequalities totally dual integral whenever it is integral?",question,source_open_unchecked,not_imported,,,,
personal-234:Survey Question 47,personal-234,Combinatorial Optimization: Polyhedra and Efficiency,Survey Question 47,1496,Minimal obstructions to t-perfection,Which graphs are minimally non-t-perfect under induced-subgraph deletion and the allowed neighbourhood contractions?,question,source_open_unchecked,not_imported,,,,
personal-234:Survey Question 48,personal-234,Combinatorial Optimization: Polyhedra and Efficiency,Survey Question 48,1496,Connectivity forcing k-linkedness,Is 2k+2 the minimum vertex-connectivity that guarantees k-linkedness for every k at least two?,question,source_open_unchecked,not_imported,,,,
personal-234:Survey Question 49,personal-234,Combinatorial Optimization: Polyhedra and Efficiency,Survey Question 49,1496,Edge-connectivity forcing paired paths,Is the edge-connectivity threshold guaranteeing k specified pairwise edge-disjoint paths k for odd k and k+1 for even k?,question,source_open_unchecked,not_imported,,,,
personal-234:Survey Question 50,personal-234,Combinatorial Optimization: Polyhedra and Efficiency,Survey Question 50,1497,Directed planar arc-disjoint paths,"For every fixed k at least two, what is the complexity of k specified arc-disjoint paths in a planar digraph?",question,source_open_unchecked,not_imported,,,,
personal-234:Survey Question 51,personal-234,Combinatorial Optimization: Polyhedra and Efficiency,Survey Question 51,1497,Half-integral multiflows for two triangles,"For two disjoint demand triangles with integral data and the Euler condition, does fractional multiflow feasibility imply half-integral feasibility?",question,source_open_unchecked,not_imported,,,,
personal-234:Survey Question 52,personal-234,Combinatorial Optimization: Polyhedra and Efficiency,Survey Question 52,1497,Bounded fractionality with no three disjoint demands,Does every demand graph with no three disjoint edges admit a fixed denominator bounding feasible multiflow fractionality for every supply graph and integral capacities and demands?,question,source_open_unchecked,not_imported,,,,
personal-234:Survey Question 53,personal-234,Combinatorial Optimization: Polyhedra and Efficiency,Survey Question 53,1497,Okamura half-integral routing conjecture,"If the supply graph is l-edge-connected and every cut of the demand graph has at most l edges, is there a half-integral routing of the demands?",question,source_open_unchecked,not_imported,,,,
personal-234:Survey Question 54,personal-234,Combinatorial Optimization: Polyhedra and Efficiency,Survey Question 54,1497,Mader matroids as gammoids,Is every Mader matroid a gammoid?,question,resolved_reported,not_imported_resolved,,The author’s errata records a positive resolution by G. Pap in February 2006; no independent proof check was performed.,,https://homepages.cwi.nl/~lex/co/
personal-234:Survey Question 55,personal-234,Combinatorial Optimization: Polyhedra and Efficiency,Survey Question 55,1497,Representability of Mader matroids,Is every Mader matroid linearly representable?,question,resolved_reported,not_imported_resolved,,The author’s errata records a positive resolution by G. Pap in February 2006; no independent proof check was performed.,,https://homepages.cwi.nl/~lex/co/
personal-234:Survey Question 56,personal-234,Combinatorial Optimization: Polyhedra and Efficiency,Survey Question 56,1497,Planar outer-face edge-disjoint paths,Is the undirected edge-disjoint paths problem polynomial-time solvable when all terminals lie on the outer face of a planar graph?,question,resolved_complexity,not_imported_resolved,,"Schrijver records NP-completeness proved by W. Schwaerzler, published in Combinatorica 29 (2009), 121–126. This settles the classification; it does not unconditionally prove absence of a polynomial algorithm.",,https://homepages.cwi.nl/~lex/co/
personal-234:Survey Question 57,personal-234,Combinatorial Optimization: Polyhedra and Efficiency,Survey Question 57,1497,Planar multiflows on finitely many faces,Is integer multiflow polynomial-time solvable when supply and demand graphs are jointly planar and demands span a fixed number of supply faces?,question,source_open_unchecked,not_imported,,,,
personal-234:Survey Question 58,personal-234,Combinatorial Optimization: Polyhedra and Efficiency,Survey Question 58,1497,Quarter-to-half-integral toroidal routing,"When the union of supply and demand graphs embeds in the torus, does quarter-integral edge-disjoint routing imply half-integral routing?",question,source_open_unchecked,not_imported,,,,
personal-234:Survey Question 59,personal-234,Combinatorial Optimization: Polyhedra and Efficiency,Survey Question 59,1497,Packing cuts in planar bipartite graphs,Can disjoint cuts realize all required distances among outer-face vertices and a fixed boundary root in the manner stated in source Question 59?,question,source_open_unchecked,not_imported,,,,
personal-234:Survey Question 60,personal-234,Combinatorial Optimization: Polyhedra and Efficiency,Survey Question 60,1497,Cut Hilbert bases under minors,Is the class of graphs whose cut incidence vectors form a Hilbert base closed under taking minors?,question,source_open_unchecked,not_imported,,,,
personal-234:Survey Question 61,personal-234,Combinatorial Optimization: Polyhedra and Efficiency,Survey Question 61,1497; 1498,Weighted fractional hypergraph matching bound,Does every nonnegative edge-weighted hypergraph have a matching whose sum of (edge size minus one plus reciprocal edge size) times edge weight is at least the fractional matching optimum?,question,source_open_unchecked,not_imported,,,,
personal-234:Survey Question 62,personal-234,Combinatorial Optimization: Polyhedra and Efficiency,Survey Question 62,1498,Ideal binary hypergraph characterization,"Is a binary hypergraph ideal exactly when it excludes the three minors O(K5), its blocker, and F7 specified by Seymour?",question,source_open_unchecked,not_imported,,,,
personal-234:Survey Question 63,personal-234,Combinatorial Optimization: Polyhedra and Efficiency,Survey Question 63,1498,Minor witnesses for weighted blocking inequalities,Can every violation of the weighted blocking inequality for a hypergraph without a Jn minor be witnessed by zero-one weights on a minor with the source covering-number bounds?,question,source_open_unchecked,not_imported,,,,
personal-234:Survey Question 64,personal-234,Combinatorial Optimization: Polyhedra and Efficiency,Survey Question 64,1498,Minor attainment of a nonideal covering minimum,"For a nonideal hypergraph, is the minimum covering number among nonideal parallelizations and minors already attained by a minor?",question,source_open_unchecked,not_imported,,,,
personal-234:Survey Question 65,personal-234,Combinatorial Optimization: Polyhedra and Efficiency,Survey Question 65,1498,Finitely many large minimally nonideal hypergraphs,Are there only finitely many minimally nonideal hypergraphs having both minimum edge size and covering number greater than two?,question,source_open_unchecked,not_imported,,,,
personal-234:Survey Question 66,personal-234,Combinatorial Optimization: Polyhedra and Efficiency,Survey Question 66,1498,Uniform bound for minimally nonideal hypergraphs,Is one of minimum edge size and covering number bounded by an absolute constant in every minimally nonideal hypergraph?,question,source_open_unchecked,not_imported,,,,
personal-234:Survey Question 67,personal-234,Combinatorial Optimization: Polyhedra and Efficiency,Survey Question 67,1498,Lehman structure for minimal k-packing obstructions,Must every minor-minimal hypergraph with the source strict k-fold covering inequality contain a Jn minor or satisfy the specified Lehman regularity conditions?,question,source_open_unchecked,not_imported,,,,
personal-234:Survey Question 68,personal-234,Combinatorial Optimization: Polyhedra and Efficiency,Survey Question 68,1498,Conforti–Cornuéjols packing conjecture,"Does every clutter with the packing property have the max-flow min-cut property; equivalently, is every packing hypergraph Mengerian?",question,open_checked,added_reviewed_card,TCS-7227,No general resolution was found through 11 September 2026. The checked July 2026 manuscript explicitly retains the conjecture. Its reported finite computations and subclass results are recorded as progress; their proof artifacts were not independently rechecked in this editorial review.,"A central conjecture connecting minor obstructions, integral linear programming and packing–covering duality. Schrijver treats it as a major survey question, and a July 2026 primary paper develops both theoretical and computational methods around it.",https://homepages.cwi.nl/~lex/co/; https://arxiv.org/abs/2606.16543v2
personal-234:Survey Question 69,personal-234,Combinatorial Optimization: Polyhedra and Efficiency,Survey Question 69,1498,Minimally nonideal implies minimally nonpacking,"If a minimally nonideal hypergraph has minimum edge size times covering number equal to ground-set size plus one, must it be minimally nonpacking?",question,source_open_unchecked,not_imported,,,,
personal-234:Survey Question 70,personal-234,Combinatorial Optimization: Polyhedra and Efficiency,Survey Question 70,1499,Covering number of ideal minimal nonpackers,Does every ideal minimally nonpacking hypergraph have covering number two?,question,source_open_unchecked,not_imported,,,,
personal-234:Survey Question 71,personal-234,Combinatorial Optimization: Polyhedra and Efficiency,Survey Question 71,1499,The binary ideal T30 obstruction,Is T30 the unique minor-minimal binary ideal hypergraph whose two-fold packing number is less than twice its covering number?,question,source_open_unchecked,not_imported,,,,
personal-234:Survey Question 72,personal-234,Combinatorial Optimization: Polyhedra and Efficiency,Survey Question 72,1499,Dyadic packing of ideal hypergraphs,Does every ideal hypergraph attain its covering number by fractional packing with denominator a power of two; does denominator four always suffice?,question,source_open_unchecked,not_imported,,,,
personal-234:Survey Question 73,personal-234,Combinatorial Optimization: Polyhedra and Efficiency,Survey Question 73,1499,GCD of exact fractional-packing denominators,"For every ideal hypergraph, is the greatest common divisor of exact packing denominators either one or two?",question,source_open_unchecked,not_imported,,,,
personal-234:Survey Question 74,personal-234,Combinatorial Optimization: Polyhedra and Efficiency,Survey Question 74,1499,Binary hypergraph half-integral min-max characterization,"Are the three weighted packing, half-integral packing, and excluded-minor conditions in source Question 74 equivalent?",question,source_open_unchecked,not_imported,,,,
personal-234:Survey Question 75,personal-234,Combinatorial Optimization: Polyhedra and Efficiency,Survey Question 75,1499,One-cycling and one-flowing binary matroids,"Are the one-cycling and one-flowing properties equivalent for binary matroids, with exactly the three excluded minors specified in source Question 75?",question,source_open_unchecked,not_imported,,,,
personal-283:Open Problem 11.1,personal-283,Distributed Graph Coloring: Fundamentals and Recent Developments,Open Problem 11.1,147,Distributed derandomization,Develop a general derandomization method for distributed message-passing algorithms.,research_direction,partially_resolved_direction,not_imported_direction,,"Rozhon–Ghaffari give polylogarithmic derandomization for locally checkable problems. This resolves the central polylogarithmic case, but the source’s unrestricted request for a general method is broader than a single theorem.",,https://arxiv.org/abs/1907.10937
personal-283:Open Problem 11.2,personal-283,Distributed Graph Coloring: Fundamentals and Recent Developments,Open Problem 11.2,148,Polylogarithmic deterministic MIS,Can maximal independent set be computed deterministically in polylogarithmic LOCAL rounds?,question,resolved_positive,not_imported_resolved,,Rozhon–Ghaffari’s deterministic polylogarithmic LOCAL network decomposition resolves this polylogarithmic target. General MIS covers the neighbourhood-independence restriction; proper vertex colouring also applies to the line graph for the stated edge palette.,,https://arxiv.org/abs/1907.10937
personal-283:Open Problem 11.3,personal-283,Distributed Graph Coloring: Fundamentals and Recent Developments,Open Problem 11.3,148,Polylogarithmic near-linear-palette colouring,Can a proper vertex colouring with Delta times polylog(Delta) colours be computed deterministically in polylogarithmic rounds?,question,resolved_positive,not_imported_resolved,,Rozhon–Ghaffari’s deterministic polylogarithmic LOCAL network decomposition resolves this polylogarithmic target. General MIS covers the neighbourhood-independence restriction; proper vertex colouring also applies to the line graph for the stated edge palette.,,https://arxiv.org/abs/1907.10937
personal-283:Open Problem 11.4,personal-283,Distributed Graph Coloring: Fundamentals and Recent Developments,Open Problem 11.4,148,Polylogarithmic deterministic edge colouring,Can a proper (2Delta-1)-edge-colouring be computed deterministically in polylogarithmic rounds?,question,resolved_positive,not_imported_resolved,,Rozhon–Ghaffari’s deterministic polylogarithmic LOCAL network decomposition resolves this polylogarithmic target. General MIS covers the neighbourhood-independence restriction; proper vertex colouring also applies to the line graph for the stated edge palette.,,https://arxiv.org/abs/1907.10937
personal-283:Open Problem 11.5,personal-283,Distributed Graph Coloring: Fundamentals and Recent Developments,Open Problem 11.5,149,MIS with bounded neighbourhood independence,Is deterministic polylogarithmic-round MIS possible when neighbourhood independence is at most two?,question,resolved_positive,not_imported_resolved,,Rozhon–Ghaffari’s deterministic polylogarithmic LOCAL network decomposition resolves this polylogarithmic target. General MIS covers the neighbourhood-independence restriction; proper vertex colouring also applies to the line graph for the stated edge palette.,,https://arxiv.org/abs/1907.10937
personal-283:Open Problem 11.6,personal-283,Distributed Graph Coloring: Fundamentals and Recent Developments,Open Problem 11.6,149,Sublinear dependence on maximum degree,Can the listed symmetry-breaking problems be solved in o(Delta)+log-star(n) deterministic rounds?,question,source_open_unchecked,not_imported,,,,
personal-283:Open Problem 11.7,personal-283,Distributed Graph Coloring: Fundamentals and Recent Developments,Open Problem 11.7,149,Efficient defective colouring,Can a (Delta/p)-defective colouring using O(p) colours be computed efficiently in the distributed model?,research_direction,source_open_unchecked,not_imported,,,,
personal-283:Open Problem 11.8,personal-283,Distributed Graph Coloring: Fundamentals and Recent Developments,Open Problem 11.8,150,Large-arboricity deterministic symmetry breaking,Are deterministic polylogarithmic-round symmetry-breaking algorithms possible beyond polylogarithmic arboricity?,question,source_open_unchecked,not_imported,,,,
personal-283:Open Problem 11.9,personal-283,Distributed Graph Coloring: Fundamentals and Recent Developments,Open Problem 11.9,150,Sublogarithmic sparse-graph symmetry breaking,"Can deterministic sublogarithmic rounds handle MIS and colouring at arboricity Omega(sqrt(log n)), and matching and edge colouring at arboricity Omega(log n)?",question,source_open_unchecked,not_imported,,,,
personal-283:Open Problem 11.10,personal-283,Distributed Graph Coloring: Fundamentals and Recent Developments,Open Problem 11.10,150,Distributed decomposition below twice the arboricity,Can a graph of arboricity a be efficiently decomposed into fewer than 2a forests in the distributed model?,research_direction,source_open_unchecked,not_imported,,,,
personal-283:Open Problem 11.11,personal-283,Distributed Graph Coloring: Fundamentals and Recent Developments,Open Problem 11.11,150,Improving arboricity-dependent palettes,Can deterministic O(log n)-round colouring use substantially fewer than a squared colours for arboricity a?,research_direction,source_open_unchecked,not_imported,,,,
personal-283:Open Problem 11.12,personal-283,Distributed Graph Coloring: Fundamentals and Recent Developments,Open Problem 11.12,151,Randomized MIS in square-root-logarithmic time,"Is randomized O(sqrt(log n))-round MIS possible in all graphs, and what is its optimal randomized complexity?",question,source_open_unchecked,not_imported,,,,
personal-283:Open Problem 11.13,personal-283,Distributed Graph Coloring: Fundamentals and Recent Developments,Open Problem 11.13,151,Randomized MIS on low-arboricity graphs,Improve the source randomized MIS bounds for graphs of bounded arboricity.,research_direction,source_open_unchecked,not_imported,,,,
personal-283:Open Problem 11.14,personal-283,Distributed Graph Coloring: Fundamentals and Recent Developments,Open Problem 11.14,151,Randomized maximal matching in square-root-logarithmic time,Is randomized O(sqrt(log n))-round maximal matching possible in all graphs?,question,source_open_unchecked,not_imported,,,,
personal-283:Open Problem 11.15,personal-283,Distributed Graph Coloring: Fundamentals and Recent Developments,Open Problem 11.15,151,Randomized MIS complexity on unoriented trees,Is the randomized LOCAL complexity of MIS on unoriented trees Theta(sqrt(log n))?,question,source_open_unchecked,not_imported,,,,
personal-283:Open Problem 11.16,personal-283,Distributed Graph Coloring: Fundamentals and Recent Developments,Open Problem 11.16,152,Randomized Delta-plus-one colouring complexity,Determine the optimal randomized LOCAL round complexity of proper (Delta+1)-vertex-colouring.,question,source_open_unchecked,not_imported,,,,
personal-283:Open Problem 11.17,personal-283,Distributed Graph Coloring: Fundamentals and Recent Developments,Open Problem 11.17,152,Log-star randomized colouring at small degree,Can randomized O(log-star n)-round colouring with O(Delta) colours extend to sublogarithmic maximum degree?,question,source_open_unchecked,not_imported,,,,
personal-270:1.1.1,personal-270,Quantum Computation and Quantum Information,1.1.1,40,Physical universality of quantum computation,Can the standard universal quantum-computer model efficiently simulate every physically realizable system? The physical theory and simulation criterion remain to be specified.,research_direction,source_open_unchecked,not_imported_direction,,,A physical modelling programme; the passage does not specify one mathematical proposition.,
personal-270:1.4,personal-270,Quantum Computation and Quantum Information,1.4,74,P versus NP,Does every polynomially verifiable decision problem have a deterministic polynomial-time algorithm?,question,source_open_unchecked,existing_record,TCS-0001,,Same target is already represented; retain its existing identifier.,
"personal-270:1.4, quantum complexity",personal-270,Quantum Computation and Quantum Information,"1.4, quantum complexity",75,NP inside BQP,Can bounded-error polynomial-time quantum computation solve every problem in NP?,question,source_open_unchecked,existing_record,TCS-0037,,Same target is already represented; retain its existing identifier.,
"personal-270:5, final discussion",personal-270,Quantum Computation and Quantum Information,"5, final discussion",277,Quantum graph isomorphism,Is graph isomorphism solvable by a polynomial-time quantum algorithm?,question,source_open_unchecked,existing_record,TCS-6522,,Same target is already represented; retain its existing identifier.,
"personal-270:Chapter 5, hidden-subgroup discussion",personal-270,Quantum Computation and Quantum Information,"Chapter 5, hidden-subgroup discussion",278,Efficient nonabelian hidden-subgroup measurements,Can the information obtainable with few hidden-subgroup oracle queries be decoded using a polynomial number of quantum operations?,question,source_open_unchecked,related_existing_record,TCS-7166,,Efficient decoding of the hidden-subgroup information is part of the existing general hidden-subgroup goal; source representation details remain necessary.,
"personal-270:12, product-state capacity",personal-270,Quantum Computation and Quantum Information,"12, product-state capacity",87,Additivity of classical quantum-channel capacity,Does entanglement across channel uses fail to increase classical communication capacity beyond the product-state expression?,question,resolved_negative,not_imported_resolved,,Hastings disproves general additivity. The anniversary-edition preface itself notes this development; the older chapter passage is historical.,,https://arxiv.org/abs/0809.3972
"personal-270:Problem 12.7, historical discussion",personal-270,Quantum Computation and Quantum Information,"Problem 12.7, historical discussion",640,Quantum channel capacity,Determine quantum-channel capacity. The source-era discussion predates the general regularized coding theorem; particular single-letter capacities are separate questions.,question,partially_resolved_direction,not_imported_needs_formulation,,The quantum channel coding theorem gives the regularized coherent-information characterization. A general effective single-letter formula or exact computation is not supplied by that theorem. The broad source question needs this distinction before reuse.,,https://arxiv.org/abs/quant-ph/0304127
personal-270:Appendix 3,personal-270,Quantum Computation and Quantum Information,Appendix 3,651,Optimal Solovay–Kitaev exponent,How small can the approximation-length exponent be in the Solovay–Kitaev setting described by the source?,question,source_open_unchecked,not_imported,,,,
"personal-270:Appendix 4, RSA",personal-270,Quantum Computation and Quantum Information,"Appendix 4, RSA",677,RSA inversion versus factoring,Does hardness of integer factorization imply hardness of RSA inversion in the source key distribution?,question,source_open_unchecked,not_imported,,,,
"personal-274:Chapter 15, hidden variables",personal-274,Quantum Computing since Democritus,"Chapter 15, hidden variables",213,Robustness of the Schrödinger hidden-variable theory,Does the source transition matrix vary continuously under small changes of the unitary and initial state?,question,source_open_unchecked,not_imported,,,,
personal-274:Chapter 17,personal-274,Quantum Computing since Democritus,Chapter 17,239,Classical-oracle QMA versus QCMA separation,Is there a classical oracle relative to which quantum witnesses are more powerful than classical witnesses?,question,resolved_positive,not_imported_resolved,,The classical-oracle separation was announced by Bostanci–Haferkamp–Nirkhe–Zhandry in November 2025. Bostanci–Huang–Vaikuntanathan give another proof in February 2026. Neither separates unrelativized QMA from QCMA.,,https://eccc.weizmann.ac.il/report/2025/176/; https://eccc.weizmann.ac.il/report/2026/020/
personal-274:Chapter 23,personal-274,Quantum Computing since Democritus,Chapter 23,335,More-than-exponential certified randomness expansion,Can quantum-device protocols expand a random seed by more than an exponential factor with the source certification requirements?,question,resolved_positive,not_imported_resolved,,Unbounded randomness-expansion protocols exceed the historical exponential target. Gross–Aaronson explicitly analyze the seed requirement for such a protocol.,,https://arxiv.org/abs/1410.8019; https://arxiv.org/abs/1402.4797
"personal-275:Quantum walks, triangle finding",personal-275,Quantum Computing: Lecture Notes,"Quantum walks, triangle finding",71,Quantum triangle query complexity,What is the optimal bounded-error quantum query complexity of detecting a triangle in a graph?,question,source_open_unchecked,not_imported,,,,
"personal-275:Quantum walks, triangle running time",personal-275,Quantum Computing: Lecture Notes,"Quantum walks, triangle running time",71,Quantum triangle time complexity,What is the optimal quantum time complexity of triangle detection in the source input-access model?,question,source_open_unchecked,not_imported,,,,
"personal-7:34, NP-completeness",personal-7,Introduction to Algorithms,"34, NP-completeness",990,P versus NP,Is P a proper subset of NP?,question,source_open_unchecked,existing_record,TCS-0001,,Same target is already represented; retain its existing identifier.,
personal-6:Complexity classes,personal-6,The Design and Analysis of Algorithms,Complexity classes,133,P versus NP,Does nondeterministic polynomial time exceed deterministic polynomial time?,question,source_open_unchecked,existing_record,TCS-0001,,Same target is already represented; retain its existing identifier.,
"personal-5:1, exponentiation",personal-5,Algorithms,"1, exponentiation",41,Exact shortest addition chains,Can a shortest addition chain for a binary integer n be found in time polynomial in its bit length?,question,open_checked,added_reviewed_card,TCS-7224,The single-target polynomial-time question remains unresolved in the checked sources through 11 September 2026. The review does not accept claims of NP-completeness that merely cite the generalized multiple-target theorem.,"A longstanding exact optimization problem at the intersection of arithmetic algorithms, circuit reuse and cryptographic exponentiation. Its single-target complexity is repeatedly distinguished from the solved hardness of the generalized problem; it is not a numerical special case of Scholz–Brauer.",https://jeffe.cs.illinois.edu/teaching/algorithms/; https://faculty.eng.fau.edu/azarderakhsh/files/2016/11/Inscrypt2016.pdf; https://www.nature.com/articles/s44260-025-00049-9
personal-5:Splay trees,personal-5,Algorithms,Splay trees,249,Splay-tree dynamic optimality,Are splay trees within a universal constant factor of the best offline rotation-based binary search tree on every access sequence?,question,source_open_unchecked,existing_record,TCS-6498,,Same target is already represented; retain its existing identifier.,
personal-5:Matrix multiplication,personal-5,Algorithms,Matrix multiplication,339,Matrix multiplication exponent two,Is the matrix multiplication exponent equal to two?,question,source_open_unchecked,existing_record,TCS-0007,,Same target is already represented; retain its existing identifier.,
personal-5:30.2,personal-5,Algorithms,30.2,417,NP versus coNP,Does every no-instance of an NP problem have a polynomially verifiable certificate?,question,source_open_unchecked,not_imported,,,,
personal-5:30.4,personal-5,Algorithms,30.4,419,Logspace versus polynomial reductions,Does allowing polynomial-time rather than logarithmic-space reductions change which problems are NP-hard in the specified reduction sense?,question,source_open_unchecked,not_imported,,,,
personal-25:Open Problem B.2,personal-25,Computational Complexity: A Conceptual Perspective,Open Problem B.2,498,Explicit superlinear Boolean circuit lower bounds,"Exhibit an explicitly computable Boolean function, or a linear-output-length Boolean map, whose unrestricted circuit size is not O(n).",question,source_open_unchecked,related_existing_record,TCS-6887,,The generic explicit-circuit-lower-bound programme already has a source record. The concrete multiplication threshold was reviewed separately.,
"personal-25:B.2, multiplication example",personal-25,Computational Complexity: A Conceptual Perspective,"B.2, multiplication example",498,Linear-size integer multiplication circuits,Can multiplication of two n-bit integers be computed by Boolean circuits of size O(n)?,question,open_checked,added_reviewed_card,TCS-7223,No resolution was identified in the primary-source review through 11 September 2026. The checked 2026 author manuscript explicitly retains this circuit-size question. Its revision year is not a claim that the problem was first posed in 2026.,A basic arithmetic operation supplies a concrete candidate for a central circuit-lower-bound barrier. The question is explicitly highlighted in Goldreich’s textbook and retained in Viola’s current manuscript; its nonuniform target is distinct from the catalogue’s machine-time question.,https://www.wisdom.weizmann.ac.il/~oded/cc-book.html; https://www.ccs.neu.edu/home/viola/papers/moti.pdf
personal-25:Open Problem B.6,personal-25,Computational Complexity: A Conceptual Perspective,Open Problem B.6,500,Explicit superpolynomial formula lower bounds,Exhibit an explicit Boolean function requiring superpolynomial-size Boolean formulas.,question,source_open_unchecked,not_imported,,,,
personal-25:Open Problem B.7,personal-25,Computational Complexity: A Conceptual Perspective,Open Problem B.7,502,Explicit hard univariate polynomials,Exhibit an explicit degree-d polynomial whose arithmetic circuit size is not O(log d).,question,source_open_unchecked,not_imported,,,,
personal-25:B.3.1,personal-25,Computational Complexity: A Conceptual Perspective,B.3.1,502,Complexity of the rising-factorial polynomial,Does the polynomial (x+1)(x+2)...(x+d) require arithmetic circuits larger than every polynomial in log d?,question,source_open_unchecked,not_imported,,,,
personal-25:B.3.2,personal-25,Computational Complexity: A Conceptual Perspective,B.3.2,503,Unrestricted Fourier-transform circuit lower bounds,Does the discrete Fourier transform require more than linear-size arithmetic circuits when scalar constants are unrestricted?,question,open_checked,existing_record,TCS-7175,"The unrestricted linear-circuit lower-bound barrier is retained in the checked primary literature. Bounded-coefficient FFT lower bounds do not settle it. TCS-7175 already covers the stronger Fourier-transform lower-bound goal, so no second record is added.",Same target is already represented; retain its existing identifier.,https://drops.dagstuhl.de/entities/document/10.4230/LIPIcs.STACS.2023.31; https://www3.nd.edu/~jhauenst/preprints/ghilRigidity.pdf
"personal-25:B.3.2, Walsh transform",personal-25,Computational Complexity: A Conceptual Perspective,"B.3.2, Walsh transform",503,Unrestricted Walsh-transform circuit lower bounds,Does the Walsh transform over the rationals require more than linear-size arithmetic circuits with unrestricted constants?,question,source_open_unchecked,not_imported,,,,
"personal-25:B, proof complexity",personal-25,Computational Complexity: A Conceptual Perspective,"B, proof complexity",506,Unrestricted Frege lower bounds,Are there propositional tautology families with no polynomial-length Frege proofs?,question,source_open_unchecked,existing_record,TCS-0025,,Same target is already represented; retain its existing identifier.,
"personal-25:G.4, finite fields",personal-25,Computational Complexity: A Conceptual Perspective,"G.4, finite fields",613,Deterministic construction of finite fields,Can irreducible degree-e polynomials over an arbitrary prime field be constructed in deterministic time polynomial in e and the bit length of the prime?,question,source_open_unchecked,not_imported,,,,
personal-141:1.5.3,personal-141,"Foundations of Cryptography, Volume 1: Basic Tools",1.5.3,48,Existence of one-way functions,Do computationally secure one-way functions exist?,question,source_open_unchecked,existing_record,TCS-7167,,Same target is already represented; retain its existing identifier.,
personal-141:2.2.4.2,personal-141,"Foundations of Cryptography, Volume 1: Basic Tools",2.2.4.2,62,Efficient decoding of random linear codes,Can random constant-rate binary linear codes be efficiently decoded from a constant fraction of errors in the source average-case regime?,question,source_open_unchecked,not_imported,,,,
"personal-141:2, RSA discussion",personal-141,"Foundations of Cryptography, Volume 1: Basic Tools","2, RSA discussion",77,RSA inversion versus factoring,Can factoring RSA moduli be reduced to RSA inversion with the source key-generation and exponent conventions?,question,source_open_unchecked,not_imported,,,,
personal-141:2.7.3,personal-141,"Foundations of Cryptography, Volume 1: Basic Tools",2.7.3,112,Worst-case hardness and one-way functions,Does NP not contained in BPP imply the existence of one-way functions?,question,source_open_unchecked,existing_record,TCS-0022,,Same target is already represented; retain its existing identifier.,
"personal-141:2.7.3, amplification",personal-141,"Foundations of Cryptography, Volume 1: Basic Tools","2.7.3, amplification",113,Security-preserving amplification for arbitrary one-way functions,Extend the efficient hardness amplification available for one-way permutations to arbitrary weak one-way functions.,question,source_open_unchecked,not_imported,,,,
personal-141:3.8.3,personal-141,"Foundations of Cryptography, Volume 1: Basic Tools",3.8.3,193,Efficient generic PRG construction,Obtain a substantially more security-preserving construction of pseudorandom generators from arbitrary one-way functions than the source transformation.,question,source_open_unchecked,not_imported,,,,
personal-141:4.3.1.5,personal-141,"Foundations of Cryptography, Volume 1: Basic Tools",4.3.1.5,226,Perfect versus statistical zero knowledge,Does perfect zero knowledge have the same computational power as statistical zero knowledge?,question,open_checked,added_reviewed_card,TCS-7225,No unrelativized resolution was found through 11 September 2026. The 2024 paper explicitly retains the equality as open. Oracle separations and perfect-zero-knowledge results in PCP or multiprover models do not settle this target.,"A foundational comparison between two information-theoretic privacy notions, posed in a standard cryptography textbook, supported by a nontrivial oracle separation and explicitly retained in recent work on perfect zero knowledge.",https://www.wisdom.weizmann.ac.il/~oded/foc-vol1.html; https://epubs.siam.org/doi/10.1137/17M1161749; https://arxiv.org/abs/2403.11941
personal-141:4.12.3,personal-141,"Foundations of Cryptography, Volume 1: Basic Tools",4.12.3,344,Strict versus expected-time perfect simulation,Does the expected-polynomial-time simulator definition of perfect zero knowledge imply the strict-polynomial-time definition with bounded failure used in this book?,question,source_open_unchecked,not_imported,,,,
"personal-146:8.4, RSA",personal-146,Introduction to Modern Cryptography,"8.4, RSA",335,RSA inversion versus factoring,Does hardness of factoring imply hardness of the RSA problem?,question,source_open_unchecked,not_imported,,,,
"personal-280:Network decomposition, chapter notes",personal-280,Distributed Computing: A Locality-Sensitive Approach,"Network decomposition, chapter notes",311,Deterministic polylogarithmic distributed symmetry breaking,Do deterministic polylogarithmic-round algorithms exist for MIS and colouring in the LOCAL model?,question,resolved_positive,not_imported_resolved,,The historical deterministic polylogarithmic symmetry-breaking barrier is resolved by Rozhon–Ghaffari. Sharper round bounds remain separate questions.,,https://arxiv.org/abs/1907.10937
personal-282:Atomic objects,personal-282,Distributed Algorithms,Atomic objects,422,Fast atomic shared-memory objects,Can the source atomic-object constructions be made fast enough for the intended applications? No quantitative resolution target is fixed.,research_direction,source_open_unchecked,not_imported_direction,,,"The object, operation set and resource target need to be fixed before a card can be completed.",
personal-282:GHS correctness,personal-282,Distributed Algorithms,GHS correctness,547,Modular proof of the GHS algorithm,Find a decomposed proof of correctness for the GHS distributed minimum-spanning-tree algorithm while preserving its main ideas and complexity.,expository_or_formalization_task,source_open_unchecked,not_imported_not_open_mathematical_problem,,,A request for a better proof organization is not itself a new unresolved mathematical proposition.,
personal-277:Atomic snapshots,personal-277,Notes on Theory of Distributed Systems,Atomic snapshots,224,Optimal atomic-snapshot complexity,Can the cost of atomic snapshots be improved in the shared-memory model and cost measure of the source?,question,source_open_unchecked,not_imported,,,,
personal-277:24.4.3,personal-277,Notes on Theory of Distributed Systems,24.4.3,260,Splitter-network renaming space,Can the source O(n to the three-halves) space bound for deterministic splitter-network renaming be improved?,question,source_open_unchecked,not_imported,,,,
"personal-159:6, strongly polynomial algorithms",personal-159,Understanding and Using Linear Programming,"6, strongly polynomial algorithms",114,Strongly polynomial linear programming,Does general linear programming have a strongly polynomial-time algorithm?,question,source_open_unchecked,existing_record,TCS-0008,,Same target is already represented; retain its existing identifier.,
personal-138:Comb inequalities,personal-138,The Traveling Salesman Problem: A Computational Study,Comb inequalities,198,Exact separation of TSP comb inequalities,"Is exact separation of comb inequalities polynomial-time solvable when the input point satisfies all subtour constraints, or is it NP-hard?",question,source_open_unchecked,not_imported,,,,
personal-233:Bin packing,personal-233,Combinatorial Optimization: Theory and Algorithms,Bin packing,495,Additive-one bin packing,Is there a polynomial-time bin-packing algorithm that uses at most one more bin than optimum?,question,source_open_unchecked,related_existing_record,TCS-6640,,Additive one is stronger than the existing constant-additive-error target. No separate numerical strengthening is imported in this pass.,
personal-55:Research Problem 9.6,personal-55,Randomized Algorithms,Research Problem 9.6,290,Randomized strongly polynomial linear programming,Is there a randomized linear-programming algorithm with expected arithmetic-operation count polynomial in the number of variables and constraints?,question,source_open_unchecked,not_imported,,,,
personal-55:Research Problem 12.1,personal-55,Randomized Algorithms,Research Problem 12.1,377,Deterministic parallel maximum matching,Can a maximum matching in a general graph be found in NC?,question,source_open_unchecked,related_existing_record,TCS-6504,,Existing deterministic parallel matching target; consult the canonical general-perfect-matching card to distinguish matching variants.,
personal-55:Research Problem 12.2,personal-55,Randomized Algorithms,Research Problem 12.2,377,Parallel Delta-plus-one edge colouring,Is there an NC or RNC algorithm for (Delta+1)-edge-colouring a simple graph?,question,source_open_unchecked,not_imported,,,,
personal-55:Number-theoretic algorithms,personal-55,Randomized Algorithms,Number-theoretic algorithms,418,Discrete logarithms versus factoring,Can the computational hardness of discrete logarithms be related by reductions to the hardness of integer factoring?,question,source_open_unchecked,not_imported,,,,
personal-55:14.6,personal-55,Randomized Algorithms,14.6,432,NP-hardness of factoring,Is the search version of integer factoring NP-hard under the relevant reduction convention?,question,source_open_unchecked,not_imported,,,,
"personal-68:4, match counts",personal-68,"Algorithms on Strings, Trees, and Sequences","4, match counts",95,Linear-time match counts,Can all pattern-versus-text alignment match counts be computed in linear time in the source model?,question,source_open_unchecked,not_imported,,,,
"personal-68:Chapter 4, Exercise 8",personal-68,"Algorithms on Strings, Trees, and Sequences","Chapter 4, Exercise 8",106,Comparison-based match counts,Can match counts be computed in O(m log m) time using only character comparisons?,question,source_open_unchecked,not_imported,,,,
"personal-68:Suffix trees, Exercise 6",personal-68,"Algorithms on Strings, Trees, and Sequences","Suffix trees, Exercise 6",141,Online true suffix-tree construction,"Can all successive true suffix trees be maintained online in linear total time, without explicitly saving every tree?",question,source_open_unchecked,not_imported,,,,
"personal-68:Chapter exercises, LCS",personal-68,"Algorithms on Strings, Trees, and Sequences","Chapter exercises, LCS",331,Linear-space combinatorial LCS recovery,Can the source fast combinatorial LCS method recover an actual common subsequence in linear space without increasing its running time?,question,source_open_unchecked,not_imported,,,,
"personal-69:12, introduction",personal-69,Computing Patterns in Strings,"12, introduction",344,Suffix-tree-free linear repetition algorithms,Can the source repetition-enumeration bound be attained without using suffix trees?,question,source_open_unchecked,not_imported,,,,
"personal-15:6, open problems",personal-15,Dynamic Graph Algorithms,"6, open problems",34,Deterministic polylogarithmic dynamic connectivity,Can fully dynamic connectivity and two-connectivity attain deterministic polylogarithmic update bounds in the source model?,question,source_open_unchecked,not_imported,,,,
personal-185:Rational functions and recurrences,personal-185,Analytic Combinatorics,Rational functions and recurrences,281,Skolem problem,Is there an algorithm deciding whether a given linear recurrence sequence ever takes value zero?,question,source_open_unchecked,not_imported,,,,
personal-185:Self-avoiding walks,personal-185,Analytic Combinatorics,Self-avoiding walks,379,Square-lattice self-avoiding walk asymptotics,Determine the asymptotic number of self-avoiding walks of length n on the square lattice.,question,source_open_unchecked,not_imported_scope,,,A general enumeration/statistical-physics asymptotic problem; no sufficient computational consequence was established for this catalogue’s selection policy.,
personal-134:Open Problem 1.4.15,personal-134,Constraint Satisfaction Problem – Lecture Notes,Open Problem 1.4.15,34,Relational width of finite algebras,"If every relation structure compatible with a finite algebra has relational width k, does the algebra have relational width k in the source sense?",question,source_open_unchecked,not_imported,,,,
personal-285:Conjecture 2.27,personal-285,Graphs and Homomorphisms,Conjecture 2.27,62,Hedetniemi product-colouring conjecture,Does the chromatic number of the categorical product equal the smaller factor chromatic number?,question,resolved_negative,not_imported_resolved,,Shitov gives counterexamples to the claimed equality for chromatic number under graph products.,,https://annals.math.princeton.edu/wp-content/uploads/annals-v190-n2-p06-s.pdf
"personal-285:5, CSP dichotomy",personal-285,Graphs and Homomorphisms,"5, CSP dichotomy",165,Finite-domain CSP dichotomy,Is every fixed finite-template CSP either polynomial-time solvable or NP-complete?,question,resolved_positive,not_imported_resolved,,Bulatov’s dichotomy theorem settles the finite-template classification. Infinite-domain and promise variants remain different questions.,,https://arxiv.org/abs/1703.03021
"personal-292:14, nonrepetitive colouring",personal-292,"Sparsity: Graphs, Structures, and Algorithms","14, nonrepetitive colouring",351,Bounded nonrepetitive colouring of planar graphs,Is the nonrepetitive chromatic number of planar graphs bounded by an absolute constant?,question,resolved_positive,not_imported_resolved,,"Dujmovic, Esperet, Joret, Walczak and Wood prove an absolute bound for planar graphs.",,https://arxiv.org/abs/1904.05269
personal-292:Separators and expansion,personal-292,"Sparsity: Graphs, Structures, and Algorithms",Separators and expansion,394,Sublinear separators versus expansion,"Under the source structural hypotheses, is the existence of sublinear vertex separators equivalent to subexponential omega-expansion?",question,source_open_unchecked,not_imported,,,,
personal-290:Conjecture 5.30,personal-290,Large Networks and Graph Limits,Conjecture 5.30,81,Graph reconstruction,Do homomorphism counts from all strictly smaller graphs determine every simple graph on at least three vertices?,question,source_open_unchecked,not_imported,,,,
personal-290:Bounded-degree graph limits,personal-290,Large Networks and Graph Limits,Bounded-degree graph limits,369,Aldous–Lyons approximation conjecture,Is every unimodular random rooted bounded-degree graph approximable by finite graphs in the source local-convergence sense?,question,reported_negative_resolution,not_imported_resolved,,The two Aldous–Lyons papers give a negative resolution. Their claims were checked in the primary abstracts; the long proofs were not independently verified.,,https://arxiv.org/abs/2408.00110; https://arxiv.org/abs/2501.00173
personal-218:14.1.12,personal-218,Matroid Theory,14.1.12,475,Duality of algebraic matroids,Is the dual of every algebraic matroid algebraic?,question,source_open_unchecked,not_imported,,,,
personal-218:6.5.11 and 14.1,personal-218,Matroid Theory,6.5.11 and 14.1,215,Rota finite-field excluded-minor conjecture,"For each finite field, are there finitely many excluded minors for matroid representability over that field?",question,source_open_unchecked,not_imported,,,,
personal-152:Introduction,personal-152,"Algorithmic Number Theory, Volume 1: Efficient Algorithms",Introduction,15,Linear-time integer multiplication,Can two binary integers be multiplied in linear bit time in the source machine model? This differs from nonuniform circuit size.,question,source_open_unchecked,existing_record,TCS-7174,,Same target is already represented; retain its existing identifier.,
personal-152:5.4,personal-152,"Algorithmic Number Theory, Volume 1: Efficient Algorithms",5.4,130,Parallel modular inversion,"Is modular inversion in NC, or is it P-complete under the source reductions?",question,source_open_unchecked,not_imported,,,,
personal-152:Polynomial algorithms,personal-152,"Algorithmic Number Theory, Volume 1: Efficient Algorithms",Polynomial algorithms,183,Factoring over p-adic fields,Can polynomials over p-adic fields be factored in polynomial time in the representation and precision model of the source?,question,source_open_unchecked,not_imported,,,,
foundations_databases:Queries and order,foundations_databases,Foundations of Databases,Queries and order,448,A logic capturing polynomial time,Is there a logic capturing all polynomial-time queries on unordered finite structures?,question,source_open_unchecked,existing_record,TCS-7195,,Same target is already represented; retain its existing identifier.,
"libkin_fmt:10, complement closure",libkin_fmt,Elements of Finite Model Theory,"10, complement closure",212,NP versus coNP,Is NP closed under complement?,question,source_open_unchecked,not_imported,,,,
"boneh_shoup:15, multilinear maps",boneh_shoup,A Graduate Course in Applied Cryptography,"15, multilinear maps",682,Cryptographic multilinear maps,Construct cryptographically secure multilinear maps beyond the bilinear setting with the source security properties.,question,source_open_unchecked,not_imported,,,,
"boneh_shoup:16, CDH",boneh_shoup,A Graduate Course in Applied Cryptography,"16, CDH",706,Uniform discrete-log to CDH reduction,Can discrete logarithms be reduced uniformly to computational Diffie–Hellman without the auxiliary advice used by the known reduction?,question,source_open_unchecked,not_imported,,,,
"boneh_shoup:16, RSA",boneh_shoup,A Graduate Course in Applied Cryptography,"16, RSA",712,RSA inversion versus factoring,Does hardness of factoring RSA moduli imply hardness of RSA inversion?,question,source_open_unchecked,not_imported,,,,
"boneh_shoup:18, function inversion",boneh_shoup,A Graduate Course in Applied Cryptography,"18, function inversion",757,Optimal random-function inversion time-space tradeoff,Can the source generic time-space tradeoff for inverting a random function with preprocessing be improved?,question,source_open_unchecked,not_imported,,,,
boneh_shoup:Schnorr identification,boneh_shoup,A Graduate Course in Applied Cryptography,Schnorr identification,776,Active security of Schnorr identification,Is the source Schnorr identification protocol secure against active attacks under the discrete-log assumption?,question,source_open_unchecked,not_imported,,,,
boneh_shoup:Encrypted and MACed ElGamal,boneh_shoup,A Graduate Course in Applied Cryptography,Encrypted and MACed ElGamal,821,CCA security of EaMEG,Can the source EaMEG construction be proved CCA secure in the random-oracle model under a concrete group assumption?,question,source_open_unchecked,not_imported,,,,
canonne_distribution_testing:Open Question 2.1,canonne_distribution_testing,Topics and Techniques in Distribution Testing: A Biased but Representative Sample,Open Question 2.1,90,Bipartite collision tester assumptions,"Can the minimum-sample requirement in Theorem 2.14 be relaxed, or is it necessary?",question,source_open_unchecked,not_imported,,,,
canonne_distribution_testing:Open Question 2.2,canonne_distribution_testing,Topics and Techniques in Distribution Testing: A Biased but Representative Sample,Open Question 2.2,90,Asymmetric testing errors,Determine optimal sample complexity when Type I and Type II error probabilities are prescribed separately.,question,source_open_unchecked,not_imported,,,,
canonne_distribution_testing:Open Question 2.3,canonne_distribution_testing,Topics and Techniques in Distribution Testing: A Biased but Representative Sample,Open Question 2.3,90,Testing with dependent samples,Which distribution testers tolerate limited independence among samples?,research_direction,source_open_unchecked,not_imported,,,,
canonne_distribution_testing:Open Question 3.1,canonne_distribution_testing,Topics and Techniques in Distribution Testing: A Biased but Representative Sample,Open Question 3.1,132,Exact instance-optimal identity testing,"Remove the truncation-factor gap between instance-dependent identity-testing bounds, or determine the correct dependence.",question,source_open_unchecked,not_imported,,,,
canonne_distribution_testing:Open Question 3.2,canonne_distribution_testing,Topics and Techniques in Distribution Testing: A Biased but Representative Sample,Open Question 3.2,132,Testing reductions from ordinary learning,Does Theorem 3.11 have an analogue assuming an ordinary learner instead of an agnostic learner?,question,source_open_unchecked,not_imported,,,,
canonne_distribution_testing:Open Question 3.3,canonne_distribution_testing,Topics and Techniques in Distribution Testing: A Biased but Representative Sample,Open Question 3.3,132,High-confidence instance-dependent testing,Determine tight confidence dependence in the instance-dependent lower bounds of Section 3.5.,question,source_open_unchecked,not_imported,,,,
canonne_distribution_testing:Open Question 4.1,canonne_distribution_testing,Topics and Techniques in Distribution Testing: A Biased but Representative Sample,Open Question 4.1,144,Soft information constraints,Minimize distribution-testing cost under a general cost function for user communication or privacy.,research_direction,source_open_unchecked,not_imported,,,,
canonne_distribution_testing:Open Question 4.2,canonne_distribution_testing,Topics and Techniques in Distribution Testing: A Biased but Representative Sample,Open Question 4.2,144; 145,Heterogeneous information constraints,"Develop testing techniques for users with different privacy, bandwidth or channel constraints.",research_direction,source_open_unchecked,not_imported,,,,
canonne_distribution_testing:Open Question 4.3,canonne_distribution_testing,Topics and Techniques in Distribution Testing: A Biased but Representative Sample,Open Question 4.3,145,Testing with an unknown domain at users,What distributed uniformity testing is possible when only the server knows the domain size?,question,source_open_unchecked,not_imported,,,,
"personal-10:Introduction, derandomization",personal-10,The Discrepancy Method: Randomness and Complexity,"Introduction, derandomization",10,P versus BPP,Can every bounded-error randomized polynomial-time decision algorithm be derandomized in polynomial time?,question,source_open_unchecked,existing_record,TCS-0003,,Same target is already represented; retain its existing identifier.,
"personal-10:2, elliptic curves",personal-10,The Discrepancy Method: Randomness and Complexity,"2, elliptic curves",122,Computing the rank of rational elliptic curves,Is there an unconditional algorithm computing the rank of the group of rational points of every elliptic curve over the rationals?,question,source_open_unchecked,not_imported,,,,
"personal-10:Minimum spanning trees, notes",personal-10,The Discrepancy Method: Randomness and Complexity,"Minimum spanning trees, notes",444; 445,Deterministic linear-time minimum spanning tree,Can an exact minimum spanning tree be computed deterministically in linear time for arbitrary comparable edge weights?,question,source_open_unchecked,existing_record,TCS-6536,,Same target is already represented; retain its existing identifier.,
"personal-26:4.4.2, unknot certificates",personal-26,The Nature of Computation,"4.4.2, unknot certificates",134; 135,Polynomial Reidemeister simplification of the unknot,Can every unknot diagram be simplified to a circle with polynomially many Reidemeister moves in its crossing number?,question,resolved_positive,not_imported_resolved,,Lackenby proves a polynomial upper bound on moves needed to simplify an unknot diagram. This certificate-length theorem does not itself yield polynomial-time unknot recognition.,,https://arxiv.org/abs/1302.0180
personal-26:11.4,personal-26,The Nature of Computation,11.4,556,P versus BPP,Does randomized polynomial-time decision computation have the same power as deterministic polynomial time?,question,source_open_unchecked,existing_record,TCS-0003,,Same target is already represented; retain its existing identifier.,
"personal-26:12, square-lattice colouring",personal-26,The Nature of Computation,"12, square-lattice colouring",642,Mixing for four- and five-colour square lattices,"Establish the source spatial-mixing and Glauber-mixing claims for four and five colours, with boundary conditions specified.",research_direction,source_open_unchecked,not_imported,,,,
